Source File	Size	loadResources	load	generateSnapshots	load-configure	scan	loadDepInfo	loadInfo	checkR4R4B	generateNarratives	validate	loadLists	checkConformanceResources	checkConformanceResources2	checkConformanceResources3	generateLogicalMaps	validateExpressions	scanForUsageStats	checkURLsUnique	processProvenanceDetails	generate1	generate2	generateLogicals	makeDependencies	generateExampleZip	generateValidationPack	scanProfilesForR5	scanExamplesForR5
/fsh-generated/resources/ImplementationGuide-dk.ehealth.sundhed.fhir.ig.core.json	646792	-	0	0	0	0	0	0	66	83	0	0	0	0	0	0	0	4	0	0	1590	843	0	0	0	60	0	19
fsh-generated/resources/Appointment-appointment01.json	2562	3	0	0	0	0	0	0	0	66	0	0	0	0	0	0	0	0	0	0	16	23	0	0	0	0	0	0
fsh-generated/resources/Appointment-group-appointment01.json	5494	2	0	0	3	0	0	0	1	770	0	0	0	0	0	0	0	0	0	0	26	27	0	0	0	0	0	0
fsh-generated/resources/Appointment-group-videoappointment01.json	4304	2	0	0	1	0	0	0	0	20	0	0	0	0	0	0	0	0	0	0	20	16	0	0	0	0	0	0
fsh-generated/resources/Appointment-videoappointment01.json	3439	3	0	0	0	0	0	0	1	17	0	0	0	0	0	0	0	0	0	0	18	13	0	0	0	0	0	0
fsh-generated/resources/CareTeam-108752.json	560	0	0	0	0	0	0	0	0	1	0	0	0	0	0	0	0	0	0	0	5	8	0	0	0	0	0	0
fsh-generated/resources/CareTeam-42.json	555	1	0	0	0	0	0	0	0	1	0	0	0	0	0	0	0	0	0	0	5	4	0	0	0	0	0	0
fsh-generated/resources/CodeSystem-MessageTypeCS.json	526	1	0	0	0	0	0	0	0	5	0	0	1	0	0	0	0	0	0	0	9	57	0	0	0	0	0	0
fsh-generated/resources/CodeSystem-ehealth-carecommunication-category.json	1853	1	0	0	0	0	0	0	0	2	0	0	0	0	0	0	0	0	0	0	16	54	0	0	0	0	0	0
fsh-generated/resources/CodeSystem-ehealth-carecommunication-priority.json	528	1	0	0	0	0	0	0	1	2	0	0	0	0	0	0	0	0	0	0	9	38	0	0	0	1	0	0
fsh-generated/resources/CodeSystem-ehealth-message-channel.json	426	0	0	0	1	0	0	0	0	1	0	0	0	0	0	0	0	0	0	0	6	34	0	0	0	0	0	0
fsh-generated/resources/CodeSystem-ehealth-telecom-purpose.json	498	1	0	0	0	0	0	0	0	1	0	0	0	0	0	0	0	0	0	0	8	32	0	0	0	0	0	0
fsh-generated/resources/Condition-42.json	523	1	0	0	0	0	0	0	0	1	0	0	0	0	0	0	0	0	0	0	6	10	0	0	0	0	0	0
fsh-generated/resources/Consent-1.json	901	1	0	0	0	0	0	0	0	73	0	0	0	0	0	0	0	0	0	0	19	13	0	0	0	0	0	0
fsh-generated/resources/Consent-23.json	1291	1	0	0	0	0	0	0	0	2	0	0	0	0	0	0	0	0	0	0	21	9	0	0	0	0	0	0
fsh-generated/resources/EpisodeOfCare-42.json	1102	1	0	0	0	0	0	0	0	6	0	0	0	0	0	0	0	0	0	0	9	12	0	0	0	0	0	0
fsh-generated/resources/Organization-108752.json	2388	1	0	0	0	0	0	0	1	2	0	0	0	0	0	0	0	0	0	0	11	10	0	0	0	0	0	0
fsh-generated/resources/Organization-8564.json	2364	2	0	0	0	0	0	0	0	2	0	0	0	0	0	0	0	0	0	0	9	6	0	0	0	0	0	0
fsh-generated/resources/Parameters-expParam.json	153	0	0	0	0	0	0	0	0	0	0	0	0	0	0	0	0	0	0	0	4	4	0	0	0	0	0	0
fsh-generated/resources/Patient-102.json	1550	2	0	0	0	0	0	0	0	1	0	0	0	0	0	0	0	0	0	0	7	11	0	0	0	0	0	0
fsh-generated/resources/Patient-291.json	651	0	0	0	0	0	0	0	0	1	0	0	0	0	0	0	0	0	0	0	7	4	0	0	0	0	0	0
fsh-generated/resources/Practitioner-107302.json	302	1	0	0	1	0	0	0	0	1	0	0	0	0	0	0	0	0	0	0	4	6	0	0	0	0	0	0
fsh-generated/resources/Practitioner-123.json	299	1	0	0	0	0	0	0	0	0	0	0	0	0	0	0	0	0	0	0	5	3	0	0	0	0	0	0
fsh-generated/resources/Practitioner-42.json	298	1	0	0	0	0	0	0	0	0	0	0	0	0	0	0	0	0	0	0	4	4	0	0	0	0	0	0
fsh-generated/resources/Provenance-1.json	841	1	0	0	0	0	0	0	0	2	0	0	0	0	0	0	0	0	0	0	7	11	0	0	0	0	0	0
fsh-generated/resources/RelatedPerson-relatedperson-videosms.json	960	2	0	0	0	0	0	0	1	2	0	0	0	0	0	0	0	0	0	0	6	9	0	0	0	0	0	0
fsh-generated/resources/RelatedPerson-relatedperson01.json	1731	1	0	0	0	0	0	0	0	113	0	0	0	0	0	0	0	0	0	0	11	7	0	0	0	0	0	0
fsh-generated/resources/StructureDefinition-ehealth-access-consent.json	1260	1	0	34	0	0	0	1	0	24	0	0	0	0	0	0	0	0	0	0	169	784	0	1	0	5	0	1
fsh-generated/resources/StructureDefinition-ehealth-access-provenance.json	2613	1	0	21	0	0	0	0	0	17	0	0	0	0	0	0	0	1	0	0	126	244	0	0	0	3	0	0
fsh-generated/resources/StructureDefinition-ehealth-actionTrigger.json	5724	1	0	22	1	0	0	0	1	37	0	0	0	0	0	0	0	0	0	0	166	239	0	0	0	4	1	0
fsh-generated/resources/StructureDefinition-ehealth-actionguidance-for.json	3698	1	0	12	0	0	0	0	0	13	0	0	0	0	0	0	0	0	0	0	106	172	0	0	0	2	0	1
fsh-generated/resources/StructureDefinition-ehealth-actionguidance-type.json	1450	1	0	5	0	0	0	0	0	5	0	0	0	0	0	0	0	0	0	0	36	122	0	0	0	1	0	0
fsh-generated/resources/StructureDefinition-ehealth-actionguidance.json	5525	1	0	34	0	0	0	0	0	13	0	0	0	0	0	0	0	0	0	0	128	201	0	0	0	3	0	0
fsh-generated/resources/StructureDefinition-ehealth-activitydefinition.json	7397	1	0	71	0	0	0	0	0	19	0	0	1	0	0	0	0	1	0	0	256	332	0	0	0	8	0	0
fsh-generated/resources/StructureDefinition-ehealth-administrative-status.json	1601	1	0	6	0	0	0	0	0	5	0	0	0	0	0	0	0	0	0	0	41	127	0	0	0	1	0	0
fsh-generated/resources/StructureDefinition-ehealth-aggregate-group-id.json	1443	0	0	6	0	0	0	0	0	8	0	0	0	0	0	0	0	0	0	0	34	117	0	0	0	1	0	1
fsh-generated/resources/StructureDefinition-ehealth-aggregate-id.json	1415	1	0	5	0	0	1	0	0	5	0	0	0	0	0	0	0	0	0	0	34	114	0	0	0	1	0	0
fsh-generated/resources/StructureDefinition-ehealth-aggregation-mode.json	1421	0	0	5	0	0	0	0	0	4	0	0	0	0	0	0	0	0	0	0	35	111	0	0	0	1	0	0
fsh-generated/resources/StructureDefinition-ehealth-answer-Condition.json	3399	1	0	10	0	0	0	0	0	16	0	0	0	0	0	0	0	1	0	0	127	174	0	0	0	3	0	0
fsh-generated/resources/StructureDefinition-ehealth-appointment.json	9304	1	0	42	0	0	0	0	0	28	0	0	0	0	0	0	0	0	0	0	238	482	0	0	0	7	0	0
fsh-generated/resources/StructureDefinition-ehealth-artifact-date.json	1493	1	0	7	0	0	0	0	0	38	0	0	0	0	0	0	0	0	0	0	39	115	0	0	0	1	0	1
fsh-generated/resources/StructureDefinition-ehealth-assigning-careteam.json	1810	0	0	5	0	0	0	0	0	7	0	0	0	0	0	0	0	0	0	0	41	143	0	0	0	1	0	0
fsh-generated/resources/StructureDefinition-ehealth-auditevent.json	714	1	0	18	1	0	0	0	0	13	0	0	0	0	0	0	0	1	0	0	176	274	0	0	0	5	1	0
fsh-generated/resources/StructureDefinition-ehealth-base-environment.json	1425	0	0	5	0	0	0	0	0	5	0	0	0	0	0	0	0	0	0	0	56	146	0	0	0	1	0	0
fsh-generated/resources/StructureDefinition-ehealth-base.json	1314	1	0	3	0	0	0	0	0	5	0	0	0	0	0	0	0	0	0	0	54	145	0	0	0	2	0	1
fsh-generated/resources/StructureDefinition-ehealth-basic-title.json	1272	1	0	2	0	0	0	0	0	3	0	0	0	0	0	0	0	0	0	0	39	113	0	0	0	0	0	0
fsh-generated/resources/StructureDefinition-ehealth-carecommunication-datetime.json	1329	1	0	3	0	0	0	0	0	4	0	0	0	0	0	0	0	0	0	0	33	108	0	0	0	1	0	0
fsh-generated/resources/StructureDefinition-ehealth-carecommunication-destination.json	1534	0	0	4	0	0	0	0	0	3	0	0	0	0	0	0	0	0	0	0	34	118	0	0	0	1	0	0
fsh-generated/resources/StructureDefinition-ehealth-carecommunication-message-Type.json	1587	1	0	3	0	0	0	0	0	4	0	0	0	0	0	0	0	0	0	0	35	119	0	0	0	1	0	0
fsh-generated/resources/StructureDefinition-ehealth-carecommunication-origin.json	1526	1	0	3	0	0	0	0	1	4	0	0	0	0	0	0	0	0	0	0	36	115	0	0	0	1	0	0
fsh-generated/resources/StructureDefinition-ehealth-carecommunication-payload-identifier.json	1547	1	0	3	1	0	0	0	0	5	0	0	0	0	0	0	0	0	0	0	35	114	0	0	0	0	0	0
fsh-generated/resources/StructureDefinition-ehealth-carecommunication-sender.json	4845	1	0	8	0	0	0	0	0	17	0	0	0	0	0	0	0	0	0	0	129	168	0	0	0	2	0	0
fsh-generated/resources/StructureDefinition-ehealth-carecommunication.json	20581	2	0	236	0	0	0	0	0	59	0	0	0	0	0	0	0	1	0	0	452	417	0	0	0	9	0	1
fsh-generated/resources/StructureDefinition-ehealth-careplan-statusHistory.json	2469	1	0	9	0	0	0	0	0	9	0	0	1	0	0	0	0	0	0	0	81	139	0	0	0	2	0	1
fsh-generated/resources/StructureDefinition-ehealth-careplan-statusschedule.json	2642	0	0	7	0	0	0	0	0	9	0	0	0	0	0	0	0	0	1	0	81	140	0	0	0	1	0	0
fsh-generated/resources/StructureDefinition-ehealth-careplan.json	13489	2	0	35	0	0	0	0	1	44	0	0	0	0	0	0	0	1	0	0	393	536	0	1	0	7	1	1
fsh-generated/resources/StructureDefinition-ehealth-careteam.json	5248	1	0	11	0	0	0	0	0	16	0	0	0	0	0	0	0	0	0	0	177	271	0	0	0	4	0	0
fsh-generated/resources/StructureDefinition-ehealth-clinicalimpression-assessor-organization.json	1640	0	0	3	0	0	0	0	0	5	0	0	0	0	0	0	0	0	0	0	36	107	0	0	0	0	0	0
fsh-generated/resources/StructureDefinition-ehealth-clinicalimpression-assessor-other.json	1706	1	0	4	0	0	0	0	0	4	0	0	0	0	0	0	0	0	0	0	36	109	0	0	0	1	0	0
fsh-generated/resources/StructureDefinition-ehealth-clinicalimpression-careplan.json	1621	0	0	3	0	0	0	0	2	4	0	0	0	0	0	0	0	0	0	0	34	128	0	0	0	1	0	0
fsh-generated/resources/StructureDefinition-ehealth-clinicalimpression-decision.json	1556	1	0	4	1	0	0	0	0	4	0	0	0	0	0	0	0	1	0	0	36	89	0	0	0	0	0	0
fsh-generated/resources/StructureDefinition-ehealth-clinicalimpression-decisionContext.json	1649	0	0	3	0	0	0	1	0	3	0	0	0	0	0	0	0	0	0	0	35	104	0	0	0	1	0	0
fsh-generated/resources/StructureDefinition-ehealth-clinicalimpression-mediaInvestigationItem.json	1658	1	0	2	0	0	0	0	0	4	0	0	0	0	0	0	0	0	0	0	35	111	0	0	0	0	0	0
fsh-generated/resources/StructureDefinition-ehealth-clinicalimpression-otherItem.json	1698	1	0	2	0	0	0	0	0	3	0	0	0	0	0	0	0	0	0	0	38	114	0	0	0	1	0	1
fsh-generated/resources/StructureDefinition-ehealth-clinicalimpression-viewInvestigationItem.json	1649	1	0	2	1	0	0	0	0	3	0	0	0	0	0	0	0	0	0	0	35	88	0	0	0	1	0	0
fsh-generated/resources/StructureDefinition-ehealth-clinicalimpression.json	11014	1	0	21	0	0	0	0	2	22	0	0	0	0	0	0	0	0	0	0	256	160	0	0	0	4	0	0
fsh-generated/resources/StructureDefinition-ehealth-code-qualification.json	1426	1	0	6	0	0	0	0	0	4	0	0	0	0	0	0	0	0	0	0	34	77	0	0	0	2	0	0
fsh-generated/resources/StructureDefinition-ehealth-communication-recipientCareTeam.json	1599	1	0	6	0	0	0	0	0	4	0	0	0	0	0	0	0	0	0	0	38	78	0	0	0	0	0	0
fsh-generated/resources/StructureDefinition-ehealth-communication-request.json	3318	0	0	11	0	0	0	0	0	9	0	0	0	0	0	0	0	1	0	0	139	135	0	0	0	3	0	1
fsh-generated/resources/StructureDefinition-ehealth-communication-senderCareTeam.json	1575	1	0	4	0	0	0	0	1	4	0	0	0	0	0	0	0	0	0	0	36	84	0	0	0	1	0	0
fsh-generated/resources/StructureDefinition-ehealth-communication.json	6673	1	0	13	0	0	0	0	0	12	0	0	0	0	0	0	0	0	0	0	180	143	0	0	0	3	1	0
fsh-generated/resources/StructureDefinition-ehealth-composition-authorOrganization.json	1630	1	0	5	0	0	0	0	1	3	0	0	0	0	0	0	0	0	0	0	37	77	0	0	0	1	0	0
fsh-generated/resources/StructureDefinition-ehealth-composition.json	4928	0	0	15	0	0	0	0	0	17	0	0	0	0	0	0	0	1	0	0	221	160	0	0	0	4	0	1
fsh-generated/resources/StructureDefinition-ehealth-condition.json	4929	1	0	11	0	0	0	0	1	12	0	0	1	0	0	0	0	0	0	0	187	274	0	0	0	4	0	0
fsh-generated/resources/StructureDefinition-ehealth-consent-affiliation.json	1759	1	0	2	1	0	0	0	0	5	0	0	0	0	0	0	0	0	0	0	37	82	0	0	0	1	0	0
fsh-generated/resources/StructureDefinition-ehealth-consent.json	4215	1	0	10	0	0	0	0	1	12	0	0	0	0	0	0	0	1	0	0	198	169	0	0	0	4	0	1
fsh-generated/resources/StructureDefinition-ehealth-content.json	1866	1	0	2	0	0	0	0	0	4	0	0	0	0	0	0	0	0	0	0	42	79	0	0	0	0	0	0
fsh-generated/resources/StructureDefinition-ehealth-creator.json	1402	0	0	3	0	0	0	0	0	4	0	0	0	0	0	0	0	0	0	0	34	80	0	0	0	1	0	0
fsh-generated/resources/StructureDefinition-ehealth-definedquestion.json	579	1	0	11	0	0	0	0	0	8	0	0	0	0	0	0	0	0	0	0	164	153	0	0	0	4	0	0
fsh-generated/resources/StructureDefinition-ehealth-description.json	1256	0	0	1	0	0	0	0	0	4	0	0	0	0	0	0	0	0	0	0	33	123	0	0	0	0	0	0
fsh-generated/resources/StructureDefinition-ehealth-device-platform.json	1665	1	0	3	0	0	0	0	0	3	0	0	0	0	0	0	0	1	0	0	36	82	0	0	0	1	0	0
fsh-generated/resources/StructureDefinition-ehealth-device-privatelyOwned.json	1409	1	0	2	0	0	0	0	0	3	0	0	0	0	0	0	0	0	0	0	33	81	0	0	0	0	0	0
fsh-generated/resources/StructureDefinition-ehealth-device-registrationToken.json	1611	0	0	1	1	0	0	0	0	3	0	0	0	0	0	0	0	0	0	0	35	79	0	0	0	1	0	0
fsh-generated/resources/StructureDefinition-ehealth-device-suppliers.json	3210	1	0	4	0	0	0	0	0	8	0	0	0	0	0	0	0	0	0	0	84	93	0	0	0	1	0	1
fsh-generated/resources/StructureDefinition-ehealth-device.json	4248	1	0	13	0	0	0	0	0	14	0	0	0	0	0	0	0	0	0	0	215	166	0	0	0	4	1	0
fsh-generated/resources/StructureDefinition-ehealth-devicemetric-calibrationExpires.json	1446	1	0	3	0	0	0	0	0	5	0	0	0	0	0	0	0	1	0	0	35	77	0	0	0	1	0	0
fsh-generated/resources/StructureDefinition-ehealth-devicemetric-properties.json	3490	1	0	4	0	0	0	0	0	13	0	0	0	0	0	0	0	0	0	0	119	96	0	0	0	2	0	0
fsh-generated/resources/StructureDefinition-ehealth-devicemetric-qualities.json	2781	1	0	6	0	0	0	0	0	11	0	0	0	0	0	0	0	0	0	0	91	90	0	0	0	2	0	1
fsh-generated/resources/StructureDefinition-ehealth-devicemetric-qualityHistory.json	4101	1	0	6	0	0	0	0	0	11	0	0	0	0	0	0	0	0	0	0	135	102	0	0	0	2	0	0
fsh-generated/resources/StructureDefinition-ehealth-devicemetric-templateQualities.json	2972	1	0	5	1	0	0	0	0	9	0	0	0	0	0	0	0	0	0	0	93	92	0	0	0	1	0	0
fsh-generated/resources/StructureDefinition-ehealth-devicemetric.json	4210	1	0	6	0	0	0	0	0	9	0	0	0	0	0	0	0	1	0	0	124	117	0	0	0	3	0	0
fsh-generated/resources/StructureDefinition-ehealth-deviceusestatement-context.json	1565	0	0	3	0	0	0	0	0	4	0	0	0	0	0	0	0	0	0	0	35	83	0	1	0	0	0	1
fsh-generated/resources/StructureDefinition-ehealth-deviceusestatement.json	3743	1	0	7	0	0	0	0	0	8	0	0	0	0	0	0	0	0	0	0	116	123	0	0	0	2	0	0
fsh-generated/resources/StructureDefinition-ehealth-document-sharing-state.json	1566	1	0	3	0	0	0	0	0	4	0	0	0	0	0	0	0	0	0	0	36	71	0	0	0	1	0	0
fsh-generated/resources/StructureDefinition-ehealth-documentreference.json	9197	1	0	22	0	0	0	0	3	20	0	0	0	0	0	0	0	1	0	0	279	217	0	0	0	5	0	1
fsh-generated/resources/StructureDefinition-ehealth-effectivePeriod.json	1385	0	0	4	0	0	0	0	0	4	0	0	0	0	0	0	0	0	0	0	35	72	0	0	0	1	0	0
fsh-generated/resources/StructureDefinition-ehealth-employee-title.json	1263	1	0	2	0	0	0	0	0	3	0	0	0	0	0	0	0	0	0	0	33	71	0	0	0	1	1	0
fsh-generated/resources/StructureDefinition-ehealth-enableBehavior-conditionId.json	1301	1	0	2	0	0	0	0	0	3	0	0	0	0	0	0	0	0	0	0	32	72	0	0	0	0	0	0
fsh-generated/resources/StructureDefinition-ehealth-end-meeting-on-end-time.json	1378	0	0	2	1	0	0	0	0	3	0	0	0	0	0	0	0	0	0	0	34	73	0	0	0	1	0	0
fsh-generated/resources/StructureDefinition-ehealth-endpoint.json	953	1	0	6	0	0	0	0	0	5	0	0	1	0	0	0	0	0	0	0	69	94	0	0	0	1	0	0
fsh-generated/resources/StructureDefinition-ehealth-episodeofcare-caremanagerOrganization.json	1627	0	0	2	0	0	0	0	0	3	0	0	0	0	0	0	0	0	0	0	35	76	0	0	0	1	0	0
fsh-generated/resources/StructureDefinition-ehealth-episodeofcare-statusschedule.json	2727	1	0	6	0	0	0	0	0	6	0	0	0	0	0	0	0	0	0	0	82	89	0	0	0	1	0	0
fsh-generated/resources/StructureDefinition-ehealth-episodeofcare.json	5569	1	0	16	0	0	0	0	0	13	0	0	0	0	0	0	0	1	0	0	196	153	0	0	0	4	0	1
fsh-generated/resources/StructureDefinition-ehealth-ext-careteam.json	1399	1	0	2	0	0	0	0	0	4	0	0	0	0	0	0	0	0	0	0	35	73	0	0	0	0	0	0
fsh-generated/resources/StructureDefinition-ehealth-external-identifier.json	1424	0	0	3	0	0	0	0	0	3	0	0	0	0	0	0	0	0	0	0	34	109	0	0	0	1	0	0
fsh-generated/resources/StructureDefinition-ehealth-general-health-condition.json	2945	1	0	5	0	0	0	0	0	6	0	0	0	0	0	0	0	0	0	0	83	84	0	0	0	1	0	0
fsh-generated/resources/StructureDefinition-ehealth-goal.json	2873	1	0	9	0	0	0	0	0	4	0	0	0	0	0	0	0	0	0	0	116	123	0	0	0	3	0	0
fsh-generated/resources/StructureDefinition-ehealth-group-appointment.json	11669	1	0	16	1	0	0	0	0	15	0	0	0	0	0	0	0	1	0	0	263	228	0	0	0	5	0	1
fsh-generated/resources/StructureDefinition-ehealth-group-id.json	1521	1	0	2	0	0	0	0	0	4	0	0	0	0	0	0	0	0	0	0	36	75	0	0	0	1	0	0
fsh-generated/resources/StructureDefinition-ehealth-group-videoappointment.json	14447	1	0	16	0	0	0	0	0	13	0	0	0	0	0	0	0	1	0	0	308	226	0	0	0	6	0	1
fsh-generated/resources/StructureDefinition-ehealth-guest-pin-code.json	1449	1	0	2	0	0	0	0	0	2	0	0	0	0	0	0	0	0	0	0	34	77	0	0	0	0	1	0
fsh-generated/resources/StructureDefinition-ehealth-guidanceresponse-episodeOfCare.json	1431	1	0	2	0	0	0	0	0	2	0	0	0	0	0	0	0	0	0	0	33	108	0	0	0	1	0	0
fsh-generated/resources/StructureDefinition-ehealth-guidanceresponse.json	3309	0	0	5	0	0	0	0	1	7	0	0	0	0	0	0	0	0	0	0	102	146	0	0	0	2	0	0
fsh-generated/resources/StructureDefinition-ehealth-host-pin-code.json	1548	1	0	2	0	0	0	0	0	3	0	0	0	0	0	0	0	0	0	0	34	76	0	0	0	1	0	0
fsh-generated/resources/StructureDefinition-ehealth-include-as-extra.json	1701	1	0	4	0	0	0	0	0	3	0	0	0	0	0	0	0	0	0	0	34	78	0	0	0	0	0	0
fsh-generated/resources/StructureDefinition-ehealth-intendedAudience.json	1739	0	0	1	1	0	0	0	0	3	0	0	0	0	0	0	0	0	0	0	36	72	0	0	0	1	0	0
fsh-generated/resources/StructureDefinition-ehealth-intendedOrganization.json	1607	1	0	1	0	0	0	0	0	2	0	0	0	0	0	0	0	0	0	0	35	78	0	0	0	1	0	0
fsh-generated/resources/StructureDefinition-ehealth-itcompetencelevel.json	3261	1	0	4	0	0	0	0	0	4	0	0	0	0	0	0	0	0	0	0	103	92	0	0	0	1	0	1
fsh-generated/resources/StructureDefinition-ehealth-legalBasis.json	1340	1	0	1	0	0	0	0	0	2	0	0	0	0	0	0	0	1	0	0	34	72	0	0	0	1	0	0
fsh-generated/resources/StructureDefinition-ehealth-library.json	3217	1	0	10	0	0	0	0	0	13	0	0	0	0	0	0	0	0	0	0	156	181	0	0	0	3	0	0
fsh-generated/resources/StructureDefinition-ehealth-managing-organization.json	3309	0	0	2	1	0	0	0	0	8	0	0	0	0	0	0	0	0	0	0	95	131	0	0	0	2	0	0
fsh-generated/resources/StructureDefinition-ehealth-manuallydeprecated-type.json	1370	1	0	3	0	0	0	0	0	3	0	0	0	0	0	0	0	0	0	0	34	97	0	0	0	0	0	0
fsh-generated/resources/StructureDefinition-ehealth-material-communication.json	4453	1	0	11	0	0	0	0	0	11	0	0	1	0	0	0	0	1	0	0	229	169	0	1	0	4	0	1
fsh-generated/resources/StructureDefinition-ehealth-max-participants.json	1424	1	0	1	0	0	0	0	0	3	0	0	0	0	0	0	0	0	0	0	34	90	0	0	0	1	0	0
fsh-generated/resources/StructureDefinition-ehealth-media-related-to.json	1464	0	0	2	0	0	0	0	0	3	0	0	0	0	0	0	0	0	0	0	35	80	0	0	0	0	0	0
fsh-generated/resources/StructureDefinition-ehealth-media-series-id.json	1247	1	0	2	0	0	0	0	0	3	0	0	0	0	0	0	0	0	0	0	33	70	0	0	0	1	0	0
fsh-generated/resources/StructureDefinition-ehealth-media-thumbnail.json	4890	1	0	5	0	0	0	0	0	13	0	0	0	0	0	0	0	0	0	0	149	103	0	0	0	2	1	0
fsh-generated/resources/StructureDefinition-ehealth-media-usage-mode.json	1399	1	0	1	1	0	0	0	0	3	0	0	0	0	0	0	0	0	0	0	36	75	0	0	0	1	0	1
fsh-generated/resources/StructureDefinition-ehealth-media.json	8624	1	0	19	0	0	0	0	0	14	0	0	0	0	0	0	0	1	0	0	221	155	0	0	0	4	0	0
fsh-generated/resources/StructureDefinition-ehealth-meeting-url.json	1410	1	0	2	0	0	0	0	0	4	0	0	0	0	0	1	0	0	0	0	34	71	0	0	0	1	0	0
fsh-generated/resources/StructureDefinition-ehealth-message-author.json	2448	1	0	3	1	0	0	0	0	3	0	0	0	0	0	0	0	0	0	0	38	110	0	0	0	1	0	0
fsh-generated/resources/StructureDefinition-ehealth-message.json	15420	1	0	25	0	0	0	0	2	22	0	0	0	0	0	0	0	1	0	0	347	191	0	0	0	6	0	1
fsh-generated/resources/StructureDefinition-ehealth-modifier-role.json	3089	1	0	5	0	0	0	0	0	7	0	0	0	0	0	0	0	0	0	0	84	84	0	0	0	1	0	0
fsh-generated/resources/StructureDefinition-ehealth-nameandaddressprotection.json	1643	1	0	3	0	0	0	0	0	4	0	0	0	0	0	0	0	0	0	0	34	70	0	0	0	1	0	0
fsh-generated/resources/StructureDefinition-ehealth-observation-method.json	1477	1	0	3	0	0	0	0	0	3	0	0	0	0	0	0	0	0	0	0	35	68	0	0	0	1	0	0
fsh-generated/resources/StructureDefinition-ehealth-observation-wound-dimensions.json	9353	1	0	41	0	0	0	0	0	365	0	0	0	0	0	0	0	1	0	0	481	740	0	0	0	8	0	2
fsh-generated/resources/StructureDefinition-ehealth-observation.json	5853	1	0	1	0	0	0	0	0	17	0	0	0	0	0	0	0	1	0	0	245	171	0	0	0	5	0	0
fsh-generated/resources/StructureDefinition-ehealth-on-behalf-of.json	1433	1	0	2	1	0	0	0	0	4	0	0	0	0	0	0	0	0	0	0	35	75	0	0	0	1	1	0
fsh-generated/resources/StructureDefinition-ehealth-organization-cvrNumber.json	1480	0	0	2	0	0	0	0	0	3	0	0	0	0	0	0	0	0	0	0	34	74	0	0	0	0	0	0
fsh-generated/resources/StructureDefinition-ehealth-organization-municipalityCode.json	1488	1	0	3	0	0	0	0	0	3	0	0	0	0	0	0	0	0	0	0	36	74	0	0	0	2	0	0
fsh-generated/resources/StructureDefinition-ehealth-organization-providerIdentifier.json	1983	1	0	2	0	0	0	0	0	3	0	0	1	0	0	0	0	0	0	0	41	76	0	0	0	1	0	0
fsh-generated/resources/StructureDefinition-ehealth-organization-regionCode.json	1334	1	0	2	0	0	0	0	0	2	0	0	0	0	0	0	0	0	0	0	33	74	0	0	0	1	0	0
fsh-generated/resources/StructureDefinition-ehealth-organization-relatedTo.json	6254	1	0	5	0	0	0	0	1	11	0	0	0	0	0	0	0	0	0	0	270	122	0	0	0	6	0	1
fsh-generated/resources/StructureDefinition-ehealth-organization-source.json	1461	1	0	1	0	0	0	0	0	2	0	0	0	0	0	0	0	0	0	0	34	76	0	0	0	0	0	0
fsh-generated/resources/StructureDefinition-ehealth-organization-specialty.json	3055	0	0	4	1	0	0	0	0	4	0	0	0	0	0	0	0	0	0	0	90	90	0	0	0	2	0	0
fsh-generated/resources/StructureDefinition-ehealth-organization-synchronizationStatus.json	1601	1	0	2	0	0	0	0	0	2	0	0	0	0	0	0	0	0	0	0	35	78	0	0	0	0	0	0
fsh-generated/resources/StructureDefinition-ehealth-organization-telecomCustodian.json	1542	1	0	2	0	0	0	0	0	2	0	0	0	0	0	0	0	0	0	0	35	77	0	0	0	1	0	0
fsh-generated/resources/StructureDefinition-ehealth-organization-telecomSystem.json	1777	1	0	3	0	0	0	0	0	3	0	0	0	0	0	0	0	1	0	0	36	76	0	0	0	1	0	0
fsh-generated/resources/StructureDefinition-ehealth-organization-telecomValue.json	1453	1	0	1	0	0	0	0	0	2	0	0	0	0	0	0	0	0	0	0	33	78	0	0	0	0	0	0
fsh-generated/resources/StructureDefinition-ehealth-organization.json	7315	1	0	15	0	0	0	0	0	12	0	0	0	0	0	0	0	0	0	0	288	235	0	0	0	5	0	1
fsh-generated/resources/StructureDefinition-ehealth-overviewUsageMode.json	1723	0	0	2	1	0	0	0	0	3	0	0	0	0	0	0	0	0	0	0	35	77	0	0	0	1	1	0
fsh-generated/resources/StructureDefinition-ehealth-participant.json	3679	1	0	3	0	0	0	0	0	5	0	0	0	0	0	0	0	1	0	0	101	95	0	1	0	2	0	0
fsh-generated/resources/StructureDefinition-ehealth-patient-contactnote.json	1479	1	0	1	0	0	0	0	0	2	0	0	0	0	0	0	0	0	0	0	34	76	0	0	0	0	0	1
fsh-generated/resources/StructureDefinition-ehealth-patient.json	8650	1	0	28	0	0	0	0	0	24	0	0	0	0	0	0	0	1	0	0	509	347	0	0	0	11	0	1
fsh-generated/resources/StructureDefinition-ehealth-performer.json	1598	1	0	3	0	0	0	0	0	3	0	0	0	0	0	0	0	0	0	0	36	105	0	0	0	0	0	0
fsh-generated/resources/StructureDefinition-ehealth-performing-organization.json	1591	1	0	1	0	0	0	0	0	2	0	0	0	0	0	0	0	0	0	0	34	103	0	0	0	1	0	0
fsh-generated/resources/StructureDefinition-ehealth-period.json	1455	1	0	1	1	0	0	0	0	2	0	0	0	0	0	0	0	0	0	0	34	101	0	0	0	1	0	1
fsh-generated/resources/StructureDefinition-ehealth-plandefinition.json	7023	1	0	13	0	0	0	0	0	73	0	0	0	0	0	0	0	2	0	0	326	215	0	0	0	6	0	0
fsh-generated/resources/StructureDefinition-ehealth-practitioner.json	2622	0	0	10	0	0	0	0	0	8	0	0	1	0	0	0	0	1	0	0	168	150	0	0	0	4	0	1
fsh-generated/resources/StructureDefinition-ehealth-practitionerrole.json	1529	1	0	7	0	0	0	0	0	4	0	0	0	0	0	0	0	0	0	0	105	102	0	0	0	2	1	0
fsh-generated/resources/StructureDefinition-ehealth-predecessor.json	1370	1	0	3	0	0	0	0	0	3	0	0	0	0	0	0	0	0	0	0	54	79	0	0	0	1	0	0
fsh-generated/resources/StructureDefinition-ehealth-priority.json	1356	0	0	2	0	0	0	0	0	1	0	0	0	0	0	0	0	0	0	0	34	71	0	0	0	0	0	0
fsh-generated/resources/StructureDefinition-ehealth-provenance-dateTimeOfReusedEntity.json	1465	1	0	3	0	0	0	0	0	2	0	0	0	0	0	0	0	0	0	0	40	73	0	0	0	1	0	0
fsh-generated/resources/StructureDefinition-ehealth-provenance.json	2812	1	0	10	0	0	0	0	0	5	0	0	0	0	0	0	0	0	0	0	122	110	0	0	0	3	0	1
fsh-generated/resources/StructureDefinition-ehealth-provider-affiliation.json	4031	1	0	5	0	0	0	0	0	7	0	0	0	0	0	0	0	1	0	0	145	120	0	0	0	3	0	0
fsh-generated/resources/StructureDefinition-ehealth-purpose.json	1209	0	0	2	1	0	0	0	0	3	0	0	0	0	0	0	0	0	0	0	33	72	0	0	0	0	0	0
fsh-generated/resources/StructureDefinition-ehealth-quality.json	4182	1	0	3	0	0	0	0	1	6	0	0	0	0	0	0	0	0	0	0	94	89	0	1	0	2	0	0
fsh-generated/resources/StructureDefinition-ehealth-questionnaire-advanced.json	2141	1	0	187	0	0	0	0	0	12	0	0	0	0	0	0	0	1	0	0	306	457	0	0	0	6	0	1
fsh-generated/resources/StructureDefinition-ehealth-questionnaire-answerSignificance.json	3069	1	0	7	0	0	0	0	0	4	0	0	0	0	0	0	0	0	0	0	76	130	0	0	0	2	0	0
fsh-generated/resources/StructureDefinition-ehealth-questionnaire-feedback.json	3234	1	0	6	0	0	0	0	0	5	0	0	0	0	0	0	0	0	0	0	102	120	0	0	0	2	1	1
fsh-generated/resources/StructureDefinition-ehealth-questionnaire-helpText.json	2999	0	0	3	0	0	0	0	0	4	0	0	0	0	0	0	0	0	0	0	84	93	0	0	0	1	0	0
fsh-generated/resources/StructureDefinition-ehealth-questionnaire-image.json	5991	2	0	4	0	0	0	0	0	15	0	0	0	0	0	0	0	1	0	0	258	149	0	0	0	4	0	0
fsh-generated/resources/StructureDefinition-ehealth-questionnaire-intendedOrganization.json	1692	0	0	2	1	0	0	0	0	2	0	0	0	0	0	0	0	0	0	0	35	74	0	0	0	1	0	0
fsh-generated/resources/StructureDefinition-ehealth-questionnaire-item-is-copyright.json	1552	1	0	2	0	0	0	0	0	3	0	0	0	0	0	0	0	0	0	0	34	70	0	0	0	0	0	0
fsh-generated/resources/StructureDefinition-ehealth-questionnaire-recommendation.json	1596	1	0	4	0	0	0	0	0	2	0	0	0	0	0	0	0	0	0	0	34	71	0	0	0	1	0	0
fsh-generated/resources/StructureDefinition-ehealth-questionnaire-shortText.json	1285	1	0	2	0	0	0	0	0	2	0	0	0	0	0	0	0	0	0	0	33	71	0	0	0	0	0	0
fsh-generated/resources/StructureDefinition-ehealth-questionnaire-sliderStepValueDecimal.json	1486	0	0	1	0	0	0	0	0	3	0	0	0	0	0	0	0	0	0	0	34	80	0	0	0	1	0	1
fsh-generated/resources/StructureDefinition-ehealth-questionnaire-type.json	1518	1	0	2	0	0	0	0	0	2	0	0	0	0	0	0	0	0	0	0	34	77	0	0	0	1	0	0
fsh-generated/resources/StructureDefinition-ehealth-questionnaire.json	18579	2	0	2	1	0	0	0	0	26	0	0	0	0	0	0	0	1	0	0	468	293	0	0	0	9	0	0
fsh-generated/resources/StructureDefinition-ehealth-questionnaireresponse-finding-basis.json	4821	1	0	4	0	0	0	0	1	8	0	0	0	0	0	0	0	0	0	0	154	113	0	0	0	3	0	1
fsh-generated/resources/StructureDefinition-ehealth-questionnaireresponse.json	5831	1	0	12	0	0	1	0	0	7	0	0	1	0	0	0	0	1	0	0	169	140	0	1	0	3	0	0
fsh-generated/resources/StructureDefinition-ehealth-recommendation.json	1490	1	0	2	0	0	0	0	0	2	0	0	0	0	0	0	0	0	0	0	35	74	0	0	0	1	0	0
fsh-generated/resources/StructureDefinition-ehealth-reference-careplan.json	1457	0	0	3	0	0	0	0	0	2	0	0	0	0	0	0	0	0	0	0	34	83	0	0	0	0	0	0
fsh-generated/resources/StructureDefinition-ehealth-referenceRange.json	3502	1	0	3	0	0	0	0	0	5	0	0	0	0	0	0	0	0	0	0	101	96	0	0	0	2	1	1
fsh-generated/resources/StructureDefinition-ehealth-registration-deadline.json	1285	1	0	2	0	0	0	0	0	2	0	0	0	0	0	0	0	0	0	0	33	74	0	0	0	1	0	0
fsh-generated/resources/StructureDefinition-ehealth-relatedperson.json	4455	1	0	13	0	0	0	0	0	10	0	0	0	0	0	0	0	0	0	0	191	148	0	0	0	3	0	0
fsh-generated/resources/StructureDefinition-ehealth-releasableResource.json	1441	1	0	2	1	0	0	0	0	2	0	0	0	0	0	0	0	0	0	0	34	74	0	0	0	1	0	0
fsh-generated/resources/StructureDefinition-ehealth-resolved-timing.json	4766	1	0	4	0	0	0	0	0	6	0	0	0	0	0	0	0	1	0	0	127	117	0	0	0	2	0	1
fsh-generated/resources/StructureDefinition-ehealth-responsible-organization.json	1553	1	0	2	0	0	0	0	0	2	0	0	0	0	0	0	0	0	0	0	36	75	0	0	0	1	0	0
fsh-generated/resources/StructureDefinition-ehealth-responsible.json	1660	0	0	2	0	0	0	0	1	3	0	0	0	0	0	0	0	0	0	0	36	75	0	0	0	1	0	0
fsh-generated/resources/StructureDefinition-ehealth-restriction-category.json	1538	1	0	1	1	0	0	0	0	2	0	0	0	0	0	0	0	0	0	0	36	119	0	0	0	0	0	0
fsh-generated/resources/StructureDefinition-ehealth-reuseCriteria.json	4835	1	0	5	0	0	0	0	0	8	0	0	0	0	0	0	0	0	0	0	144	103	0	0	0	3	0	0
fsh-generated/resources/StructureDefinition-ehealth-revision.json	1256	1	0	1	0	0	0	0	0	3	0	0	0	0	0	0	0	0	0	0	33	73	0	0	0	0	0	0
fsh-generated/resources/StructureDefinition-ehealth-servicerequest-statusHistory.json	2505	1	0	6	0	0	0	0	0	7	0	0	0	0	0	0	0	0	0	0	81	87	0	0	0	2	0	0
fsh-generated/resources/StructureDefinition-ehealth-servicerequest-statusSchedule.json	2678	1	0	5	0	0	0	0	0	6	0	0	0	0	0	0	0	0	0	0	83	87	0	0	0	1	0	1
fsh-generated/resources/StructureDefinition-ehealth-servicerequest.json	9613	1	0	19	0	0	0	0	0	12	0	0	0	0	0	0	0	1	0	0	255	173	0	0	0	7	0	0
fsh-generated/resources/StructureDefinition-ehealth-sharingApprovalPolicy.json	1604	1	0	3	1	0	0	0	0	3	0	0	0	0	0	0	0	0	0	0	36	76	0	0	0	1	0	0
fsh-generated/resources/StructureDefinition-ehealth-sharingPolicy.json	1518	1	0	1	0	0	0	0	0	3	0	0	0	0	0	0	0	0	0	0	34	74	0	0	0	1	0	0
fsh-generated/resources/StructureDefinition-ehealth-skrs-patient.json	4021	1	0	17	0	0	0	0	0	7	0	0	0	0	0	0	0	1	0	0	207	185	0	0	0	4	1	1
fsh-generated/resources/StructureDefinition-ehealth-status.json	1355	0	0	2	0	0	0	0	0	3	0	0	0	0	0	0	0	0	0	0	35	76	0	0	0	1	0	0
fsh-generated/resources/StructureDefinition-ehealth-task-category.json	1391	1	0	3	0	0	0	0	0	2	0	0	0	0	0	0	0	0	0	0	34	68	0	0	0	0	0	0
fsh-generated/resources/StructureDefinition-ehealth-task-episodeOfCare.json	1375	1	0	3	0	0	0	0	0	2	0	0	0	0	0	0	0	0	0	0	35	71	0	0	0	1	0	0
fsh-generated/resources/StructureDefinition-ehealth-task-responsible.json	1777	1	0	2	1	0	0	0	0	3	0	0	0	0	0	0	0	0	0	0	35	71	0	0	0	1	0	0
fsh-generated/resources/StructureDefinition-ehealth-task.json	7673	1	0	22	0	0	0	0	0	10	0	0	0	0	0	0	0	1	0	0	263	201	0	0	0	5	0	1
fsh-generated/resources/StructureDefinition-ehealth-teamHistory.json	2729	1	0	3	0	0	0	0	0	4	0	0	0	0	0	0	0	0	0	0	82	86	0	0	0	1	0	0
fsh-generated/resources/StructureDefinition-ehealth-teamschedule.json	3441	1	0	4	0	0	0	0	0	6	0	0	0	0	0	0	0	0	0	0	102	91	0	0	0	2	0	0
fsh-generated/resources/StructureDefinition-ehealth-telecom-purpose.json	1505	0	0	2	0	0	0	0	0	2	0	0	0	0	0	0	0	0	0	0	35	73	0	1	0	1	0	0
fsh-generated/resources/StructureDefinition-ehealth-thread-id.json	1407	1	0	2	1	0	0	0	0	2	0	0	0	0	0	0	0	0	0	0	33	70	0	0	0	0	0	1
fsh-generated/resources/StructureDefinition-ehealth-title.json	1201	1	0	3	0	0	0	0	0	2	0	0	1	0	0	0	0	0	0	0	33	70	0	0	0	1	0	0
fsh-generated/resources/StructureDefinition-ehealth-transformation-documentreference.json	6219	1	0	19	0	0	0	0	0	8	0	0	0	0	0	0	0	1	0	0	226	144	0	0	0	4	0	0
fsh-generated/resources/StructureDefinition-ehealth-trigger-enablement-code.json	1669	1	0	2	0	0	0	0	0	2	0	0	0	0	0	0	0	0	0	0	36	72	0	0	0	1	0	0
fsh-generated/resources/StructureDefinition-ehealth-triggerCondition.json	3746	1	0	3	0	0	0	0	0	5	0	0	0	0	0	0	0	0	0	0	100	89	0	0	0	1	0	0
fsh-generated/resources/StructureDefinition-ehealth-usage.json	1197	0	0	2	0	0	0	0	0	3	0	0	0	0	0	0	0	0	0	0	34	70	0	0	0	1	0	0
fsh-generated/resources/StructureDefinition-ehealth-useContext.json	1324	1	0	1	1	0	0	0	1	3	0	0	0	0	0	0	0	0	0	0	34	70	0	0	0	0	0	1
fsh-generated/resources/StructureDefinition-ehealth-version.json	1219	1	0	2	0	0	0	0	0	2	0	0	0	0	0	0	0	0	0	0	36	69	0	0	0	1	1	0
fsh-generated/resources/StructureDefinition-ehealth-videoappointment.json	12520	1	0	21	0	0	0	0	0	13	0	0	0	0	0	0	0	1	0	0	310	207	0	0	0	7	0	0
fsh-generated/resources/StructureDefinition-ehealth-view-for.json	3651	1	0	6	0	0	0	0	0	5	0	0	0	0	0	0	0	0	0	0	109	87	0	0	0	2	0	1
fsh-generated/resources/StructureDefinition-ehealth-view-type.json	1350	1	0	2	0	0	0	0	0	3	0	0	0	0	0	0	0	0	0	0	34	68	0	0	0	0	0	0
fsh-generated/resources/StructureDefinition-ehealth-view.json	5475	1	0	9	0	0	0	0	0	6	0	0	0	0	0	0	0	0	0	0	129	101	0	0	0	3	0	0
fsh-generated/resources/StructureDefinition-ehealth-vmr-uri.json	1428	1	0	2	1	0	0	0	0	2	0	0	0	0	0	0	0	0	0	0	35	66	0	0	0	0	0	0
fsh-generated/resources/StructureDefinition-patient-interpreterRequired.json	1726	0	0	2	0	0	0	0	0	2	0	0	0	0	0	0	0	0	0	0	36	65	0	0	0	1	0	0
fsh-generated/resources/ValueSet-MessageType.json	762	1	0	0	0	0	0	0	0	36	0	0	0	0	0	0	0	0	0	0	8	51	0	0	0	0	0	0
fsh-generated/resources/ValueSet-ehealth-carecommunication-category.json	487	1	0	0	0	0	0	0	0	2	0	0	0	0	0	0	0	0	0	0	6	29	0	0	0	0	0	0
fsh-generated/resources/ValueSet-ehealth-carecommunication-mimetypes.json	1143	0	0	0	0	0	0	0	0	279	0	0	0	0	0	0	0	0	0	0	7	92	0	0	0	1	0	0
fsh-generated/resources/ValueSet-ehealth-carecommunication-priority.json	487	1	0	0	0	0	0	0	0	1	0	0	0	0	0	0	0	0	0	0	6	25	0	0	0	0	0	0
fsh-generated/resources/ValueSet-ehealth-message-channel.json	418	0	0	0	0	0	0	0	1	0	0	0	0	0	0	0	0	0	0	0	5	24	0	0	0	0	0	0
fsh-generated/resources/ValueSet-ehealth-telecom-purpose.json	402	0	0	0	0	0	0	0	0	1	0	0	0	0	0	0	0	0	0	0	6	24	0	0	0	0	0	0
input/examples/message01.json	1970	1	0	0	0	0	0	0	0	2	0	0	0	0	0	0	0	0	0	0	9	11	0	0	0	0	0	0
input/resources/CapabilityStatement-careplan.json	63802	4	0	0	1	0	0	0	7	78	0	0	0	0	0	0	0	1	0	0	264	71	0	1	0	8	0	1
input/resources/CapabilityStatement-device.json	17211	1	0	0	0	0	0	0	2	27	0	0	0	0	0	0	0	0	0	0	79	25	0	0	0	2	0	0
input/resources/CapabilityStatement-document-query.json	12161	1	0	0	0	0	0	0	1	16	0	0	0	0	0	0	0	0	0	0	61	15	0	0	0	1	0	0
input/resources/CapabilityStatement-document-transformation.json	26937	2	0	0	0	0	0	0	2	28	0	0	0	0	0	0	0	0	0	0	108	28	0	0	0	2	0	0
input/resources/CapabilityStatement-library.json	12727	1	0	0	0	0	0	0	2	15	0	0	0	0	0	0	0	0	0	0	57	17	0	0	0	1	0	1
input/resources/CapabilityStatement-measurement.json	31196	2	0	0	0	0	0	0	3	30	0	0	0	0	0	0	0	0	0	0	133	36	0	1	0	3	0	0
input/resources/CapabilityStatement-organization.json	32173	3	0	0	0	0	0	0	3	30	0	0	0	0	0	0	0	0	0	0	146	31	0	0	0	3	0	0
input/resources/CapabilityStatement-patient.json	245817	8	0	0	0	0	0	0	14	187	0	0	0	0	0	0	0	1	0	0	823	105	0	7	0	23	0	1
input/resources/CapabilityStatement-plan.json	35891	2	0	0	0	0	0	0	4	30	0	0	0	0	0	0	0	0	0	0	144	29	0	0	0	5	0	0
input/resources/CapabilityStatement-questionnaire.json	23047	2	0	0	1	0	0	0	3	21	0	0	0	0	0	0	0	0	0	0	96	21	0	0	0	3	0	1
input/resources/CapabilityStatement-reporting.json	397194	5	0	0	0	0	0	0	1	202	0	0	0	0	0	0	0	0	0	0	1284	97	0	0	0	35	0	1
input/resources/CapabilityStatement-task.json	20734	2	0	0	0	0	0	0	2	17	0	0	0	0	0	0	0	1	0	0	88	20	0	1	0	3	0	0
input/resources/CapabilityStatement-terminology.json	47551	3	0	0	0	0	0	0	6	41	0	0	0	0	0	0	0	0	0	0	184	45	0	0	0	10	0	0
input/resources/CodeSystem-EventTiming.json	5220	1	0	0	0	0	0	0	1	5	0	0	0	0	0	0	0	0	0	0	28	26	0	0	0	1	0	1
input/resources/CodeSystem-ICD11-MMS.json	18673	2	0	0	0	0	0	0	2	8	0	0	0	0	0	0	0	0	0	0	54	43	0	0	0	3	0	0
input/resources/CodeSystem-action-participant-function.json	2122	0	0	0	0	0	0	0	1	2	0	0	0	0	0	0	0	0	0	0	9	21	0	0	0	0	0	0
input/resources/CodeSystem-audit-restriction-levels.json	1376	1	0	0	0	0	0	0	0	1	0	0	0	0	0	0	0	0	0	0	7	20	0	0	0	0	0	0
input/resources/CodeSystem-care-plan-status.json	4060	0	0	0	0	0	0	0	0	2	0	0	0	0	0	0	0	0	0	0	13	21	0	0	0	1	0	0
input/resources/CodeSystem-ehealth-access-provenance-activity.json	775	1	0	0	0	0	0	0	1	0	0	0	0	0	0	0	0	0	0	0	6	18	0	0	0	0	0	0
input/resources/CodeSystem-ehealth-access-provenance-agent-role.json	877	0	0	0	1	0	0	0	0	1	0	0	0	0	0	0	0	0	0	0	6	18	0	0	0	0	0	0
input/resources/CodeSystem-ehealth-action-guidance-types.json	875	0	0	0	0	0	0	0	0	1	0	0	0	0	0	0	0	0	0	0	6	17	0	0	0	0	0	0
input/resources/CodeSystem-ehealth-action-type.json	879	1	0	0	0	0	0	0	0	1	0	0	0	0	0	0	0	0	0	0	6	19	0	0	0	0	0	0
input/resources/CodeSystem-ehealth-action.json	873	0	0	0	0	0	0	0	0	1	0	0	0	0	0	0	0	0	0	0	5	19	0	0	0	0	0	0
input/resources/CodeSystem-ehealth-activitydefinition-code.json	3086	1	0	0	0	0	0	0	1	2	0	0	0	0	0	0	0	0	0	0	12	21	0	0	0	1	0	0
input/resources/CodeSystem-ehealth-administrative-status.json	1341	0	0	0	0	0	0	1	0	1	0	0	0	0	0	0	0	0	0	0	7	19	0	0	0	0	0	0
input/resources/CodeSystem-ehealth-aggregation-mode-types.json	938	1	0	0	0	0	0	0	0	1	0	0	0	0	0	0	0	0	0	0	7	17	0	0	0	0	0	0
input/resources/CodeSystem-ehealth-appointment-reason.json	728	0	0	0	0	0	0	0	0	1	0	0	0	0	0	0	0	0	0	0	6	18	0	0	0	0	0	0
input/resources/CodeSystem-ehealth-appointment-servicetype.json	959	0	0	0	0	0	0	0	0	0	0	0	0	0	0	0	0	0	0	0	7	17	0	0	0	0	0	0
input/resources/CodeSystem-ehealth-appointmenttype-codes.json	1115	1	0	0	0	0	0	0	1	1	0	0	0	0	0	0	0	0	0	0	7	17	0	0	0	1	0	0
input/resources/CodeSystem-ehealth-basic-resource-type.json	987	0	0	0	0	0	0	0	0	1	0	0	1	0	0	0	0	0	0	0	6	16	0	0	0	0	0	0
input/resources/CodeSystem-ehealth-careplan-category.json	1389	1	0	0	0	0	0	0	0	1	0	0	0	0	0	0	0	0	0	0	8	18	0	0	0	0	0	0
input/resources/CodeSystem-ehealth-careteam-category.json	626	0	0	0	0	0	0	0	0	1	0	0	0	0	0	0	0	0	0	0	5	15	0	0	0	0	0	0
input/resources/CodeSystem-ehealth-careteam-participant-role.json	5782	1	0	0	0	0	0	0	1	2	0	0	0	0	0	0	0	0	0	0	19	23	0	0	0	1	0	0
input/resources/CodeSystem-ehealth-clinicalimpression-codes.json	3031	1	0	0	0	0	0	0	0	2	0	0	0	0	0	0	0	0	0	0	12	19	0	0	0	0	0	0
input/resources/CodeSystem-ehealth-clinicalimpression-decision-codes.json	2232	0	0	0	0	0	0	0	1	1	0	0	0	0	0	0	0	0	0	0	10	18	0	0	0	0	0	0
input/resources/CodeSystem-ehealth-clinicalimpression-decision-support-codes.json	1895	1	0	0	0	0	0	0	0	2	0	0	0	0	0	0	0	1	0	0	9	17	0	0	0	0	0	0
input/resources/CodeSystem-ehealth-clinicalimpression-finding-codes.json	5856	0	0	0	1	0	0	0	1	3	0	0	0	0	0	0	0	0	0	0	21	22	0	0	0	1	0	0
input/resources/CodeSystem-ehealth-clinicalimpression-investigation-item-codes.json	1237	1	0	0	0	0	0	0	0	1	0	0	0	0	0	0	0	0	0	0	7	17	0	0	0	0	0	0
input/resources/CodeSystem-ehealth-clone-operation.json	997	0	0	0	0	0	0	0	0	1	0	0	0	0	0	0	0	0	0	0	6	16	0	0	0	0	0	0
input/resources/CodeSystem-ehealth-communication-category.json	1044	0	0	0	0	0	0	0	0	1	0	0	0	0	0	0	0	0	0	0	6	15	0	0	0	0	0	0
input/resources/CodeSystem-ehealth-conditions.json	1359	1	0	0	0	0	0	0	0	1	0	0	0	0	0	0	0	0	0	0	8	16	0	0	0	1	0	0
input/resources/CodeSystem-ehealth-consent-category.json	2049	0	0	0	0	0	0	0	1	2	0	0	0	0	0	0	0	0	0	0	10	17	0	0	0	0	0	0
input/resources/CodeSystem-ehealth-consent-policy.json	1146	1	0	0	0	0	0	0	0	1	0	0	0	0	0	0	0	0	0	0	7	16	0	0	0	0	0	0
input/resources/CodeSystem-ehealth-consent-scope.json	939	0	0	0	0	0	0	0	0	1	0	0	0	0	0	0	0	0	0	0	6	16	0	0	0	0	0	0
input/resources/CodeSystem-ehealth-contactpoint-custodian.json	2398	1	0	0	0	0	0	0	0	1	0	0	0	0	0	0	0	0	0	0	10	17	0	0	0	1	0	0
input/resources/CodeSystem-ehealth-contactpoint-system.json	1715	0	0	0	0	0	0	0	1	1	0	0	0	0	0	0	0	0	0	0	8	17	0	0	0	0	0	0
input/resources/CodeSystem-ehealth-designation-use.json	828	1	0	0	0	0	0	0	0	1	0	0	0	0	0	0	0	0	0	0	6	15	0	0	0	0	0	0
input/resources/CodeSystem-ehealth-device-calibration-actor.json	1606	0	0	0	0	0	0	0	0	1	0	0	0	0	0	0	0	0	0	0	8	15	0	0	0	0	0	0
input/resources/CodeSystem-ehealth-device-calibration-period.json	1279	1	0	0	1	0	0	0	0	1	0	0	0	0	0	0	0	0	0	0	6	14	0	0	0	0	0	0
input/resources/CodeSystem-ehealth-device-measuring-quality.json	11753	1	0	0	0	0	0	0	1	3	0	0	0	0	0	0	0	0	0	0	27	20	0	0	0	1	0	1
input/resources/CodeSystem-ehealth-device-platform.json	1371	0	0	0	0	0	0	0	0	1	0	0	0	0	0	0	0	0	0	0	8	15	0	0	0	0	0	0
input/resources/CodeSystem-ehealth-device-safety.json	1120	1	0	0	0	0	0	0	0	1	0	0	0	0	0	0	0	0	0	0	7	15	0	0	0	0	0	0
input/resources/CodeSystem-ehealth-device-service-types.json	3291	0	0	0	0	0	0	0	1	2	0	0	0	0	0	0	0	0	0	0	12	16	0	0	0	1	0	0
input/resources/CodeSystem-ehealth-device-supplier-roles.json	1147	1	0	0	0	0	0	0	0	1	0	0	0	0	0	0	0	0	0	0	7	15	0	0	0	0	0	0
input/resources/CodeSystem-ehealth-device-types.json	1330	0	0	0	0	0	0	0	0	1	0	0	0	0	0	0	0	0	0	0	7	15	0	0	0	0	0	0
input/resources/CodeSystem-ehealth-device-use-reason.json	1117	1	0	0	0	0	0	0	0	0	0	0	0	0	0	0	0	0	0	0	10	15	0	0	0	0	0	0
input/resources/CodeSystem-ehealth-devicemetric-property-types.json	1453	0	0	0	0	0	0	0	1	1	0	0	0	0	0	0	0	0	0	0	11	15	0	0	0	1	0	0
input/resources/CodeSystem-ehealth-devicemetric-quality-types.json	1292	1	0	0	0	0	0	1	0	1	0	0	0	0	1	0	0	0	0	0	9	16	0	0	0	0	0	0
input/resources/CodeSystem-ehealth-document-class.json	726	0	0	0	0	0	0	0	0	1	0	0	0	0	0	0	0	0	0	0	6	14	0	0	0	0	0	0
input/resources/CodeSystem-ehealth-document-reference-type.json	772	0	0	0	0	0	0	0	0	0	0	0	0	0	0	0	0	0	0	0	7	14	0	0	0	0	0	0
input/resources/CodeSystem-ehealth-document-sharing-state.json	3584	1	0	0	0	0	0	0	0	1	0	0	0	0	0	0	0	0	0	0	21	17	0	0	0	1	0	0
input/resources/CodeSystem-ehealth-document-type.json	1589	1	0	0	1	0	0	0	1	1	0	0	0	0	0	0	0	0	0	0	8	15	0	0	0	0	0	0
input/resources/CodeSystem-ehealth-ehealth-provenance-policies.json	4847	1	0	0	0	0	0	0	0	1	0	0	0	0	0	0	0	0	0	0	20	16	0	0	0	0	0	0
input/resources/CodeSystem-ehealth-ehealth-ucum-printsymbol-supplement.json	4223	1	0	0	0	0	0	0	1	2	0	0	0	0	0	0	0	0	0	0	14	18	0	0	0	1	0	0
input/resources/CodeSystem-ehealth-fs3-citizen-importance-scores.json	957	0	0	0	0	0	0	0	0	0	0	0	0	0	0	0	0	0	0	0	8	16	0	0	0	0	0	0
input/resources/CodeSystem-ehealth-fs3-citizen-performance-scores.json	1352	1	0	0	0	0	0	0	0	1	0	0	0	0	0	0	0	0	0	0	8	15	0	0	0	0	0	0
input/resources/CodeSystem-ehealth-fs3-group-communitylife.json	651	0	0	0	0	0	0	0	0	0	0	0	0	0	0	0	0	0	0	0	6	13	0	0	0	0	0	0
input/resources/CodeSystem-ehealth-fs3-group-mentalfunctions.json	2193	1	0	0	0	0	0	0	1	1	0	0	0	0	0	0	0	0	0	0	10	14	0	0	0	0	0	0
input/resources/CodeSystem-ehealth-fs3-group-mobility.json	2207	0	0	0	1	0	0	0	0	1	0	0	0	0	0	0	0	0	0	0	9	15	0	0	0	1	0	0
input/resources/CodeSystem-ehealth-fs3-group-practicaltasks.json	1306	1	0	0	0	0	0	0	0	1	0	0	0	0	0	0	0	0	0	0	8	14	0	0	0	0	0	0
input/resources/CodeSystem-ehealth-fs3-group-selfcare.json	1916	0	0	0	0	0	0	0	1	0	0	0	0	0	0	0	0	0	0	0	9	14	0	0	0	0	0	0
input/resources/CodeSystem-ehealth-fs3-health-communication.json	657	1	0	0	0	0	0	0	0	1	0	0	0	0	0	0	0	0	0	0	6	13	0	0	0	0	0	0
input/resources/CodeSystem-ehealth-fs3-health-excretion-of-waste-materials.json	1423	0	0	0	0	0	0	0	0	0	0	0	0	0	0	0	0	0	0	0	8	14	0	0	0	0	0	0
input/resources/CodeSystem-ehealth-fs3-health-function-level.json	904	1	0	0	1	0	0	0	0	1	0	0	0	0	0	0	0	0	0	0	6	12	0	0	0	1	0	0
input/resources/CodeSystem-ehealth-fs3-health-knowledge-and-development.json	1369	0	0	0	0	0	0	0	0	1	0	0	0	0	0	0	0	0	0	0	8	14	0	0	0	0	0	0
input/resources/CodeSystem-ehealth-fs3-health-musculoskeletal.json	692	1	0	0	0	0	0	0	1	0	0	0	0	0	0	0	0	0	0	0	6	12	0	0	0	0	0	0
input/resources/CodeSystem-ehealth-fs3-health-nutrition.json	1495	1	0	0	0	0	0	0	0	1	0	0	0	0	0	0	0	0	0	0	7	14	0	0	0	0	0	0
input/resources/CodeSystem-ehealth-fs3-health-pain-and-sensory-impressions.json	2139	0	0	0	0	0	0	0	0	1	0	0	0	0	0	0	0	0	0	0	10	14	0	0	0	0	0	0
input/resources/CodeSystem-ehealth-fs3-health-psychosocial-conditions.json	1299	1	0	0	0	0	0	0	0	0	0	0	0	0	0	0	0	0	0	0	9	13	0	0	0	1	0	0
input/resources/CodeSystem-ehealth-fs3-health-respiration-and-circulation.json	916	0	0	0	0	0	0	0	1	1	0	0	0	0	0	0	0	0	0	0	6	14	0	0	0	0	0	0
input/resources/CodeSystem-ehealth-fs3-health-sexuality.json	635	1	0	0	0	0	0	0	0	0	0	0	0	0	0	0	0	1	0	0	7	13	0	0	0	0	0	0
input/resources/CodeSystem-ehealth-fs3-health-skin-and-mucous-membranes.json	2452	1	0	0	1	0	0	0	1	1	0	0	0	0	0	0	0	0	0	0	11	14	0	0	0	0	0	0
input/resources/CodeSystem-ehealth-fs3-health-sleep-and-rest.json	835	0	0	0	0	0	0	0	0	1	0	0	0	0	0	0	0	0	0	0	6	13	0	0	0	0	0	0
input/resources/CodeSystem-ehealth-fs3-scores.json	2048	1	0	0	0	0	0	0	1	1	0	0	0	0	0	0	0	0	0	0	9	14	0	0	0	1	0	0
input/resources/CodeSystem-ehealth-goal-description.json	921	0	0	0	0	0	0	0	0	1	0	0	0	0	0	0	0	0	0	0	7	12	0	0	0	0	0	0
input/resources/CodeSystem-ehealth-jurisdiction.json	1364	0	0	0	0	0	0	0	0	1	0	0	0	0	0	0	0	0	0	0	7	13	0	0	0	0	0	0
input/resources/CodeSystem-ehealth-library-type.json	951	1	0	0	0	0	0	0	0	1	0	0	0	0	0	0	0	0	0	0	7	12	0	0	0	0	0	0
input/resources/CodeSystem-ehealth-material-category.json	960	0	0	0	0	0	0	0	0	1	0	0	0	0	0	0	0	0	0	0	7	13	0	0	0	0	0	0
input/resources/CodeSystem-ehealth-material-communication-category.json	789	0	0	0	0	0	0	0	0	0	0	0	0	0	0	0	0	0	0	0	6	12	0	0	0	0	0	0
input/resources/CodeSystem-ehealth-measurement-sharing-approval-policies.json	1227	1	0	0	1	0	0	0	0	1	0	0	0	0	0	0	0	0	0	0	7	13	0	0	0	1	0	0
input/resources/CodeSystem-ehealth-measurement-sharing-policies.json	2601	0	0	0	0	0	0	0	1	2	0	0	0	0	0	0	0	0	0	0	11	13	0	0	0	0	0	0
input/resources/CodeSystem-ehealth-media-usage-mode.json	1134	1	0	0	0	0	0	0	0	1	0	0	0	0	0	0	0	0	0	0	7	13	0	0	0	0	0	0
input/resources/CodeSystem-ehealth-message-category.json	1637	0	0	0	0	0	0	0	0	1	0	0	0	0	0	0	0	0	0	0	8	13	0	0	0	0	0	0
input/resources/CodeSystem-ehealth-message-medium.json	1148	0	0	0	0	0	0	0	0	1	0	0	0	0	0	0	0	0	0	0	7	13	0	0	0	1	0	0
input/resources/CodeSystem-ehealth-message-reasonCode.json	5079	1	0	0	0	0	0	0	1	2	0	0	0	0	0	0	0	0	0	0	18	15	0	0	0	0	0	0
input/resources/CodeSystem-ehealth-modifier-role.json	1001	0	0	0	0	0	0	0	0	1	0	0	0	0	0	0	0	0	0	0	6	12	0	0	0	0	0	0
input/resources/CodeSystem-ehealth-observation-method.json	984	0	0	0	1	0	0	0	0	1	0	0	0	0	0	0	0	0	0	0	6	13	0	0	0	0	0	0
input/resources/CodeSystem-ehealth-oio-bpp-competences.json	2458	0	0	0	0	0	0	0	0	1	0	0	0	0	0	0	0	0	0	0	9	13	0	0	0	0	0	0
input/resources/CodeSystem-ehealth-oio-bpp-roles.json	16915	1	0	0	0	0	0	0	1	6	0	0	0	0	0	0	0	0	0	0	46	20	0	0	0	1	0	0
input/resources/CodeSystem-ehealth-oio-organization-type.json	1050	1	0	0	0	0	0	0	1	1	0	0	0	0	0	0	0	0	0	0	6	13	0	0	0	0	0	0
input/resources/CodeSystem-ehealth-organization-relation-type.json	1152	0	0	0	0	0	0	0	0	1	0	0	0	0	0	0	0	0	0	0	6	12	0	0	0	0	0	0
input/resources/CodeSystem-ehealth-organization-source.json	1201	1	0	0	0	0	0	0	0	1	0	0	0	0	0	0	0	0	0	0	6	13	0	0	0	0	0	0
input/resources/CodeSystem-ehealth-organization-synchronization-status.json	1357	0	0	0	1	0	0	0	0	1	0	0	0	0	0	0	0	0	0	0	8	13	0	0	0	1	0	0
input/resources/CodeSystem-ehealth-overviewUsageMode.json	2633	1	0	0	0	0	0	0	0	2	0	0	0	0	0	0	0	0	0	0	11	14	0	0	0	0	0	0
input/resources/CodeSystem-ehealth-participant-function.json	2622	0	0	0	0	0	0	0	0	1	0	0	0	0	0	0	0	0	0	0	11	13	0	0	0	0	0	0
input/resources/CodeSystem-ehealth-percentage-codes.json	5973	2	0	0	0	0	0	0	2	4	0	0	0	0	0	0	0	0	0	0	26	22	0	0	0	0	0	0
input/resources/CodeSystem-ehealth-plandefinition-recommendation.json	2008	0	0	0	0	0	0	0	0	1	0	0	0	0	0	0	0	0	0	0	10	14	0	0	0	1	0	0
input/resources/CodeSystem-ehealth-poa-privilege.json	781	1	0	0	0	0	0	0	0	1	0	0	0	0	0	0	0	0	0	0	5	12	0	0	0	0	0	0
input/resources/CodeSystem-ehealth-practitioner-competences.json	1066	0	0	0	0	0	0	0	0	0	0	0	0	0	0	0	0	0	0	0	7	13	0	0	0	0	0	0
input/resources/CodeSystem-ehealth-priority.json	1181	1	0	0	1	0	0	0	0	1	0	0	0	0	0	0	0	0	0	0	7	13	0	0	0	0	0	0
input/resources/CodeSystem-ehealth-program.json	1967	0	0	0	0	0	0	0	0	2	0	0	0	0	0	0	0	0	0	0	9	13	0	0	0	0	0	0
input/resources/CodeSystem-ehealth-property.json	1205	1	0	0	0	0	0	0	1	0	0	0	0	0	0	0	0	0	0	0	7	11	0	0	0	0	0	0
input/resources/CodeSystem-ehealth-quality-types.json	2102	0	0	0	0	0	0	0	0	1	0	0	0	0	0	0	0	0	0	0	11	14	0	0	0	1	0	0
input/resources/CodeSystem-ehealth-questionnaire-elements.json	1737	1	0	0	0	0	0	0	0	1	0	0	0	0	0	0	0	0	0	0	10	12	0	0	0	0	0	0
input/resources/CodeSystem-ehealth-questionnaire-item-significance-indicator.json	1410	0	0	0	0	0	0	0	0	1	0	0	0	0	0	0	0	0	0	0	7	12	0	0	0	0	0	1
input/resources/CodeSystem-ehealth-questionnaire-recommendation.json	3568	1	0	0	1	0	0	0	1	1	0	0	0	0	0	0	0	0	0	0	14	15	0	0	0	0	0	0
input/resources/CodeSystem-ehealth-questionnaire-types.json	2015	0	0	0	0	0	0	0	0	1	0	0	0	0	0	0	0	0	0	0	10	13	0	0	0	0	0	0
input/resources/CodeSystem-ehealth-reference-range-type.json	2209	1	0	0	1	0	0	0	0	0	0	0	0	0	0	0	0	0	0	0	9	14	0	0	0	1	0	0
input/resources/CodeSystem-ehealth-resolved-timing-type.json	1485	0	0	0	0	0	0	0	0	1	0	0	0	0	0	0	0	0	0	0	7	12	0	0	0	0	0	0
input/resources/CodeSystem-ehealth-restriction-category.json	1588	1	0	0	0	0	0	0	0	1	0	0	0	0	0	0	0	0	0	0	9	13	0	0	0	0	0	0
input/resources/CodeSystem-ehealth-situation-quality.json	7442	1	0	0	0	0	0	0	1	1	0	0	0	0	0	0	0	0	0	0	20	15	0	0	0	0	0	0
input/resources/CodeSystem-ehealth-sor-organization-specialty.json	899	0	0	0	0	0	0	0	0	1	0	0	0	0	0	0	0	0	0	0	6	12	0	0	0	0	0	0
input/resources/CodeSystem-ehealth-sor-organization-type.json	1173	1	0	0	1	0	0	0	0	1	0	0	0	0	0	0	0	0	0	0	7	12	0	0	0	1	0	0
input/resources/CodeSystem-ehealth-supplement-ICD11-MMS.json	12426	1	0	0	0	0	0	0	2	2	0	0	0	0	0	0	0	0	0	0	46	21	0	0	0	0	0	0
input/resources/CodeSystem-ehealth-supplement-action-selection-behavior.json	3773	1	0	0	0	0	0	0	0	1	0	0	0	0	0	0	0	0	0	0	14	15	0	0	0	1	0	0
input/resources/CodeSystem-ehealth-supplement-loinc.org.json	4598	0	0	0	0	0	0	0	0	2	0	0	0	0	0	0	0	1	0	0	17	15	0	0	0	0	0	0
input/resources/CodeSystem-ehealth-supplement-snomed.info-sct.json	1292	1	0	0	0	0	0	0	1	1	0	0	0	0	0	0	0	0	0	0	8	13	0	0	0	0	0	0
input/resources/CodeSystem-ehealth-system.json	844	0	0	0	0	0	0	0	0	0	0	0	0	0	0	0	0	0	0	0	6	18	0	0	0	0	0	0
input/resources/CodeSystem-ehealth-task-category.json	7263	1	0	0	0	0	0	0	0	2	0	0	0	0	0	0	0	0	0	0	25	24	0	0	0	1	0	0
input/resources/CodeSystem-ehealth-task-handover-roles.json	2496	1	0	0	1	0	0	0	0	1	0	0	0	0	0	0	0	0	0	0	11	14	0	0	0	0	0	0
input/resources/CodeSystem-ehealth-thumbnail-size-category.json	2573	0	0	0	0	0	0	0	1	2	0	0	0	0	0	0	0	0	0	0	11	19	0	0	0	0	0	0
input/resources/CodeSystem-ehealth-thumbnail-status.json	1121	1	0	0	0	0	0	0	0	1	0	0	0	0	0	0	0	0	0	0	7	11	0	0	0	0	0	0
input/resources/CodeSystem-ehealth-topic-type.json	1314	0	0	0	0	0	0	0	0	1	0	0	0	0	0	0	0	0	0	0	9	13	0	0	0	0	0	0
input/resources/CodeSystem-ehealth-trigger-enablement-code.json	1736	1	0	0	0	0	0	0	0	0	0	0	0	0	0	0	0	0	0	0	9	12	0	0	0	0	0	0
input/resources/CodeSystem-ehealth-unit-code.json	1331	0	0	0	0	0	0	0	0	1	0	0	0	0	0	0	0	0	0	0	7	13	0	0	0	1	0	0
input/resources/CodeSystem-ehealth-usage-context-type.json	4342	1	0	0	1	0	0	0	1	1	0	0	0	0	0	0	0	0	0	0	16	14	0	0	0	0	0	0
input/resources/CodeSystem-ehealth-usage-quality.json	5042	1	0	0	0	0	0	0	0	2	0	0	0	0	0	0	0	0	0	0	16	15	0	0	0	0	0	0
input/resources/CodeSystem-ehealth-view-type.json	811	0	0	0	0	0	0	0	0	0	0	0	0	0	0	0	0	0	0	0	5	11	0	0	0	0	0	0
input/resources/CodeSystem-hl7.org-fhir-address-type.json	2269	1	0	0	0	0	0	0	0	1	0	0	0	0	0	0	0	0	0	0	9	14	0	0	0	0	0	0
input/resources/CodeSystem-hl7.org-fhir-address-use.json	2680	0	0	0	0	0	0	0	0	2	0	0	0	0	0	0	0	0	0	0	10	14	0	0	0	1	0	0
input/resources/CodeSystem-hl7.org-fhir-care-team-status.json	3242	1	0	0	0	0	0	0	1	1	0	0	0	0	0	0	0	0	0	0	11	12	0	0	0	0	0	0
input/resources/CodeSystem-hl7.org-fhir-consent-state-codes.json	3388	0	0	0	0	0	0	0	0	1	0	0	0	0	0	0	0	0	0	0	12	13	0	0	0	0	0	1
input/resources/CodeSystem-hl7.org-fhir-days-of-week.json	3388	1	0	0	0	0	0	0	0	2	0	0	0	0	0	0	0	0	0	0	11	12	0	0	0	0	0	0
input/resources/CodeSystem-hl7.org-fhir-episode-of-care-status.json	4425	0	0	0	0	0	0	0	1	2	0	0	0	0	0	0	0	0	0	0	15	13	0	0	0	1	0	0
input/resources/CodeSystem-hl7.org-fhir-item-type.json	9616	1	0	0	1	0	0	0	1	16	0	0	0	0	0	0	0	0	0	0	25	38	0	0	0	0	0	0
input/resources/CodeSystem-hl7.org-fhir-publication-status.json	3266	0	0	0	0	0	0	0	0	2	0	0	0	0	0	0	0	0	0	0	11	58	0	0	0	0	0	0
input/resources/CodeSystem-hl7.org-fhir-request-status.json	4317	1	0	0	0	0	0	0	0	2	0	0	0	0	0	0	0	0	0	0	15	14	0	0	0	0	0	0
input/resources/CodeSystem-hl7.org-fhir-resource-types.json	59126	2	0	0	0	0	0	0	4	13	0	0	1	0	0	0	0	0	0	0	165	43	0	0	0	5	0	0
input/resources/CodeSystem-hl7.org-fhir-v3-TimingEvent.json	6888	0	0	0	0	0	0	0	1	15	0	0	0	0	0	0	0	0	0	0	22	32	0	0	0	1	0	0
input/resources/CodeSystem-iso-obp-ui-iso-code-3166-DK.json	1411	0	0	0	0	0	0	0	0	0	0	0	0	0	0	0	0	0	0	0	7	12	0	0	0	0	0	0
input/resources/CodeSystem-kl.dk-fhir-common-caresocial-CodeSystem-FSIII.json	76155	2	0	0	1	0	0	0	5	25	0	0	0	0	0	0	0	1	0	0	271	143	0	0	0	8	0	4
input/resources/CodeSystem-snomed-554471000005108-version-20150731.json	11790	1	0	0	0	0	0	0	1	4	0	0	0	0	0	0	0	0	0	0	34	31	0	0	0	1	0	0
input/resources/CodeSystem-snomed-554471000005108-version-20180331.json	3166	0	0	0	0	0	0	0	1	1	0	0	0	0	0	0	0	0	0	0	11	19	0	0	0	0	0	0
input/resources/CodeSystem-snomed-554471000005108-version-20180930.json	1149	0	0	0	0	0	0	0	0	1	0	0	0	0	0	0	0	0	0	0	6	17	0	0	0	0	0	0
input/resources/CodeSystem-telewound-wound-type.json	1854	1	0	0	0	0	0	0	0	1	0	0	0	0	0	0	0	0	0	0	9	19	0	0	0	1	0	0
input/resources/CodeSystem-terminology.hl7.org-CodeSystem-data-absent-reason.json	9132	0	0	0	0	0	0	0	1	3	0	0	0	0	0	0	0	0	0	0	24	22	0	0	0	0	0	1
input/resources/CodeSystem-terminology.hl7.org-CodeSystem-hl7TermMaintInfra.json	8820	1	0	0	0	0	0	0	0	5	0	0	0	0	0	0	0	0	0	0	35	28	0	0	0	1	0	0
input/resources/CodeSystem-urn-ietf-bcp-47.json	33818	1	0	0	0	0	0	0	4	7	0	0	0	0	0	0	0	0	0	0	67	47	0	0	0	1	0	0
input/resources/CodeSystem-urn-oid-1.2.208.176.2.1.json	11083	1	0	0	1	0	0	0	1	3	0	0	0	0	0	0	0	0	0	0	25	27	0	0	0	2	0	0
input/resources/CodeSystem-urn-oid-1.2.208.176.2.4.json	66531	2	0	0	0	0	0	0	5	15	0	0	0	0	0	0	0	1	0	0	176	153	0	0	0	5	0	5
input/resources/CodeSystem-urn-oid-1.2.208.176.7.3.1.json	1539	0	0	0	0	0	0	0	0	1	0	0	0	0	0	0	0	0	0	0	8	22	0	0	0	1	0	0
input/resources/CodeSystem-urn-oid-1.2.208.184.100.1.json	1708	1	0	0	0	0	0	0	0	2	0	0	0	0	0	0	0	0	0	0	8	21	0	0	0	0	0	0
input/resources/CodeSystem-urn-oid-1.2.208.184.100.10.json	3885	0	0	0	0	0	0	0	1	1	0	0	0	0	0	0	0	0	0	0	18	23	0	0	0	0	0	0
input/resources/CodeSystem-urn-oid-1.2.208.184.100.8.json	236145	8	0	0	0	0	0	0	18	70	0	0	1	0	0	0	0	1	0	0	478	264	0	0	0	11	0	2
input/resources/CodeSystem-urn-oid-1.2.208.184.100.9.json	1096	0	0	0	1	0	0	0	0	2	0	0	0	0	0	0	0	0	0	0	7	19	0	0	0	1	0	0
input/resources/ConceptMap-CareCommunication-Priority.json	966	1	0	0	0	0	0	0	0	4	0	0	0	0	0	0	0	0	0	0	6	18	0	0	0	0	0	0
input/resources/ConceptMap-CareCommunucation-Category.json	4968	0	0	0	0	0	0	0	1	3	0	0	0	0	0	0	0	0	0	0	12	18	0	0	0	0	0	0
input/resources/ConceptMap-ehealth.sundhed.dk-ConceptMap-activitydefinition-code-to-do-missing-measurement.json	14058	1	0	0	0	0	0	0	1	6	0	0	0	0	0	0	0	0	0	0	40	39	0	1	0	1	0	0
input/resources/ConceptMap-ehealth.sundhed.dk-ConceptMap-activitydefinition-code-to-do-reminder.json	14008	0	0	0	0	0	0	0	1	3	0	0	0	0	0	0	0	0	0	0	39	38	0	0	0	1	0	0
input/resources/ConceptMap-ehealth.sundhed.dk-ConceptMap-activitydefinition-code-to-measurement-resource-type.json	12100	1	0	0	0	0	0	0	1	3	0	0	0	0	0	0	0	0	0	0	35	32	0	0	0	1	0	0
input/resources/ConceptMap-ehealth.sundhed.dk-ConceptMap-activitydefinition-code-to-observation-code.json	2598	0	0	0	0	0	0	0	0	2	0	0	0	0	0	0	0	0	0	0	15	17	0	0	0	0	0	0
input/resources/ConceptMap-ehealth.sundhed.dk-ConceptMap-activitydefinition-code-to-perform-sharing.json	13865	1	0	0	0	0	0	0	2	5	0	0	0	0	0	0	0	0	0	0	39	33	0	0	0	1	0	0
input/resources/ConceptMap-ehealth.sundhed.dk-ConceptMap-conceptmap-obs-code-to-ucum.json	11732	1	0	0	0	0	0	0	0	4	0	0	0	0	0	0	0	1	0	0	36	28	0	1	0	1	0	0
input/resources/ConceptMap-ehealth.sundhed.dk-ConceptMap-conceptmap-obs-code-to-value-type.json	11555	0	0	0	0	0	0	0	1	3	0	0	0	0	0	0	0	0	0	0	34	25	0	0	0	0	0	0
input/resources/ConceptMap-ehealth.sundhed.dk-ConceptMap-conceptmap-ucum-to-printsymbol.json	9063	1	0	0	0	0	0	0	1	112	0	0	0	0	0	0	0	0	0	0	27	20	0	0	0	1	0	0
input/resources/ConceptMap-ehealth.sundhed.dk-ConceptMap-oio-bpp-competences-to-practitioner-competences.json	1983	0	0	0	0	0	0	0	0	2	0	0	0	0	0	0	0	0	0	0	9	14	0	0	0	0	0	0
input/resources/ConceptMap-ehealth.sundhed.dk-ConceptMap-oio-bpp-roles-to-careteam-participant-roles.json	14489	1	0	0	0	0	0	0	1	2	0	0	0	0	0	0	0	0	0	0	40	25	0	0	0	1	0	0
input/resources/NamingSystem-Danish-civil-registration-system---CPR.json	1362	0	12	0	1	0	0	0	0	1	412	0	0	0	0	0	0	0	0	0	8	7	0	0	0	0	0	0
input/resources/NamingSystem-Danish-provider-registry---Ydernummer.json	1336	0	2	0	0	0	0	0	0	1	13	0	0	0	0	0	0	0	0	0	9	7	0	0	0	0	0	0
input/resources/NamingSystem-Sundhedsv-senets-Organisationsregister-SOR-.json	1839	0	2	0	0	0	0	0	0	1	11	0	0	0	0	0	0	0	0	0	9	6	0	0	0	0	0	0
input/resources/NamingSystem-eHealth-Environment.json	726	1	1	0	0	0	0	0	0	0	8	0	0	0	0	0	0	0	0	0	6	6	0	0	0	1	0	0
input/resources/NamingSystem-eHealthIdentifier.json	946	0	2	0	0	0	0	0	0	1	10	0	0	0	0	0	0	0	0	0	7	6	0	0	0	0	0	0
input/resources/NamingSystem-eHealthQuestionIdentifier.json	815	0	2	0	0	0	1	0	1	1	8	0	0	0	0	0	0	0	0	0	6	6	0	0	0	0	0	0
input/resources/NamingSystem-ehealth-device-identifier.json	705	0	1	0	0	0	0	0	0	0	8	0	0	0	0	0	0	0	0	0	7	5	0	0	0	0	0	0
input/resources/OperationDefinition--s-apply.json	1188	0	0	0	1	0	0	0	0	1	0	0	0	0	0	0	0	0	0	0	7	7	0	0	0	1	0	0
input/resources/OperationDefinition--s-assigned-material-count.json	5222	1	0	0	0	0	0	0	0	1	0	0	0	0	0	0	0	0	0	0	15	6	0	0	0	0	0	0
input/resources/OperationDefinition--s-create-episode-of-care.json	4184	0	0	0	0	0	0	0	0	1	0	0	0	0	0	0	0	0	0	0	12	6	0	0	0	1	0	0
input/resources/OperationDefinition--s-execute-careplan-and-episode-of-care-stats.json	2354	0	0	0	0	0	0	0	0	1	0	0	0	0	0	0	0	0	0	0	10	7	0	0	0	0	0	0
input/resources/OperationDefinition--s-execute-careplan-customization-stats.json	3464	1	0	0	0	0	0	0	0	0	0	0	0	0	0	0	0	0	0	0	13	6	0	0	0	0	0	1
input/resources/OperationDefinition--s-execute-careplan-duration-stats.json	6899	0	0	0	1	0	0	0	1	1	0	0	0	0	0	0	0	0	0	0	18	7	0	0	0	0	0	0
input/resources/OperationDefinition--s-execute-careplans-by-patient.json	8350	0	0	0	0	0	0	0	0	1	0	0	0	0	0	0	0	0	0	0	20	7	0	0	0	1	0	0
input/resources/OperationDefinition--s-execute-careteam-stats.json	3361	0	0	0	0	0	0	0	0	1	0	0	0	0	0	0	0	0	0	0	11	6	0	0	0	0	0	0
input/resources/OperationDefinition--s-execute-measurement-stats.json	3776	1	0	0	0	0	0	0	0	1	0	0	0	0	0	0	0	0	0	0	12	6	0	0	0	0	0	0
input/resources/OperationDefinition--s-execute-patient-devices.json	9589	0	0	0	1	0	0	0	0	0	0	0	0	0	0	0	0	0	0	0	24	7	0	0	0	1	0	0
input/resources/OperationDefinition--s-execute-patient-gdpr.json	36357	0	0	0	1	0	0	0	1	2	0	0	0	0	0	0	0	0	0	0	68	9	0	0	0	1	0	0
input/resources/OperationDefinition--s-execute-patient-total.json	30534	1	0	0	2	0	0	0	0	1	0	0	0	0	0	0	0	0	0	0	59	9	0	0	0	1	0	0
input/resources/OperationDefinition--s-execute-patient-usage-stats.json	7519	0	0	0	0	0	0	0	0	1	0	0	0	0	0	0	0	0	0	0	18	7	0	0	0	1	0	0
input/resources/OperationDefinition--s-execute-practitioner-gdpr.json	4062	0	0	0	0	0	0	0	0	0	0	0	0	0	0	0	0	0	0	0	13	6	0	0	0	0	0	0
input/resources/OperationDefinition--s-execute-practitioner-stats.json	11163	1	0	0	1	0	0	0	0	1	0	0	0	0	0	0	0	0	0	0	25	7	0	0	0	0	0	0
input/resources/OperationDefinition--s-execute-questionnaireresponses.json	20119	0	0	0	0	0	1	0	1	1	0	0	0	0	0	0	0	0	0	0	42	9	0	0	0	1	0	0
input/resources/OperationDefinition--s-execute-ssl-orders.json	3304	1	0	0	1	0	0	0	0	1	0	0	0	0	0	0	0	0	0	0	11	5	0	0	0	1	0	0
input/resources/OperationDefinition--s-export-poll-status.json	1515	0	0	0	0	0	0	0	0	1	0	0	0	0	0	0	0	0	0	0	7	6	0	0	0	0	0	0
input/resources/OperationDefinition--s-export.json	4693	1	0	0	0	0	0	0	0	0	0	0	0	0	0	0	0	0	0	0	14	5	0	0	0	0	0	0
input/resources/OperationDefinition--s-expunge.json	917	0	0	0	0	0	0	0	0	1	0	0	0	0	0	0	0	0	0	0	7	5	0	0	0	0	0	0
input/resources/OperationDefinition--s-fetch-careplan-and-episode-of-care-stats.json	2344	0	0	0	0	0	0	0	0	1	0	0	0	0	0	0	0	0	0	0	10	4	0	0	0	0	0	0
input/resources/OperationDefinition--s-fetch-careplan-customization-stats.json	3454	1	0	0	1	0	0	0	1	0	0	0	0	0	0	0	0	0	0	0	11	4	0	0	0	1	0	0
input/resources/OperationDefinition--s-fetch-careplan-duration-stats.json	6889	0	0	0	0	0	0	0	0	1	0	0	0	0	0	0	0	0	0	0	18	5	0	0	0	0	0	0
input/resources/OperationDefinition--s-fetch-careplans-by-patient.json	8340	0	0	0	0	0	0	0	0	1	0	0	0	0	0	0	0	0	0	0	20	5	0	0	0	1	0	0
input/resources/OperationDefinition--s-fetch-careteam-stats.json	3351	0	0	0	0	0	0	0	0	1	0	0	0	0	0	0	0	0	0	0	12	4	0	0	0	0	0	0
input/resources/OperationDefinition--s-fetch-measurement-stats.json	3766	1	0	0	1	0	0	0	1	0	0	0	0	0	0	0	0	0	0	0	12	4	0	0	0	0	0	0
input/resources/OperationDefinition--s-fetch-patient-devices.json	9579	0	0	0	0	0	0	0	0	1	0	0	0	0	0	0	0	0	0	0	23	5	0	0	0	1	0	0
input/resources/OperationDefinition--s-fetch-patient-gdpr.json	36347	1	0	0	2	0	0	0	0	1	0	0	0	0	0	0	0	0	0	0	68	7	0	0	0	1	0	0
input/resources/OperationDefinition--s-fetch-patient-total.json	30524	0	0	0	1	0	0	0	1	2	0	0	0	0	0	0	0	0	0	0	59	8	0	0	0	1	0	0
input/resources/OperationDefinition--s-fetch-patient-usage-stats.json	7509	0	0	0	0	0	0	0	0	0	0	0	0	0	0	0	0	0	0	0	18	6	0	0	0	1	0	0
input/resources/OperationDefinition--s-fetch-practitioner-gdpr.json	4052	1	0	0	0	0	0	0	0	1	0	0	0	0	0	0	0	0	0	0	13	7	0	0	0	0	0	0
input/resources/OperationDefinition--s-fetch-practitioner-stats.json	11153	0	0	0	1	0	0	0	0	1	0	0	0	0	0	0	0	0	0	0	28	8	0	0	0	0	0	0
input/resources/OperationDefinition--s-fetch-questionnaireresponses.json	20109	0	0	0	1	0	0	0	1	1	0	0	0	0	0	0	0	0	0	0	42	8	0	0	0	1	0	0
input/resources/OperationDefinition--s-fetch-ssl-orders.json	3294	1	0	0	0	0	0	0	0	1	0	0	0	0	0	0	0	0	0	0	12	6	0	0	0	1	0	0
input/resources/OperationDefinition--s-get-patient-procedures.json	8660	0	0	0	0	0	0	0	0	1	0	0	0	0	0	0	0	0	0	0	23	7	0	0	0	0	0	0
input/resources/OperationDefinition--s-get-report-job-status.json	2826	0	0	0	0	0	0	0	0	0	0	0	0	0	0	0	0	0	0	0	10	6	0	0	0	0	0	0
input/resources/OperationDefinition--s-get-resource-counts.json	578	1	0	0	1	0	0	0	0	1	0	0	0	0	0	0	0	0	0	0	6	5	0	0	0	0	0	0
input/resources/OperationDefinition--s-hapi.fhir.reindex-status.json	810	0	0	0	0	0	0	0	0	0	0	0	0	0	0	0	0	0	0	0	7	6	0	0	0	1	0	0
input/resources/OperationDefinition--s-import-organizations.json	793	0	0	0	0	0	0	0	0	1	0	0	0	0	0	0	0	0	0	0	8	5	0	0	0	0	0	0
input/resources/OperationDefinition--s-import.json	790	0	0	0	0	0	0	0	1	1	0	0	0	0	0	0	0	0	0	0	6	6	0	0	0	0	0	0
input/resources/OperationDefinition--s-meta.json	407	1	0	0	0	0	0	0	0	0	0	0	0	0	0	0	0	0	0	0	5	5	0	0	0	0	0	0
input/resources/OperationDefinition--s-migrate.json	486	0	0	0	0	0	0	0	0	1	0	0	0	0	0	0	0	0	0	0	5	5	0	0	0	0	0	0
input/resources/OperationDefinition--s-persist-login.json	1933	0	0	0	0	0	0	0	0	0	0	0	0	0	0	0	0	1	0	0	9	6	0	0	0	0	0	0
input/resources/OperationDefinition--s-reindex-terminology.json	355	0	0	0	0	0	0	0	0	1	0	0	0	0	0	0	0	0	0	0	5	5	0	0	0	0	0	0
input/resources/OperationDefinition--s-reindex.json	2293	1	0	0	1	0	0	0	0	0	0	0	0	0	0	0	0	0	0	0	11	6	0	0	0	0	0	0
input/resources/OperationDefinition--s-schedule-careplan-and-episode-of-care-stats.json	2359	0	0	0	0	0	0	0	0	1	0	0	0	0	0	0	0	0	0	0	10	6	0	0	0	1	0	0
input/resources/OperationDefinition--s-schedule-careplan-customization-stats.json	3469	0	0	0	0	0	0	0	1	1	0	0	0	0	0	0	0	0	0	0	13	6	0	0	0	0	0	0
input/resources/OperationDefinition--s-schedule-careplan-duration-stats.json	6904	1	0	0	0	0	0	0	0	1	0	0	0	0	0	0	0	0	0	0	18	7	0	0	0	0	0	0
input/resources/OperationDefinition--s-schedule-careplans-by-patient.json	8355	0	0	0	1	0	0	0	0	0	0	0	0	0	0	0	0	0	0	0	20	6	0	0	0	1	0	0
input/resources/OperationDefinition--s-schedule-careteam-stats.json	3366	0	0	0	0	0	0	0	0	1	0	0	0	0	0	0	0	0	0	0	12	6	0	0	0	0	0	0
input/resources/OperationDefinition--s-schedule-measurement-stats.json	3781	1	0	0	0	0	0	0	0	1	0	0	0	0	0	0	0	0	0	0	12	6	0	0	0	0	0	0
input/resources/OperationDefinition--s-schedule-patient-devices.json	9594	0	0	0	1	0	0	0	0	1	0	0	0	0	0	0	0	0	0	0	23	7	0	0	0	1	0	0
input/resources/OperationDefinition--s-schedule-patient-gdpr.json	36363	0	0	0	1	0	0	0	1	1	0	0	0	0	0	0	0	0	0	0	69	8	0	0	0	1	0	0
input/resources/OperationDefinition--s-schedule-patient-total.json	30539	1	0	0	2	0	0	0	0	1	0	0	0	0	0	0	0	0	0	0	61	9	0	0	0	1	0	0
input/resources/OperationDefinition--s-schedule-patient-usage-stats.json	7520	0	0	0	0	0	0	0	0	1	0	0	0	0	0	0	0	0	0	0	18	5	0	0	0	0	0	0
input/resources/OperationDefinition--s-schedule-practitioner-gdpr.json	4067	1	0	0	0	0	0	0	0	1	0	0	0	0	0	0	0	0	0	0	13	7	0	0	0	1	0	0
input/resources/OperationDefinition--s-schedule-practitioner-stats.json	11168	0	0	0	1	0	0	0	0	1	0	0	0	0	0	0	0	0	0	0	25	6	0	0	0	0	0	0
input/resources/OperationDefinition--s-schedule-questionnaireresponses.json	20124	0	0	0	1	0	0	0	1	1	0	0	0	0	0	0	0	0	0	0	43	8	0	0	0	1	0	0
input/resources/OperationDefinition--s-schedule-ssl-orders.json	3309	1	0	0	0	0	0	0	0	1	0	0	0	0	0	0	0	0	0	1	12	6	0	0	0	0	0	0
input/resources/OperationDefinition--s-search-measurements-bundle-limit.json	6834	0	0	0	0	0	0	0	0	1	0	0	0	0	0	0	0	0	0	0	22	8	0	0	0	1	0	0
input/resources/OperationDefinition--s-search-measurements.json	3857	0	0	0	1	0	0	0	0	1	0	0	0	0	0	0	0	0	0	0	14	6	0	0	0	0	0	0
input/resources/OperationDefinition--s-submit-measurement.json	2792	1	0	0	0	0	0	0	0	1	0	0	0	0	0	0	0	0	0	0	9	6	0	0	0	0	0	0
input/resources/OperationDefinition--s-transform-from-APD.json	1305	0	0	0	0	0	0	0	1	0	0	0	0	0	0	0	0	0	0	0	8	6	0	0	0	0	0	0
input/resources/OperationDefinition--s-transform-from-PHMR.json	1264	0	0	0	0	0	0	0	0	1	0	0	0	0	0	0	0	0	0	0	7	5	0	0	0	1	0	0
input/resources/OperationDefinition--s-transform-from-QFDD.json	1120	0	0	0	1	0	0	0	0	0	0	0	0	0	0	0	0	0	0	0	7	6	0	0	0	0	0	0
input/resources/OperationDefinition--s-transform-from-QRD-based-on-questionnaire.json	1363	1	0	0	0	0	0	0	0	1	0	0	0	0	0	0	0	0	0	0	7	5	0	0	0	0	0	0
input/resources/OperationDefinition--s-transform-from-QRD.json	1219	0	0	0	0	0	0	0	0	1	0	0	0	0	0	0	0	0	0	0	6	6	0	0	0	0	0	0
input/resources/OperationDefinition--s-transform-to-APD.json	1300	0	0	0	0	0	0	0	0	0	0	0	0	0	0	0	0	0	0	0	8	5	0	0	0	0	0	0
input/resources/OperationDefinition--s-transform-to-PHMR.json	1344	1	0	0	0	0	0	0	0	1	0	0	0	0	0	0	0	0	0	0	7	6	0	0	0	0	0	0
input/resources/OperationDefinition--s-transform-to-QFDD.json	1419	0	0	0	1	0	0	0	0	0	0	0	0	0	0	0	0	0	0	0	7	5	0	0	0	0	0	0
input/resources/OperationDefinition--s-transform-to-QRD.json	1435	0	0	0	0	0	0	0	1	1	0	0	0	0	0	0	0	0	0	0	8	5	0	0	0	1	0	0
input/resources/OperationDefinition--s-upload-QFDD.json	1273	0	0	0	0	0	0	0	0	0	0	0	0	0	0	0	0	0	0	0	7	6	0	0	0	0	0	0
input/resources/OperationDefinition--s-upload-external-code-system.json	941	1	0	0	0	0	0	0	0	1	0	0	0	0	0	0	0	0	0	0	7	6	0	0	0	0	0	0
input/resources/OperationDefinition-ActivityDefinitionPlanDefinition-i-create-clone.json	2321	0	0	0	0	0	0	0	0	1	0	0	0	0	0	0	0	0	0	0	10	4	0	0	0	0	0	0
input/resources/OperationDefinition-Appointment-send-message.json	3373	0	0	0	17	0	0	0	0	2	0	0	0	0	0	0	0	0	0	0	14	6	0	0	0	1	0	0
input/resources/OperationDefinition-Binary-its-expunge.json	965	0	0	0	0	0	0	0	0	0	0	0	0	0	0	0	0	0	0	0	7	4	0	0	0	0	0	0
input/resources/OperationDefinition-Binary-t-retrieve-document.json	2546	1	0	0	1	0	0	0	1	1	0	0	0	0	0	0	0	0	0	0	10	4	0	0	0	0	0	0
input/resources/OperationDefinition-Bundle-t-retrieve-and-transform-APD.json	3420	0	0	0	0	0	0	0	0	1	0	0	0	0	0	0	0	0	0	0	14	5	0	0	0	0	0	0
input/resources/OperationDefinition-Bundle-t-retrieve-and-transform-PHMR.json	3583	0	0	0	0	0	0	0	0	1	0	0	0	0	0	0	0	0	0	0	13	4	0	0	0	1	0	0
input/resources/OperationDefinition-Bundle-t-retrieve-and-transform-QRD.json	4332	1	0	0	0	0	0	0	0	0	0	0	0	0	0	0	0	0	0	0	15	5	0	0	0	0	0	0
input/resources/OperationDefinition-CarePlan-i-suggest-care-teams.json	1401	0	0	0	0	0	0	0	0	1	0	0	0	0	0	0	0	0	0	0	8	4	0	0	0	0	0	0
input/resources/OperationDefinition-CarePlanEpisodeOfCare-i-update-care-teams.json	1205	0	0	0	0	0	0	0	0	1	0	0	0	0	0	0	0	0	0	0	9	4	0	0	0	0	0	0
input/resources/OperationDefinition-ClinicalImpression-t-set-measurement-validity.json	3304	0	0	0	0	0	0	0	1	0	0	0	0	0	0	0	0	0	0	0	11	4	0	0	0	0	0	0
input/resources/OperationDefinition-DocumentReference-t-deprecate-document.json	1595	1	0	0	0	0	0	0	0	1	0	0	0	0	0	0	0	0	0	0	8	4	0	0	0	0	0	0
input/resources/OperationDefinition-EpisodeOfCare-i-is-context-allowed.json	1782	0	0	0	1	0	0	0	0	1	0	0	0	0	0	0	0	0	0	0	8	5	0	0	0	1	0	0
input/resources/OperationDefinition-Library-it-evaluate.json	1580	0	0	0	0	0	0	0	0	0	0	0	0	0	0	0	0	0	0	0	8	4	0	0	0	0	0	0
input/resources/OperationDefinition-Media-t-get-data.json	1080	0	0	0	0	0	0	0	0	1	0	0	0	0	0	0	0	0	0	0	6	4	0	0	0	0	0	0
input/resources/OperationDefinition-Organization-i-traverse-to-sor.json	732	1	0	0	0	0	0	0	0	0	0	0	0	0	0	0	0	0	0	0	8	4	0	0	0	0	0	0
input/resources/OperationDefinition-Organization-t-get-general-practitioner-info.json	2014	0	0	0	0	0	0	0	0	1	0	0	0	0	0	0	0	0	0	0	9	4	0	0	0	0	0	0
input/resources/OperationDefinition-Organization-t-resolve-managing-organization.json	1375	0	0	0	0	0	0	0	0	1	0	0	0	0	0	0	0	0	0	0	8	4	0	0	0	1	0	0
input/resources/OperationDefinition-PlanDefinition-i-apply.json	1275	0	0	0	0	0	0	0	1	0	0	0	0	0	0	0	0	0	0	0	7	5	0	0	0	0	0	0
input/resources/OperationDefinition-PlanDefinition-i-export.json	1266	1	0	0	0	0	0	0	0	1	0	0	0	0	0	0	0	0	0	0	7	4	0	0	0	0	0	0
input/resources/OperationDefinition-PlanDefinition-t-import.json	1176	0	0	0	0	0	0	0	0	0	0	0	0	0	0	0	0	0	0	0	7	4	0	0	0	0	0	0
input/resources/OperationDefinition-Questionnaire-i-create-clone.json	1435	0	0	0	0	0	0	0	0	1	0	0	0	0	0	0	0	0	0	0	7	4	0	0	0	0	0	0
input/resources/OperationDefinition-ehealth-appointment-toical.json	914	1	0	0	0	0	0	0	0	1	0	0	0	0	0	0	0	0	0	0	6	4	0	0	0	0	0	0
input/resources/OperationDefinition-ehealth-patient-create.json	2094	0	0	0	0	0	0	0	0	0	0	0	0	0	0	0	0	0	0	0	9	4	0	0	0	0	0	0
input/resources/OperationDefinition-ehealth-patient-skrs-update.json	1124	0	0	0	0	0	0	0	0	1	0	0	0	0	0	0	0	0	0	0	7	4	0	0	0	1	0	0
input/resources/OperationDefinition-ehealth-person-match.json	2594	1	0	0	1	0	0	0	0	0	0	0	0	0	0	0	0	0	0	0	10	5	0	0	0	0	0	0
input/resources/SearchParameter-ehealth-appointment-search-careteam-participant.json	651	0	0	0	0	0	0	0	0	2	0	0	0	0	0	0	0	0	0	0	7	4	0	0	0	0	0	0
input/resources/SearchParameter-ehealth-appointment-search-groupId.json	589	0	0	0	0	0	0	0	1	1	0	0	0	0	0	0	0	0	0	0	7	5	0	0	0	0	0	0
input/resources/SearchParameter-ehealth-appointment-search-intended-audience.json	623	1	0	0	0	0	0	0	0	3	0	0	0	0	0	0	0	0	0	0	7	4	0	0	0	0	0	0
input/resources/SearchParameter-ehealth-appointment-search-responsible.json	595	0	0	0	0	0	0	0	0	0	0	0	0	0	0	0	0	0	0	0	6	5	0	0	0	1	0	0
input/resources/SearchParameter-ehealth-communication-search-about.json	535	0	0	0	0	0	0	0	0	1	0	0	0	0	0	0	0	0	0	0	8	5	0	0	0	0	0	0
input/resources/SearchParameter-ehealth-communication-search-administrativeStatus.json	656	0	0	0	0	0	0	0	0	0	0	0	0	0	0	0	0	0	0	0	6	6	0	0	0	0	0	0
input/resources/SearchParameter-ehealth-communication-search-careCommunicationSenderCareTeam.json	789	0	0	0	0	0	0	0	0	1	0	0	0	0	0	0	0	0	0	0	7	5	0	0	0	0	0	1
input/resources/SearchParameter-ehealth-communication-search-careCommunicationSenderPractitioner.json	847	1	0	0	0	0	0	0	0	0	0	0	0	0	0	0	0	0	0	0	7	6	0	0	0	0	0	0
input/resources/SearchParameter-ehealth-communication-search-careTeamRecipient.json	655	0	0	0	0	0	0	0	0	1	0	0	0	0	0	0	0	0	0	0	7	5	0	0	0	1	0	0
input/resources/SearchParameter-ehealth-communication-search-careTeamSender.json	637	0	0	0	0	0	0	0	0	0	0	0	0	0	0	0	0	0	0	0	7	6	0	0	0	0	0	0
input/resources/SearchParameter-ehealth-communication-search-communicationCategory.json	565	0	0	0	0	0	0	0	0	1	0	0	0	0	0	0	0	0	0	0	6	5	0	0	0	0	0	0
input/resources/SearchParameter-ehealth-communication-search-episodeOfCare.json	606	1	0	0	0	0	0	0	0	0	0	0	0	0	0	0	0	0	0	0	7	6	0	0	0	0	0	0
input/resources/SearchParameter-ehealth-communication-search-groupId.json	601	0	0	0	0	0	0	0	0	1	0	0	0	0	0	0	0	0	0	0	6	5	0	0	0	0	0	0
input/resources/SearchParameter-ehealth-communication-search-on-behalf-of.json	610	0	0	0	0	0	0	0	0	0	0	0	0	0	0	0	0	0	0	0	7	6	0	0	0	0	0	0
input/resources/SearchParameter-ehealth-communication-search-participant.json	848	0	0	0	0	0	0	0	1	1	0	0	0	0	0	0	0	0	0	0	7	5	0	0	0	0	0	0
input/resources/SearchParameter-ehealth-communication-search-period.json	569	0	0	0	0	0	0	0	0	1	0	0	0	0	0	0	0	0	0	0	6	6	0	0	0	1	0	0
input/resources/SearchParameter-ehealth-communication-search-relates-to.json	946	1	0	0	0	0	0	0	0	0	0	0	0	0	0	0	0	0	0	0	7	6	0	0	0	0	0	0
input/resources/SearchParameter-ehealth-communication-search-restrictionCategory.json	650	0	0	0	0	0	0	0	0	1	0	0	0	0	0	0	0	0	0	0	7	6	0	0	0	0	0	0
input/resources/SearchParameter-ehealth-communication-search-threadId.json	585	0	0	0	0	0	0	0	0	0	0	0	0	0	0	0	0	0	0	0	6	6	0	0	0	0	0	0
input/resources/SearchParameter-ehealth-communication-search-topic.json	492	0	0	0	1	0	0	0	0	1	0	0	0	0	0	0	0	0	0	0	6	5	0	0	0	0	0	0
input/resources/SearchParameter-ehealth-patient-search-cpridentifier-unique.json	939	1	0	0	0	0	0	0	0	0	0	0	0	0	0	0	0	0	0	0	7	5	0	0	0	0	0	0
input/resources/SearchParameter-ehealth-patient-search-cpridentifier.json	562	0	0	0	0	0	0	0	0	1	0	0	0	0	0	0	0	1	0	0	6	6	0	0	0	1	0	0
input/resources/StructureDefinition-address-official.json	27049	2	0	9	0	0	0	0	0	0	0	0	0	0	0	0	0	0	0	0	46	110	0	0	0	1	0	0
input/resources/ValueSet-ehealth-access-provenance-activity.json	742	0	0	0	0	0	0	0	0	1	0	0	0	0	0	0	0	0	0	0	5	25	0	0	0	0	0	0
input/resources/ValueSet-ehealth-access-provenance-agent-role.json	753	1	0	0	0	0	0	0	0	0	0	0	0	0	0	0	0	0	0	0	5	24	0	0	0	0	0	0
input/resources/ValueSet-ehealth-action-guidance-for-types.json	1279	0	0	0	0	0	0	0	0	2	0	0	0	0	0	0	0	0	0	0	7	26	0	1	0	0	0	0
input/resources/ValueSet-ehealth-action-guidance-types.json	722	0	0	0	0	0	0	0	1	0	0	0	0	0	0	0	0	0	0	0	5	24	0	0	0	0	0	0
input/resources/ValueSet-ehealth-action.json	656	0	0	0	0	0	0	0	0	1	0	0	0	0	0	0	0	0	0	0	4	25	0	0	0	0	0	0
input/resources/ValueSet-ehealth-activitydefinition-code.json	1434	0	0	0	0	0	0	0	0	116	0	0	0	0	0	0	0	0	0	0	18	166	0	0	0	1	0	0
input/resources/ValueSet-ehealth-administrative-status.json	715	1	0	0	0	0	0	0	0	0	0	0	0	0	0	0	0	0	0	0	6	25	0	0	0	0	0	0
input/resources/ValueSet-ehealth-aggregation-mode-types.json	715	0	0	0	0	0	0	0	0	1	0	0	0	0	0	0	0	0	0	0	5	22	0	0	0	0	0	0
input/resources/ValueSet-ehealth-appointment-reason.json	705	0	0	0	0	0	0	0	0	1	0	0	0	0	0	0	0	0	0	0	6	23	0	0	0	0	0	0
input/resources/ValueSet-ehealth-appointment-servicetype.json	737	0	0	0	0	0	0	0	0	0	0	0	0	0	0	0	0	0	0	0	5	22	0	0	0	0	0	0
input/resources/ValueSet-ehealth-appointmenttype-codes.json	535	1	0	0	0	0	0	0	0	1	0	0	0	0	0	0	0	0	0	0	5	21	0	0	0	0	0	0
input/resources/ValueSet-ehealth-basic-resource-type.json	710	0	0	0	0	0	0	0	0	0	0	0	0	0	0	0	0	0	0	0	6	22	0	0	0	0	0	0
input/resources/ValueSet-ehealth-body-site.json	675	0	0	0	0	0	0	0	0	1	0	0	0	0	0	0	0	0	0	0	4	549	0	0	0	0	0	0
input/resources/ValueSet-ehealth-careplan-category.json	700	0	0	0	0	0	0	0	0	0	0	0	0	0	0	0	0	0	0	0	5	17	0	0	0	0	0	0
input/resources/ValueSet-ehealth-careteam-category.json	801	0	0	0	0	0	0	0	0	1	0	0	0	0	0	0	0	0	0	0	5	18	0	0	0	0	0	0
input/resources/ValueSet-ehealth-careteam-participant-role.json	748	1	0	0	0	0	0	0	0	0	0	0	0	0	0	0	0	0	0	0	5	20	0	0	0	1	0	0
input/resources/ValueSet-ehealth-clinicalimpression-codes.json	757	0	0	0	0	0	0	0	1	1	0	0	0	0	0	0	0	0	0	0	5	19	0	0	0	0	0	0
input/resources/ValueSet-ehealth-clinicalimpression-decision-codes.json	809	0	0	0	0	0	0	0	0	0	0	0	0	0	0	0	0	0	0	0	5	16	0	0	0	0	0	0
input/resources/ValueSet-ehealth-clinicalimpression-finding-codes.json	2328	0	0	0	0	0	0	0	0	59	0	0	0	0	0	0	0	0	0	0	16	82	0	0	0	0	0	0
input/resources/ValueSet-ehealth-clinicalimpression-investigation-item-codes.json	1016	1	0	0	0	0	0	0	0	163	0	0	0	0	0	0	0	0	0	0	6	74	0	0	0	1	0	0
input/resources/ValueSet-ehealth-communication-category.json	730	60	0	0	0	0	0	0	0	1	0	0	0	0	0	0	0	0	0	0	5	16	0	0	0	0	0	0
input/resources/ValueSet-ehealth-condition-conditions.json	551	1	0	0	0	0	0	0	0	0	0	0	0	0	0	0	0	0	0	0	5	21	0	0	0	0	0	0
input/resources/ValueSet-ehealth-condition-qualification-tele-wound.json	828	0	0	0	0	0	0	0	0	1	0	0	0	0	0	0	0	0	0	0	6	18	0	0	0	0	0	0
input/resources/ValueSet-ehealth-condition-qualification.json	780	1	0	0	0	0	0	0	0	0	0	0	0	0	0	0	0	0	0	0	4	18	0	0	0	0	0	0
input/resources/ValueSet-ehealth-conditions.json	5185	0	0	0	0	0	0	0	1	64	0	0	0	0	0	0	0	0	0	0	32	58	0	0	0	1	0	0
input/resources/ValueSet-ehealth-consent-category.json	708	0	0	0	0	0	0	0	0	1	0	0	0	0	0	0	0	0	0	0	5	17	0	0	0	0	0	0
input/resources/ValueSet-ehealth-consent-policy.json	719	0	0	0	0	0	0	0	0	1	0	0	0	0	0	0	0	0	0	0	5	15	0	0	0	0	0	0
input/resources/ValueSet-ehealth-consent-provision-class.json	844	1	0	0	0	0	0	0	0	1	0	0	0	0	0	0	0	0	0	0	7	15	0	0	0	1	0	0
input/resources/ValueSet-ehealth-consent-provision-code.json	855	0	0	0	0	0	0	0	0	0	0	0	0	0	0	0	0	0	0	0	6	16	0	0	0	0	0	0
input/resources/ValueSet-ehealth-consent-scope.json	817	0	0	0	1	0	0	0	0	1	0	0	0	0	0	0	0	0	0	0	5	17	0	0	0	0	0	0
input/resources/ValueSet-ehealth-contactpoint-custodian.json	852	0	0	0	0	0	0	0	0	0	0	0	0	0	0	0	0	0	0	0	5	15	0	0	0	0	0	0
input/resources/ValueSet-ehealth-contactpoint-system.json	983	1	0	0	0	0	0	0	0	1	0	0	0	0	0	0	0	0	0	0	6	16	0	0	0	0	0	0
input/resources/ValueSet-ehealth-data-absent-reason.json	1200	0	0	0	0	0	0	0	0	111	0	0	0	0	0	0	0	0	0	0	5	70	0	0	0	1	0	0
input/resources/ValueSet-ehealth-designation-use.json	761	0	0	0	0	0	0	0	1	1	0	0	0	0	0	0	0	0	0	0	6	17	0	0	0	0	0	0
input/resources/ValueSet-ehealth-device-calibration-actor.json	760	0	0	0	0	0	0	0	0	1	0	0	0	0	0	0	0	0	0	0	5	16	0	0	0	0	0	0
input/resources/ValueSet-ehealth-device-calibration-period.json	767	1	0	0	0	0	0	0	0	1	0	0	0	0	0	0	0	0	0	0	5	15	0	0	0	0	0	0
input/resources/ValueSet-ehealth-device-calibration-type.json	744	0	0	0	0	0	0	0	0	1	0	0	0	0	0	0	0	0	0	0	5	15	0	0	0	0	0	0
input/resources/ValueSet-ehealth-device-measurement-unit.json	905	0	0	0	0	0	0	0	0	1	0	0	0	0	0	0	0	0	0	0	7	18	0	0	0	0	0	0
input/resources/ValueSet-ehealth-device-measuring-quality.json	751	0	0	0	0	0	0	0	0	1	0	0	0	0	0	0	0	0	0	0	5	19	0	0	0	0	0	0
input/resources/ValueSet-ehealth-device-platform.json	833	1	0	0	0	0	0	0	0	1	0	0	0	0	0	0	0	0	0	0	6	17	0	0	0	1	0	0
input/resources/ValueSet-ehealth-device-safety.json	705	0	0	0	0	0	0	0	0	1	0	0	0	0	0	0	0	0	0	0	4	15	0	0	0	0	0	0
input/resources/ValueSet-ehealth-device-service-types.json	726	0	0	0	0	0	0	0	0	0	0	0	0	0	0	0	0	0	0	0	5	14	0	0	0	0	0	0
input/resources/ValueSet-ehealth-device-supplier-roles.json	733	0	0	0	0	0	0	0	0	1	0	0	0	0	0	0	0	0	0	0	6	16	0	0	0	0	0	0
input/resources/ValueSet-ehealth-device-types.json	934	1	0	0	0	0	0	0	0	54	0	0	0	0	0	0	0	0	0	0	6	69	0	0	0	0	0	0
input/resources/ValueSet-ehealth-device-use-reason.json	709	0	0	0	0	0	0	0	0	1	0	0	0	0	0	0	0	0	0	0	5	15	0	0	0	0	0	0
input/resources/ValueSet-ehealth-devicemetric-property-types.json	768	0	0	0	0	0	0	0	0	0	0	0	0	0	0	0	0	0	0	0	5	15	0	0	0	0	0	0
input/resources/ValueSet-ehealth-devicemetric-quality-types.json	764	0	0	0	0	0	0	0	1	1	0	0	0	0	0	0	0	0	0	0	5	15	0	0	0	1	0	0
input/resources/ValueSet-ehealth-document-category.json	713	1	0	0	0	0	0	0	0	0	0	0	0	0	0	0	0	0	0	0	5	16	0	0	0	0	0	0
input/resources/ValueSet-ehealth-document-class.json	894	0	0	0	0	0	0	0	0	55	0	0	0	0	0	0	0	0	0	0	6	74	0	0	0	0	0	0
input/resources/ValueSet-ehealth-document-reference-type.json	1111	0	0	0	0	0	0	0	0	112	0	0	0	0	0	0	0	0	0	0	6	73	0	0	0	0	0	0
input/resources/ValueSet-ehealth-document-sharing-state.json	721	0	0	0	0	0	0	0	0	1	0	0	0	0	0	0	0	0	0	0	5	16	0	0	0	0	0	0
input/resources/ValueSet-ehealth-document-type.json	926	1	0	0	0	0	0	0	0	57	0	0	0	0	0	0	0	0	0	0	6	126	0	1	0	1	0	0
input/resources/ValueSet-ehealth-ehealth-provenance-policies.json	762	0	0	0	0	0	0	0	0	1	0	0	0	0	0	0	0	0	0	0	5	16	0	0	0	0	0	0
input/resources/ValueSet-ehealth-ehealth-ucum-printsymbol-supplement.json	794	0	0	0	0	0	0	0	0	1	0	0	0	0	0	0	0	0	0	0	6	17	0	0	0	0	0	0
input/resources/ValueSet-ehealth-endpoint-connection-type-code.json	867	0	0	0	0	0	0	0	0	54	0	0	0	0	0	0	0	0	0	0	5	68	0	0	0	0	0	0
input/resources/ValueSet-ehealth-endpoint-payload-type-code.json	852	1	0	0	1	0	0	0	0	1	0	0	0	0	0	0	0	0	0	0	6	14	0	0	0	0	0	0
input/resources/ValueSet-ehealth-event-type-codes.json	750	0	0	0	0	0	0	0	0	1	0	0	0	0	0	0	0	0	0	0	5	18	0	0	0	0	0	0
input/resources/ValueSet-ehealth-facility-type-codes.json	5798	0	0	0	0	0	0	0	1	119	0	0	0	0	0	0	0	0	0	0	35	82	0	0	0	1	0	0
input/resources/ValueSet-ehealth-format-codes.json	726	0	0	0	0	0	0	0	0	1	0	0	0	0	0	0	0	0	0	0	5	17	0	0	0	0	0	0
input/resources/ValueSet-ehealth-fs3-health.json	1744	1	0	0	0	0	0	0	0	1	0	0	0	0	0	0	0	0	0	0	13	27	0	0	0	0	0	0
input/resources/ValueSet-ehealth-goal-description.json	729	0	0	0	0	0	0	0	0	0	0	0	0	0	0	0	0	0	0	0	5	17	0	0	0	0	0	0
input/resources/ValueSet-ehealth-goal-target-measure.json	760	0	0	0	0	0	0	0	0	1	0	0	0	0	0	0	0	0	0	0	5	22	0	0	0	0	0	0
input/resources/ValueSet-ehealth-health-conditions.json	679	0	0	0	0	0	0	0	0	1	0	0	0	0	0	0	0	0	0	0	6	17	0	0	0	1	0	0
input/resources/ValueSet-ehealth-itcompetencelevel-codes.json	1357	1	0	0	0	0	0	0	1	1	0	0	0	0	0	0	0	0	0	0	8	16	0	0	0	0	0	0
input/resources/ValueSet-ehealth-jurisdiction.json	644	0	0	0	0	0	0	0	0	1	0	0	0	0	0	0	0	0	0	0	5	15	0	0	0	0	0	0
input/resources/ValueSet-ehealth-library-type.json	818	0	0	0	0	0	0	0	0	0	0	0	0	0	0	0	0	0	0	0	6	15	0	0	0	0	0	0
input/resources/ValueSet-ehealth-material-assignment-participant-function.json	920	1	0	0	0	0	0	0	0	1	0	0	0	0	0	0	0	0	0	0	7	16	0	0	0	0	0	0
input/resources/ValueSet-ehealth-material-communication-category.json	750	0	0	0	0	0	0	0	0	1	0	0	0	0	0	0	0	0	0	0	5	16	0	0	0	0	0	0
input/resources/ValueSet-ehealth-material-registration-participant-function.json	1006	0	0	0	0	0	0	0	0	1	0	0	0	0	0	0	0	0	0	0	7	18	0	0	0	0	0	0
input/resources/ValueSet-ehealth-measurement-sharing-policies.json	804	0	0	0	0	0	0	0	0	0	0	0	0	0	0	0	0	0	0	0	6	16	0	0	0	0	0	0
input/resources/ValueSet-ehealth-media-codes.json	991	1	0	0	0	0	0	0	0	57	0	0	0	0	0	0	0	0	0	0	6	16	0	0	0	1	0	0
input/resources/ValueSet-ehealth-media-modality.json	844	0	0	0	0	0	0	0	0	1	0	0	0	0	0	0	0	0	0	0	5	15	0	0	0	0	0	0
input/resources/ValueSet-ehealth-media-view.json	820	0	0	0	0	0	0	0	0	0	0	0	0	0	0	0	0	0	0	0	5	143	0	0	0	0	0	0
input/resources/ValueSet-ehealth-message-category.json	970	0	0	0	1	0	0	0	0	1	0	0	0	0	0	0	0	0	0	0	6	16	0	0	0	0	0	0
input/resources/ValueSet-ehealth-message-medium.json	913	1	0	0	0	0	0	0	0	1	0	0	0	0	0	0	0	0	0	0	6	14	0	0	0	0	0	0
input/resources/ValueSet-ehealth-message-reasonCode.json	771	0	0	0	0	0	0	0	1	1	0	0	0	0	0	0	0	0	0	0	8	17	0	0	0	0	0	0
input/resources/ValueSet-ehealth-modifier-role.json	711	0	0	0	0	0	0	0	0	1	0	0	0	0	0	0	0	0	0	0	6	14	0	0	0	0	0	0
input/resources/ValueSet-ehealth-observation-codes.json	2732	0	0	0	0	0	0	0	0	62	0	0	0	0	0	0	0	0	0	0	41	26	0	0	0	1	0	0
input/resources/ValueSet-ehealth-observation-method.json	946	1	0	0	0	0	0	0	0	1	0	0	0	0	0	0	0	0	0	0	6	18	0	0	0	0	0	0
input/resources/ValueSet-ehealth-oio-bpp-competences.json	730	0	0	0	0	0	0	0	0	1	0	0	0	0	0	0	0	0	0	0	5	19	0	0	0	0	0	0
input/resources/ValueSet-ehealth-oio-bpp-roles.json	694	0	0	0	0	0	0	0	0	0	0	0	0	0	0	0	0	0	0	0	5	56	0	0	0	0	0	0
input/resources/ValueSet-ehealth-oio-organization-type.json	909	0	0	0	0	0	0	0	0	1	0	0	0	0	0	0	0	0	0	0	5	23	0	0	0	0	0	0
input/resources/ValueSet-ehealth-organization-relation-type.json	775	0	0	0	0	0	0	0	0	0	0	0	0	0	0	0	0	1	0	0	5	16	0	0	0	1	0	0
input/resources/ValueSet-ehealth-organization-source.json	865	0	0	0	0	0	0	0	0	1	0	0	0	0	0	0	0	0	0	0	6	15	0	0	0	0	0	0
input/resources/ValueSet-ehealth-organization-specialty.json	935	0	0	0	0	0	0	0	0	1	0	0	0	0	0	0	0	0	0	0	4	75	0	0	0	0	0	0
input/resources/ValueSet-ehealth-organization-synchronization-status.json	960	1	0	0	0	0	0	0	0	0	0	0	0	0	0	0	0	0	0	0	6	16	0	0	0	0	0	0
input/resources/ValueSet-ehealth-organization-type.json	1049	0	0	0	0	0	0	0	1	1	0	0	0	0	0	0	0	0	0	0	5	20	0	0	0	0	0	0
input/resources/ValueSet-ehealth-overviewUsageMode.json	750	0	0	0	0	0	0	0	0	0	0	0	0	0	0	0	0	0	0	0	5	15	0	0	0	0	0	0
input/resources/ValueSet-ehealth-participant-function.json	714	0	0	0	0	0	0	0	0	1	0	0	0	0	0	0	0	0	0	0	9	14	0	0	0	0	0	0
input/resources/ValueSet-ehealth-plandefinition-recommendation.json	792	1	0	0	1	0	0	0	0	0	0	0	0	0	0	0	0	0	0	0	6	16	0	0	0	0	0	0
input/resources/ValueSet-ehealth-practice-setting-codes.json	796	0	0	0	0	0	0	0	0	1	0	0	0	0	0	0	0	0	0	0	4	20	0	0	0	0	0	0
input/resources/ValueSet-ehealth-practitioner-competences.json	741	0	0	0	0	0	0	0	0	1	0	0	0	0	0	0	0	0	0	0	6	21	0	0	0	0	0	0
input/resources/ValueSet-ehealth-priority.json	656	0	0	0	0	0	0	0	0	0	0	0	0	0	0	0	0	0	0	0	5	30	0	0	0	1	0	0
input/resources/ValueSet-ehealth-program.json	811	1	0	0	0	0	0	0	0	1	0	0	0	0	0	0	0	0	0	0	6	20	0	0	0	0	0	0
input/resources/ValueSet-ehealth-property.json	742	0	0	0	0	0	0	0	0	0	0	0	0	0	0	0	0	0	0	0	5	19	0	0	0	0	0	1
input/resources/ValueSet-ehealth-quality-types.json	738	0	0	0	0	0	0	0	0	1	0	0	0	0	0	0	0	0	0	0	5	21	0	0	0	0	0	0
input/resources/ValueSet-ehealth-questionnaire-elements.json	771	0	0	0	0	0	0	0	0	0	0	0	0	0	0	0	0	0	0	0	5	21	0	0	0	0	0	0
input/resources/ValueSet-ehealth-questionnaire-item-control.json	1157	1	0	0	0	0	0	0	0	1	0	0	0	0	0	0	0	0	0	0	8	22	0	0	0	0	0	0
input/resources/ValueSet-ehealth-questionnaire-item-image-format.json	1489	0	0	0	0	0	0	0	1	59	0	0	0	0	0	0	0	0	0	0	6	82	0	0	0	0	0	0
input/resources/ValueSet-ehealth-questionnaire-item-significance-indicator.json	846	0	0	0	0	0	0	0	0	1	0	0	0	0	0	0	0	0	0	0	6	23	0	0	0	0	0	0
input/resources/ValueSet-ehealth-questionnaire-recommendation.json	784	1	0	0	0	0	0	0	0	1	0	0	0	0	0	0	0	0	0	0	5	22	0	1	0	0	0	0
input/resources/ValueSet-ehealth-questionnaire-types.json	884	0	0	0	0	0	0	0	0	55	0	0	0	0	0	0	0	0	0	0	6	75	0	0	0	1	0	0
input/resources/ValueSet-ehealth-reference-range-type.json	1144	0	0	0	0	0	0	0	0	0	0	0	0	0	0	0	0	0	0	0	8	26	0	0	0	0	0	0
input/resources/ValueSet-ehealth-regional-subdivision-codes.json	515	0	0	0	1	0	0	0	0	176	0	0	0	0	0	0	0	0	0	0	5	125	0	0	0	0	0	0
input/resources/ValueSet-ehealth-relatedperson-relationshiptype.json	3275	1	0	0	0	0	0	0	0	8	0	0	0	0	0	0	0	0	0	0	21	22	0	0	0	0	0	0
input/resources/ValueSet-ehealth-required-provenance-policies.json	1223	0	0	0	0	0	0	0	0	1	0	0	0	0	0	0	0	0	0	0	7	15	0	0	0	1	0	0
input/resources/ValueSet-ehealth-resolved-timing-type.json	743	0	0	0	0	0	0	0	1	1	0	0	0	0	0	0	0	0	0	0	5	19	0	0	0	0	0	0
input/resources/ValueSet-ehealth-restriction-category.json	746	1	0	0	0	0	0	0	0	0	0	0	0	0	0	0	0	0	0	0	5	15	0	0	0	0	0	0
input/resources/ValueSet-ehealth-sharing-approval-policies.json	851	0	0	0	0	0	0	0	0	1	0	0	0	0	0	0	0	0	0	0	6	17	0	0	0	0	0	0
input/resources/ValueSet-ehealth-situation-quality.json	762	0	0	0	0	0	0	0	0	1	0	0	0	0	0	0	0	0	0	0	5	15	0	0	0	0	0	0
input/resources/ValueSet-ehealth-sor-organization-specialty.json	4255	1	0	0	0	0	0	0	0	120	0	0	0	0	0	0	0	0	0	0	23	23	0	0	0	0	0	0
input/resources/ValueSet-ehealth-sor-organization-type.json	5717	0	0	0	0	0	0	0	1	4	0	0	0	0	0	0	0	0	0	0	35	27	0	0	0	1	0	0
input/resources/ValueSet-ehealth-system.json	718	0	0	0	0	0	0	0	0	1	0	0	0	0	0	0	0	0	0	0	5	15	0	0	0	0	0	0
input/resources/ValueSet-ehealth-task-category.json	690	1	0	0	0	0	0	0	0	1	0	0	0	0	0	0	0	0	0	0	5	15	0	0	0	0	0	0
input/resources/ValueSet-ehealth-thumbnail-size-category.json	821	0	0	0	0	0	0	0	0	0	0	0	0	0	0	0	0	0	0	0	5	14	0	0	0	0	0	0
input/resources/ValueSet-ehealth-thumbnail-status.json	779	0	0	0	1	0	0	0	0	1	0	0	0	0	0	0	0	0	0	0	5	16	0	0	0	1	0	0
input/resources/ValueSet-ehealth-topic-type.json	751	1	0	0	0	0	0	0	0	1	0	0	0	0	0	0	0	0	0	0	5	17	0	0	0	0	0	0
input/resources/ValueSet-ehealth-treatment-area-collection-xa.json	1171	0	0	0	0	0	0	0	0	1	0	0	0	0	0	0	0	0	0	0	6	33	0	0	0	0	0	0
input/resources/ValueSet-ehealth-treatment-area-collection-xb.json	1879	0	0	0	0	0	0	0	0	1	0	0	0	0	0	0	0	0	0	0	8	23	0	0	0	0	0	0
input/resources/ValueSet-ehealth-treatment-area-collection-xc.json	1407	1	0	0	0	0	0	0	0	1	0	0	0	0	0	0	0	0	0	0	6	17	0	0	0	0	0	0
input/resources/ValueSet-ehealth-treatment-area-xa-1.json	762	0	0	0	0	0	0	0	1	0	0	0	0	0	0	0	0	0	0	0	5	32	0	0	0	0	0	0
input/resources/ValueSet-ehealth-treatment-area-xb-1.json	1583	0	0	0	0	0	0	0	0	2	0	0	0	0	0	0	0	0	0	0	11	18	0	0	0	0	0	0
input/resources/ValueSet-ehealth-treatment-area-xb-2.json	878	0	0	0	0	0	0	0	0	1	0	0	0	0	0	0	0	0	0	0	7	16	0	0	0	1	0	0
input/resources/ValueSet-ehealth-treatment-area-xb-3.json	1119	1	0	0	0	0	0	0	0	1	0	0	0	0	0	0	0	0	0	0	8	16	0	0	0	0	0	0
input/resources/ValueSet-ehealth-treatment-area-xb-4.json	817	0	0	0	0	0	0	0	0	1	0	0	0	0	0	0	0	0	0	0	6	15	0	0	0	0	0	0
input/resources/ValueSet-ehealth-treatment-area-xb-5.json	1121	0	0	0	0	0	0	0	0	1	0	0	0	0	0	0	0	0	0	0	9	19	0	0	0	0	0	0
input/resources/ValueSet-ehealth-treatment-area-xb-6.json	3272	1	0	0	0	0	0	0	0	7	0	0	0	0	0	0	0	0	0	0	38	23	0	0	0	1	0	0
input/resources/ValueSet-ehealth-treatment-area-xb-7.json	779	0	0	0	0	0	0	0	1	1	0	0	0	0	0	0	0	0	0	0	6	16	0	0	0	0	0	0
input/resources/ValueSet-ehealth-treatment-area-xc-1.json	965	0	0	0	0	0	0	0	0	2	0	0	0	0	0	0	0	0	0	0	6	15	0	0	0	0	0	0
input/resources/ValueSet-ehealth-treatment-area-xc-2.json	1058	0	0	0	0	0	0	0	0	1	0	0	0	0	0	0	0	0	0	0	8	18	0	0	0	0	0	0
input/resources/ValueSet-ehealth-treatment-area-xc-3.json	914	1	0	0	0	0	0	0	0	1	0	0	0	0	0	0	0	0	0	0	6	16	0	0	0	0	0	0
input/resources/ValueSet-ehealth-trigger-behavior.json	849	0	0	0	1	0	0	0	0	1	0	0	0	0	0	0	0	0	0	0	7	15	0	0	0	1	0	0
input/resources/ValueSet-ehealth-trigger-enablement-code.json	769	0	0	0	0	0	0	0	0	1	0	0	0	0	0	0	0	0	0	0	5	14	0	0	0	0	0	0
input/resources/ValueSet-ehealth-unit-code.json	711	0	0	0	0	0	0	0	0	1	0	0	0	0	0	0	0	0	0	0	5	13	0	1	0	0	0	0
input/resources/ValueSet-ehealth-unit.json	833	1	0	0	0	0	0	0	0	1	0	0	0	0	0	0	0	0	0	0	5	531	0	0	0	0	0	0
input/resources/ValueSet-ehealth-usage-context-body-site-tele-wound.json	4955	0	0	0	0	0	0	0	1	5	0	0	0	0	0	0	0	0	0	0	28	26	0	0	0	0	0	0
input/resources/ValueSet-ehealth-usage-context-body-site.json	756	0	0	0	0	0	0	0	0	0	0	0	0	0	0	0	0	0	0	0	5	19	0	0	0	0	0	0
input/resources/ValueSet-ehealth-usage-context-task-type-tele-wound.json	913	1	0	0	0	0	0	0	0	2	0	0	0	0	0	0	0	0	0	0	6	15	0	0	0	1	0	0
input/resources/ValueSet-ehealth-usage-context-task-type.json	764	0	0	0	0	0	0	0	0	0	0	0	0	0	0	0	0	0	0	0	5	13	0	0	0	0	0	0
input/resources/ValueSet-ehealth-usage-context-type.json	6408	0	0	0	0	0	0	0	0	1	0	0	0	0	0	0	0	0	0	0	15	18	0	0	0	0	0	0
input/resources/ValueSet-ehealth-usage-context-workflow-tele-wound.json	1011	1	0	0	0	0	0	0	0	56	0	0	0	0	0	0	0	0	0	0	6	70	0	0	0	0	0	0
input/resources/ValueSet-ehealth-usage-context-workflow.json	759	0	0	0	0	0	0	0	0	1	0	0	0	0	0	0	0	0	0	0	9	16	0	0	0	0	0	0
input/resources/ValueSet-ehealth-usage-quality.json	792	0	0	0	1	0	0	0	0	0	0	0	0	0	0	0	0	0	0	0	5	15	0	0	0	0	0	0
input/resources/ValueSet-ehealth-view-for-type.json	1218	0	0	0	0	0	0	0	0	1	0	0	0	0	0	0	0	0	0	0	6	16	0	0	0	0	0	0
input/resources/ValueSet-ehealth-view-type.json	652	1	0	0	0	0	0	0	0	1	0	0	0	0	0	0	0	0	0	0	5	16	0	0	0	1	0	0
input/resources/ValueSet-ehealth-wound-conditions.json	7330	0	0	0	0	0	0	0	1	7	0	0	0	0	0	0	0	0	0	0	47	36	0	0	0	0	0	0
input/resources/ValueSet-kl.dk-fhir-common-caresocial-ValueSet-KLConditionCodesNursing.json	3323	1	0	0	0	0	0	0	1	3	0	0	0	0	0	0	0	0	0	0	28	24	0	0	0	2	0	0
input/resources/ValueSet-medcom-phmr-observation-vs.json	1789	0	0	0	0	0	0	0	0	2	0	0	0	0	0	0	0	0	0	0	14	18	0	0	0	0	0	0
input/resources/ValueSet-sundhedsdatastyrelsen-dk-ihe-classcode-vs.json	830	0	0	0	0	0	0	0	0	0	0	0	0	0	0	0	0	0	0	0	6	15	0	0	0	1	0	0
input/resources/ValueSet-sundhedsdatastyrelsen-dk-ihe-eventcodelists-vs.json	2475	0	0	0	0	0	0	0	0	3	0	0	0	0	0	0	0	0	0	0	18	20	0	0	0	0	0	0
input/resources/ValueSet-sundhedsdatastyrelsen-dk-ihe-formatcode-vs.json	3031	1	0	0	0	0	0	0	0	2	0	0	0	0	0	0	0	0	0	0	16	16	0	0	0	0	0	0
input/resources/ValueSet-sundhedsdatastyrelsen-dk-ihe-healthcarefacilitytypecode-vs.json	18480	0	0	0	0	0	0	0	2	284	0	0	0	0	0	0	0	1	0	0	37	130	0	0	0	1	0	0
input/resources/ValueSet-sundhedsdatastyrelsen-dk-ihe-practicesettingcode-vs.json	15736	1	0	0	0	0	0	0	1	117	0	0	0	0	0	0	0	0	0	0	32	100	0	0	0	1	0	0
input/resources/ValueSet-sundhedsdatastyrelsen-dk-ihe-typecode-vs.json	4530	0	0	0	0	0	0	0	0	58	0	0	0	0	0	0	0	0	0	0	15	19	0	0	0	0	0	0
input/resources/Valueset-audit-restriction-levels.json	817	1	0	0	0	0	0	0	0	1	0	0	0	0	0	0	0	0	0	0	5	180	0	0	0	0	0	0
input/resources/Valueset-ehealth-media-usage-mode.json	693	0	0	0	0	0	0	0	0	0	0	0	0	0	0	0	0	0	0	0	5	16	0	0	0	0	0	0
/input/includes/GET_Device.md	1622	-	-	-	0	0	0	0	0	0	0	0	0	0	0	0	0	0	0	0	0	0	0	0	0	0	0	0
/input/includes/GET_Composition_search.md	6618	-	-	-	0	0	0	0	0	0	0	0	0	0	0	0	0	0	0	0	0	1	0	0	0	0	0	0
/input/includes/GET_CareTeam_search.md	4073	-	-	-	0	0	0	0	0	0	0	0	0	0	0	0	0	0	0	0	0	0	0	0	0	0	0	0
/input/includes/PUT_Actionguidance.md	5912	-	-	-	0	0	0	0	0	0	0	0	0	0	0	0	0	0	0	0	0	1	0	0	0	0	0	0
/input/includes/GET_Consent_search.md	4202	-	-	-	0	0	0	0	0	0	0	0	0	0	0	0	0	0	0	0	0	0	0	0	0	0	0	0
/input/includes/PATCH_Condition.md	2964	-	-	-	0	0	0	0	0	0	0	0	0	0	0	0	0	0	0	0	0	0	0	0	0	0	0	0
/input/includes/POST_Patient_1.md	3130	-	-	-	0	0	0	0	0	0	0	0	0	0	0	0	0	0	0	0	0	1	0	0	0	0	0	0
/input/includes/POST_CarePlan_validate.md	4087	-	-	-	0	0	0	0	0	0	0	0	0	0	0	0	0	0	0	0	0	0	0	0	0	0	0	0
/input/includes/PATCH_RelatedPerson_1.md	2226	-	-	-	0	0	0	0	0	0	0	0	0	0	0	0	0	0	0	0	0	1	0	0	0	0	0	0
/input/includes/DELETE_PractitionerRole.md	1913	-	-	-	0	0	0	0	0	0	0	0	0	0	0	0	0	0	0	0	0	0	0	0	0	0	0	0
/input/includes/POST_Device.md	2221	-	-	-	0	0	0	0	0	0	0	0	0	0	0	0	0	0	0	0	0	0	0	0	0	0	0	0
/input/includes/GET_Binary.md	3241	-	-	-	0	0	0	0	0	0	0	0	0	0	0	0	0	0	0	0	0	0	0	0	0	0	0	0
/input/includes/GET_Communication_search.md	4371	-	-	-	0	0	0	0	0	0	0	0	0	0	0	0	0	0	0	0	0	1	0	0	0	0	0	0
/input/includes/GET_DeviceUseStatement_version.md	2056	-	-	-	0	0	0	0	0	0	0	0	0	0	0	0	0	0	0	0	0	0	0	0	0	0	0	0
/input/includes/POST_PlanDefinition_validate.md	3060	-	-	-	0	0	0	0	0	0	0	0	0	0	0	0	0	0	0	0	0	0	0	0	0	0	0	0
/input/includes/PUT_Appointment_Video.md	7967	-	-	-	0	0	0	0	0	0	0	0	0	0	0	0	0	0	0	0	0	1	0	0	0	0	0	0
/input/includes/PUT_ActivityDefinition.md	6059	-	-	-	0	0	0	0	0	0	0	0	0	0	0	0	0	0	0	0	0	1	0	0	0	0	0	0
/input/includes/PUT_Consent.md	4815	-	-	-	0	0	0	0	0	0	0	0	0	0	0	0	0	0	0	0	0	0	0	0	0	0	0	0
/input/includes/POST_Communication.md	4382	-	-	-	0	0	0	0	0	0	0	0	0	0	0	0	0	0	0	0	0	0	0	0	0	0	0	0
/input/includes/POST_Appointment_Video.md	7071	-	-	-	0	0	0	0	0	0	0	0	0	0	0	0	0	0	0	0	0	1	0	0	0	0	0	0
/input/includes/GET_DeviceMetric_version.md	3779	-	-	-	0	0	0	0	0	0	0	0	0	0	0	0	0	0	0	0	0	0	0	0	0	0	0	0
/input/includes/POST_Device_validate.md	2512	-	-	-	0	0	0	0	0	0	0	0	0	0	0	0	0	0	0	0	0	1	0	0	0	0	0	0
/input/includes/GET_Basic_version.md	3339	-	-	-	0	0	0	0	0	0	0	0	0	0	0	0	0	0	0	0	0	0	0	0	0	0	0	0
/input/includes/GET_Message_4.md	41998	-	-	-	0	0	0	0	0	0	0	0	0	0	0	0	0	0	0	0	0	2	0	0	0	0	0	0
/input/includes/GET_PlanDefinition_export.md	5637	-	-	-	0	0	0	0	0	0	0	0	0	0	0	0	0	0	0	0	0	0	0	0	0	0	0	0
/input/includes/GET_Library.md	2038	-	-	-	0	0	0	0	0	0	0	0	0	0	0	0	0	0	0	0	0	0	0	0	0	0	0	0
/input/includes/GET_StructureDefinition_search.md	3747	-	-	-	0	0	0	0	0	0	0	0	0	0	0	0	0	0	0	0	0	1	0	0	0	0	0	0
/input/includes/GET_ActivityDefinition.md	4272	-	-	-	0	0	0	0	0	0	0	0	0	0	0	0	0	0	0	0	0	0	0	0	0	0	0	0
/input/includes/GET_CommunicationRequest.md	1081	-	-	-	0	0	0	0	0	0	0	0	0	0	0	0	0	0	0	0	0	0	0	0	0	0	0	0
/input/includes/POST_Practitioner_validate.md	2172	-	-	-	0	0	0	0	0	0	0	0	0	0	0	0	0	0	0	0	0	0	0	0	0	0	0	0
/input/includes/PATCH_ClinicalImpression.md	2547	-	-	-	0	0	0	0	0	0	0	0	0	0	0	0	0	0	0	0	0	1	0	0	0	0	0	0
/input/includes/GET_PlanDefinition_search.md	7309	-	-	-	0	0	0	0	0	0	0	0	0	0	0	0	0	0	0	0	0	0	0	0	0	0	0	0
/input/includes/GET_Device_version.md	1741	-	-	-	0	0	0	0	0	0	0	0	0	0	0	0	0	0	0	0	0	0	0	0	0	0	0	0
/input/includes/POST_Goal.md	3241	-	-	-	0	0	0	0	0	0	0	0	0	0	0	0	0	0	0	0	0	0	0	0	0	0	0	0
/input/includes/DELETE_DeviceMetric.md	939	-	-	-	0	0	0	0	0	0	0	0	0	0	0	0	0	0	0	0	0	0	0	0	0	0	0	0
/input/includes/PATCH_Patient_7.md	2652	-	-	-	0	0	0	0	0	0	0	0	0	0	0	0	0	0	0	0	0	1	0	0	0	0	0	0
/input/includes/GET_Consent_version.md	3829	-	-	-	0	0	0	0	0	0	0	0	0	0	0	0	0	0	0	0	0	0	0	0	0	0	0	0
/input/includes/GET_DocumentReference_search.md	3643	-	-	-	0	0	0	0	0	0	0	0	0	0	0	0	0	0	0	0	0	0	0	0	0	0	0	0
/input/includes/POST_DocumentReference_validate.md	2873	-	-	-	0	0	0	0	0	0	0	0	0	0	0	0	0	0	0	0	0	0	0	0	0	0	0	0
/input/includes/GET_View_version.md	3084	-	-	-	0	0	0	0	0	0	0	0	0	0	0	0	0	0	0	0	0	0	0	0	0	0	0	0
/input/includes/POST_View.md	8975	-	-	-	0	0	0	0	0	0	0	0	0	0	0	0	0	0	0	0	0	1	0	0	0	0	0	0
/input/includes/GET_Provenance_search.md	2753	-	-	-	0	0	0	0	0	0	0	0	0	0	0	0	0	0	0	0	0	0	0	0	0	0	0	0
/input/includes/POST_Basic.md	5508	-	-	-	0	0	0	0	0	0	0	0	0	0	0	0	0	0	0	0	0	0	0	0	0	0	0	0
/input/includes/GET_ServiceRequest.md	3160	-	-	-	0	0	0	0	0	0	0	0	0	0	0	0	0	0	0	0	0	0	0	0	0	0	0	0
/input/includes/POST_StructureDefinition.md	2898	-	-	-	0	0	0	0	0	0	0	0	0	0	0	0	0	0	0	0	0	0	0	0	0	0	0	0
/input/includes/PUT_CommunicationRequest.md	4375	-	-	-	0	0	0	0	0	0	0	0	0	0	0	0	0	0	0	0	0	1	0	0	0	0	0	0
/input/includes/POST_ServiceRequest_validate.md	5855	-	-	-	0	0	0	0	0	0	0	0	0	0	0	0	0	0	0	0	0	0	0	0	0	0	0	0
/input/includes/GET_Practitioner_version.md	1508	-	-	-	0	0	0	0	0	0	0	0	0	0	0	0	0	0	0	0	0	0	0	0	0	0	0	0
/input/includes/POST_Questionnaire_create-clone.md	4645	-	-	-	0	0	0	0	0	0	0	0	0	0	0	0	0	0	0	0	0	0	0	0	0	0	0	0
/input/includes/POST_PlanDefinition_create-clone.md	21620	-	-	-	0	0	0	0	0	0	0	0	0	0	0	0	0	0	0	0	0	1	0	0	0	0	0	0
/input/includes/POST_Consent.md	4733	-	-	-	0	0	0	0	0	0	0	0	0	0	0	0	0	0	0	0	0	0	0	0	0	0	0	0
/input/includes/GET_Composition.md	3039	-	-	-	0	0	0	0	0	0	0	0	0	0	0	0	0	0	0	0	0	1	0	0	0	0	0	0
/input/includes/POST_Group_Appointment.md	7244	-	-	-	0	0	0	0	0	0	0	0	0	0	0	0	0	0	0	0	0	0	0	0	0	0	0	0
/input/includes/POST_Appointment_7.md	5859	-	-	-	0	0	0	0	0	0	0	0	0	0	0	0	0	0	0	0	0	0	0	0	0	0	0	0
/input/includes/PATCH_Communication.md	3090	-	-	-	0	0	0	0	0	0	0	0	0	0	0	0	0	0	0	0	0	1	0	0	0	0	0	0
/input/includes/PATCH_QuestionnaireResponse.md	2926	-	-	-	0	0	0	0	0	0	0	0	0	0	0	0	0	0	0	0	0	0	0	0	0	0	0	0
/input/includes/PUT_View.md	5748	-	-	-	0	0	0	0	0	0	0	0	0	0	0	0	0	0	0	0	0	0	0	0	0	0	0	0
/input/includes/PATCH_Appointment_Video.md	4632	-	-	-	0	0	0	0	0	0	0	0	0	0	0	0	0	0	0	0	0	0	0	0	0	0	0	0
/input/includes/POST_QuestionnaireResponse_validate.md	3573	-	-	-	0	0	0	0	0	0	0	0	0	0	0	0	0	0	0	0	0	1	0	0	0	0	0	0
/input/includes/GET_Goal_search.md	4427	-	-	-	0	0	0	0	0	0	0	0	0	0	0	0	0	0	0	0	0	0	0	0	0	0	0	0
/input/includes/GET_CommunicationRequest_version.md	2927	-	-	-	0	0	0	0	0	0	0	0	0	0	0	0	0	0	0	0	0	0	0	0	0	0	0	0
/input/includes/GET_Actionguidance_version.md	3179	-	-	-	0	0	0	0	0	0	0	0	0	0	0	0	0	0	0	0	0	1	0	0	0	0	0	0
/input/includes/PUT_Device.md	2500	-	-	-	0	0	0	0	0	0	0	0	0	0	0	0	0	0	0	0	0	0	0	0	0	0	0	0
/input/includes/GET_PractitionerRole_search.md	2737	-	-	-	0	0	0	0	0	0	0	0	0	0	0	0	0	0	0	0	0	0	0	0	0	0	0	0
/input/includes/PUT_QuestionnaireResponse.md	5274	-	-	-	0	0	0	0	0	0	0	0	0	0	0	0	0	0	0	0	0	0	0	0	0	0	0	0
/input/includes/PUT_Library.md	4318	-	-	-	0	0	0	0	0	0	0	0	0	0	0	0	0	0	0	0	0	1	0	0	0	0	0	0
/input/includes/GET_Organization_traverse-to-sor.md	2293	-	-	-	0	0	0	0	0	0	0	0	0	0	0	0	0	0	0	0	0	0	0	0	0	0	0	0
/input/includes/GET_CarePlan.md	2935	-	-	-	0	0	0	0	0	0	0	0	0	0	0	0	0	0	0	0	0	0	0	0	0	0	0	0
/input/includes/GET_QuestionnaireResponse_version.md	2951	-	-	-	0	0	0	0	0	0	0	0	0	0	0	0	0	0	0	0	0	0	0	0	0	0	0	0
/input/includes/PUT_CareTeam.md	3725	-	-	-	0	0	0	0	0	0	0	0	0	0	0	0	0	0	0	0	0	0	0	0	0	0	0	0
/input/includes/GET_EpisodeOfCare.md	2921	-	-	-	0	0	0	0	0	0	0	0	0	0	0	0	0	0	0	0	0	1	0	0	0	0	0	0
/input/includes/PATCH_Patient.md	6251	-	-	-	0	0	0	0	0	0	0	0	0	0	0	0	0	0	0	0	0	0	0	0	0	0	0	0
/input/includes/PUT_Basic.md	6650	-	-	-	0	0	0	0	0	0	0	0	0	0	0	0	0	0	0	0	0	0	0	0	0	0	0	0
/input/includes/GET_CareTeam.md	3032	-	-	-	0	0	0	0	0	0	0	0	0	0	0	0	0	0	0	0	0	0	0	0	0	0	0	0
/input/includes/GET_ClinicalImpression_search.md	3232	-	-	-	0	0	0	0	0	0	0	0	0	0	0	0	0	0	0	0	0	0	0	0	0	0	0	0
/input/includes/GET_Task.md	2583	-	-	-	0	0	0	0	0	0	0	0	0	0	0	0	0	0	0	0	0	1	0	0	0	0	0	0
/input/includes/POST_Composition.md	4989	-	-	-	0	0	0	0	0	0	0	0	0	0	0	0	0	0	0	0	0	0	0	0	0	0	0	0
/input/includes/GET_ServiceRequest_version.md	3517	-	-	-	0	0	0	0	0	0	0	0	0	0	0	0	0	0	0	0	0	0	0	0	0	0	0	0
/input/includes/GET_Media_search.md	1517	-	-	-	0	0	0	0	0	0	0	0	0	0	0	0	0	0	0	0	0	0	0	0	0	0	0	0
/input/includes/POST_CareTeam_validate.md	2760	-	-	-	0	0	0	0	0	0	0	0	0	0	0	0	0	0	0	0	0	0	0	0	0	0	0	0
/input/includes/PUT_Goal.md	3053	-	-	-	0	0	0	0	0	0	0	0	0	0	0	0	0	0	0	0	0	0	0	0	0	0	0	0
/input/includes/GET_Questionnaire_version.md	3376	-	-	-	0	0	0	0	0	0	0	0	0	0	0	0	0	0	0	0	0	1	0	0	0	0	0	0
/input/includes/POST_ActivityDefinition.md	6003	-	-	-	0	0	0	0	0	0	0	0	0	0	0	0	0	0	0	0	0	0	0	0	0	0	0	0
/input/includes/GET_Device_search.md	3198	-	-	-	0	0	0	0	0	0	0	0	0	0	0	0	0	0	0	0	0	0	0	0	0	0	0	0
/input/includes/POST_Questionnaire_validate.md	6120	-	-	-	0	0	0	0	0	0	0	0	0	0	0	0	0	0	0	0	0	0	0	0	0	0	0	0
/input/includes/DELETE_Questionnaire.md	2137	-	-	-	0	0	0	0	0	0	0	0	0	0	0	0	0	0	0	0	0	0	0	0	0	0	0	0
/input/includes/GET_DeviceMetric_search.md	4982	-	-	-	0	0	0	0	0	0	0	0	0	0	0	0	0	0	0	0	0	1	0	0	0	0	0	0
/input/includes/GET_DeviceMetric.md	3981	-	-	-	0	0	0	0	0	0	0	0	0	0	0	0	0	0	0	0	0	0	0	0	0	0	0	0
/input/includes/GET_Basic.md	2892	-	-	-	0	0	0	0	0	0	0	0	0	0	0	0	0	0	0	0	0	0	0	0	0	0	0	0
/input/includes/POST_StructureDefinition_validate.md	7904	-	-	-	0	0	0	0	0	0	0	0	0	0	0	0	0	0	0	0	0	0	0	0	0	0	0	0
/input/includes/GET_Appointment_Video.md	4145	-	-	-	0	0	0	0	0	0	0	0	0	0	0	0	0	0	0	0	0	0	0	0	0	0	0	0
/input/includes/POST_DeviceUseStatement.md	2814	-	-	-	0	0	0	0	0	0	0	0	0	0	0	0	0	0	0	0	0	1	0	0	0	0	0	0
/input/includes/GET_RelatedPerson_1.md	2800	-	-	-	0	0	0	0	0	0	0	0	0	0	0	0	0	0	0	0	0	0	0	0	0	0	0	0
/input/includes/POST_Message_1.md	3816	-	-	-	0	0	0	0	0	0	0	0	0	0	0	0	0	0	0	0	0	0	0	0	0	0	0	0
/input/includes/DELETE_CommunicationRequest.md	2028	-	-	-	0	0	0	0	0	0	0	0	0	0	0	0	0	0	0	0	0	0	0	0	0	0	0	0
/input/includes/GET_ActivityDefinition_version.md	4004	-	-	-	0	0	0	0	0	0	0	0	0	0	0	0	0	0	0	0	0	0	0	0	0	0	0	0
/input/includes/GET_Observation.md	4928	-	-	-	0	0	0	0	0	0	0	0	0	0	0	0	0	0	0	0	0	1	0	0	0	0	0	0
/input/includes/GET_Patient_1.md	2414	-	-	-	0	0	0	0	0	0	0	0	0	0	0	0	0	0	0	0	0	0	0	0	0	0	0	0
/input/includes/PUT_Organization.md	4034	-	-	-	0	0	0	0	0	0	0	0	0	0	0	0	0	0	0	0	0	0	0	0	0	0	0	0
/input/includes/PUT_RelatedPerson_1.md	3523	-	-	-	0	0	0	0	0	0	0	0	0	0	0	0	0	0	0	0	0	0	0	0	0	0	0	0
/input/includes/GET_Consent.md	3774	-	-	-	0	0	0	0	0	0	0	0	0	0	0	0	0	0	0	0	0	0	0	0	0	0	0	0
/input/includes/POST_Task.md	4142	-	-	-	0	0	0	0	0	0	0	0	0	0	0	0	0	0	0	0	0	1	0	0	0	0	0	0
/input/includes/POST_Communication_validate.md	3329	-	-	-	0	0	0	0	0	0	0	0	0	0	0	0	0	0	0	0	0	0	0	0	0	0	0	0
/input/includes/GET_StructureDefinition_version.md	1976	-	-	-	0	0	0	0	0	0	0	0	0	0	0	0	0	0	0	0	0	0	0	0	0	0	0	0
/input/includes/GET_Observation_search.md	1523	-	-	-	0	0	0	0	0	0	0	0	0	0	0	0	0	0	0	0	0	0	0	0	0	0	0	0
/input/includes/GET_Basic_search.md	5978	-	-	-	0	0	0	0	0	0	0	0	0	0	0	0	0	0	0	0	0	0	0	0	0	0	0	0
/input/includes/POST_CareTeam.md	3641	-	-	-	0	0	0	0	0	0	0	0	0	0	0	0	0	0	0	0	0	0	0	0	0	0	0	0
/input/includes/PUT_Media.md	6946	-	-	-	0	0	0	0	0	0	0	0	0	0	0	0	0	0	0	0	0	1	0	0	0	0	0	0
/input/includes/GET_PlanDefinition_version.md	3019	-	-	-	0	0	0	0	0	0	0	0	0	0	0	0	0	0	0	0	0	0	0	0	0	0	0	0
/input/includes/PUT_DeviceMetric.md	6564	-	-	-	0	0	0	0	0	0	0	0	0	0	0	0	0	0	0	0	0	0	0	0	0	0	0	0
/input/includes/GET_Organization_version.md	4233	-	-	-	0	0	0	0	0	0	0	0	0	0	0	0	0	0	0	0	0	0	0	0	0	0	0	0
/input/includes/POST_Library_validate.md	3497	-	-	-	0	0	0	0	0	0	0	0	0	0	0	0	0	0	0	0	0	0	0	0	0	0	0	0
/input/includes/DELETE_DocumentReference.md	1907	-	-	-	0	0	0	0	0	0	0	0	0	0	0	0	0	0	0	0	0	1	0	0	0	0	0	0
/input/includes/GET_Practitioner.md	872	-	-	-	0	0	0	0	0	0	0	0	0	0	0	0	0	0	0	0	0	0	0	0	0	0	0	0
/input/includes/PUT_StructureDefinition.md	2855	-	-	-	0	0	0	0	0	0	0	0	0	0	0	0	0	0	0	0	0	0	0	0	0	0	0	0
/input/includes/PATCH_Message_3.md	2421	-	-	-	0	0	0	0	0	0	0	0	0	0	0	0	0	0	0	0	0	0	0	0	0	0	0	0
/input/includes/GET_Provenance_version.md	1722	-	-	-	0	0	0	0	0	0	0	0	0	0	0	0	0	0	0	0	0	0	0	0	0	0	0	0
/input/includes/POST_ClinicalImpression.md	3711	-	-	-	0	0	0	0	0	0	0	0	0	0	0	0	0	0	0	0	0	0	0	0	0	0	0	0
/input/includes/GET_ClinicalImpression.md	1242	-	-	-	0	0	0	0	0	0	0	0	0	0	0	0	0	0	0	0	0	1	0	0	0	0	0	0
/input/includes/PUT_PractitionerRole.md	1963	-	-	-	0	0	0	0	0	0	0	0	0	0	0	0	0	0	0	0	0	0	0	0	0	0	0	0
/input/includes/GET_PractitionerRole.md	818	-	-	-	0	0	0	0	0	0	0	0	0	0	0	0	0	0	0	0	0	0	0	0	0	0	0	0
/input/includes/PUT_PlanDefinition.md	4070	-	-	-	0	0	0	0	0	0	0	0	0	0	0	0	0	0	0	0	0	0	0	0	0	0	0	0
/input/includes/PUT_DocumentReference.md	2617	-	-	-	0	0	0	0	0	0	0	0	0	0	0	0	0	0	0	0	0	0	0	0	0	0	0	0
/input/includes/GET_CommunicationRequest_search.md	5504	-	-	-	0	0	0	0	0	0	0	0	0	0	0	0	0	0	0	0	0	1	0	0	0	0	0	0
/input/includes/POST_CommunicationRequest.md	4271	-	-	-	0	0	0	0	0	0	0	0	0	0	0	0	0	0	0	0	0	0	0	0	0	0	0	0
/input/includes/POST_Observation_validate.md	3827	-	-	-	0	0	0	0	0	0	0	0	0	0	0	0	0	0	0	0	0	0	0	0	0	0	0	0
/input/includes/GET_Provenance.md	1704	-	-	-	0	0	0	0	0	0	0	0	0	0	0	0	0	0	0	0	0	0	0	0	0	0	0	0
/input/includes/POST_ActivityDefinition_validate.md	7152	-	-	-	0	0	0	0	0	0	0	0	0	0	0	0	0	0	0	0	0	1	0	0	0	0	0	0
/input/includes/PATCH_Task.md	2711	-	-	-	0	0	0	0	0	0	0	0	0	0	0	0	0	0	0	0	0	0	0	0	0	0	0	0
/input/includes/GET_Goal_version.md	1364	-	-	-	0	0	0	0	0	0	0	0	0	0	0	0	0	0	0	0	0	0	0	0	0	0	0	0
/input/includes/POST_EpisodeOfCare_validate.md	4284	-	-	-	0	0	0	0	0	0	0	0	0	0	0	0	0	0	0	0	0	1	0	0	0	0	0	0
/input/includes/POST_DeviceUseStatement_validate.md	2748	-	-	-	0	0	0	0	0	0	0	0	0	0	0	0	0	0	0	0	0	0	0	0	0	0	0	0
/input/includes/PATCH_Organization.md	2556	-	-	-	0	0	0	0	0	0	0	0	0	0	0	0	0	0	0	0	0	0	0	0	0	0	0	0
/input/includes/POST_Library.md	4396	-	-	-	0	0	0	0	0	0	0	0	0	0	0	0	0	0	0	0	0	0	0	0	0	0	0	0
/input/includes/PATCH_DocumentReference.md	2141	-	-	-	0	0	0	0	0	0	0	0	0	0	0	0	0	0	0	0	0	1	0	0	0	0	0	0
/input/includes/GET_View_search.md	4328	-	-	-	0	0	0	0	0	0	0	0	0	0	0	0	0	0	0	0	0	0	0	0	0	0	0	0
/input/includes/GET_PractitionerRole_version.md	1536	-	-	-	0	0	0	0	0	0	0	0	0	0	0	0	0	0	0	0	0	0	0	0	0	0	0	0
/input/includes/POST_ClinicalImpression_validate.md	2955	-	-	-	0	0	0	0	0	0	0	0	0	0	0	0	0	0	0	0	0	1	0	0	0	0	0	0
/input/includes/POST_PractitionerRole_validate.md	2199	-	-	-	0	0	0	0	0	0	0	0	0	0	0	0	0	0	0	0	0	0	0	0	0	0	0	0
/input/includes/GET_Appointment_5.md	3189	-	-	-	0	0	0	0	0	0	0	0	0	0	0	0	0	0	0	0	0	0	0	0	0	0	0	0
/input/includes/POST_Task_validate.md	3412	-	-	-	0	0	0	0	0	0	0	0	0	0	0	0	0	0	0	0	0	0	0	0	0	0	0	0
/input/includes/GET_PlanDefinition.md	2711	-	-	-	0	0	0	0	0	0	0	0	0	0	0	0	0	0	0	0	0	1	0	0	0	0	0	0
/input/includes/POST_Condition.md	2637	-	-	-	0	0	0	0	0	0	0	0	0	0	0	0	0	0	0	0	0	0	0	0	0	0	0	0
/input/includes/POST_QuestionnaireResponse.md	4404	-	-	-	0	0	0	0	0	0	0	0	0	0	0	0	0	0	0	0	0	0	0	0	0	0	0	0
/input/includes/GET_QuestionnaireResponse.md	3284	-	-	-	0	0	0	0	0	0	0	0	0	0	0	0	0	0	0	0	0	1	0	0	0	0	0	0
/input/includes/GET_Observation_version.md	3104	-	-	-	0	0	0	0	0	0	0	0	0	0	0	0	0	0	0	0	0	0	0	0	0	0	0	0
/input/includes/GET_Organization.md	2336	-	-	-	0	0	0	0	0	0	0	0	0	0	0	0	0	0	0	0	0	0	0	0	0	0	0	0
/input/includes/DELETE_Binary.md	1773	-	-	-	0	0	0	0	0	0	0	0	0	0	0	0	0	0	0	0	0	0	0	0	0	0	0	0
/input/includes/GET_Practitioner_search.md	3069	-	-	-	0	0	0	0	0	0	0	0	0	0	0	0	0	0	0	0	0	0	0	0	0	0	0	0
/input/includes/GET_Condition_version.md	2262	-	-	-	0	0	0	0	0	0	0	0	0	0	0	0	0	0	0	0	0	0	0	0	0	0	0	0
/input/includes/DELETE_RelatedPerson_1.md	842	-	-	-	0	0	0	0	0	0	0	0	0	0	0	0	0	0	0	0	0	1	0	0	0	0	0	0
/input/includes/GET_Media.md	1882	-	-	-	0	0	0	0	0	0	0	0	0	0	0	0	0	0	0	0	0	0	0	0	0	0	0	0
/input/includes/POST_DocumentReference.md	2328	-	-	-	0	0	0	0	0	0	0	0	0	0	0	0	0	0	0	0	0	0	0	0	0	0	0	0
/input/includes/POST_Questionnaire.md	5178	-	-	-	0	0	0	0	0	0	0	0	0	0	0	0	0	0	0	0	0	0	0	0	0	0	0	0
/input/includes/GET_Questionnaire_search.md	5167	-	-	-	0	0	0	0	0	0	0	0	0	0	0	0	0	0	0	0	0	1	0	0	0	0	0	0
/input/includes/PUT_ServiceRequest.md	5651	-	-	-	0	0	0	0	0	0	0	0	0	0	0	0	0	0	0	0	0	0	0	0	0	0	0	0
/input/includes/POST_Consent_validate.md	4173	-	-	-	0	0	0	0	0	0	0	0	0	0	0	0	0	0	0	0	0	0	0	0	0	0	0	0
/input/includes/GET_Communication.md	3171	-	-	-	0	0	0	0	0	0	0	0	0	0	0	0	0	0	0	0	0	0	0	0	0	0	0	0
/input/includes/POST_Media_get-data.md	7683	-	-	-	0	0	0	0	0	0	0	0	0	0	0	0	0	0	0	0	0	0	0	0	0	0	0	0
/input/includes/PATCH_Observation.md	3083	-	-	-	0	0	0	0	0	0	0	0	0	0	0	0	0	0	0	0	0	1	0	0	0	0	0	0
/input/includes/DELETE_Composition.md	1864	-	-	-	0	0	0	0	0	0	0	0	0	0	0	0	0	0	0	0	0	0	0	0	0	0	0	0
/input/includes/GET_EpisodeOfCare_search.md	6313	-	-	-	0	0	0	0	0	0	0	0	0	0	0	0	0	0	0	0	0	0	0	0	0	0	0	0
/input/includes/PATCH_Media.md	4140	-	-	-	0	0	0	0	0	0	0	0	0	0	0	0	0	0	0	0	0	0	0	0	0	0	0	0
/input/includes/GET_EpisodeOfCare_version.md	3242	-	-	-	0	0	0	0	0	0	0	0	0	0	0	0	0	0	0	0	0	0	0	0	0	0	0	0
/input/includes/PUT_Appointment_5.md	5981	-	-	-	0	0	0	0	0	0	0	0	0	0	0	0	0	0	0	0	0	1	0	0	0	0	0	0
/input/includes/GET_CareTeam_version.md	2369	-	-	-	0	0	0	0	0	0	0	0	0	0	0	0	0	0	0	0	0	0	0	0	0	0	0	0
/input/includes/GET_Library_search.md	3992	-	-	-	0	0	0	0	0	0	0	0	0	0	0	0	0	0	0	0	0	0	0	0	0	0	0	0
/input/includes/PATCH_EpisodeOfCare.md	2927	-	-	-	0	0	0	0	0	0	0	0	0	0	0	0	0	0	0	0	0	0	0	0	0	0	0	0
/input/includes/DELETE_CareTeam.md	1787	-	-	-	0	0	0	0	0	0	0	0	0	0	0	0	0	0	0	0	0	0	0	0	0	0	0	0
/input/includes/POST_RelatedPerson_1.md	3117	-	-	-	0	0	0	0	0	0	0	0	0	0	0	0	0	0	0	0	0	1	0	0	0	0	0	0
/input/includes/POST_ActivityDefinition_create-clone.md	11539	-	-	-	0	0	0	0	0	0	0	0	0	0	0	0	0	0	0	0	0	0	0	0	0	0	0	0
/input/includes/POST_Condition_validate.md	2898	-	-	-	0	0	0	0	0	0	0	0	0	0	0	0	0	0	0	0	0	0	0	0	0	0	0	0
/input/includes/PUT_Questionnaire.md	5354	-	-	-	0	0	0	0	0	0	0	0	0	0	0	0	0	0	0	0	0	0	0	0	0	0	0	0
/input/includes/GET_DocumentReference_version.md	1824	-	-	-	0	0	0	0	0	0	0	0	0	0	0	0	0	0	0	0	0	1	0	0	0	0	0	0
/input/includes/GET_Media_version.md	3912	-	-	-	0	0	0	0	0	0	0	0	0	0	0	0	0	0	0	0	0	0	0	0	0	0	0	0
/input/includes/GET_Condition.md	1521	-	-	-	0	0	0	0	0	0	0	0	0	0	0	0	0	0	0	0	0	0	0	0	0	0	0	0
/input/includes/POST_Practitioner.md	3265	-	-	-	0	0	0	0	0	0	0	0	0	0	0	0	0	0	0	0	0	0	0	0	0	0	0	0
/input/includes/GET_CarePlan_search.md	10140	-	-	-	0	0	0	0	0	0	0	0	0	0	0	0	0	0	0	0	0	1	0	0	0	0	0	0
/input/includes/DELETE_StructureDefinition.md	1900	-	-	-	0	0	0	0	0	0	0	0	0	0	0	0	0	0	0	0	0	0	0	0	0	0	0	0
/input/includes/GET_Library_version.md	2768	-	-	-	0	0	0	0	0	0	0	0	0	0	0	0	0	0	0	0	0	0	0	0	0	0	0	0
/input/includes/GET_Task_search.md	452084	-	-	-	0	0	0	0	0	0	0	0	0	0	0	0	0	0	0	0	0	4	0	0	0	0	0	0
/input/includes/GET_Questionnaire.md	3546	-	-	-	0	0	0	0	0	0	0	0	0	0	0	0	0	0	0	0	0	1	0	0	0	0	0	0
/input/includes/PUT_DeviceUseStatement.md	2932	-	-	-	0	0	0	0	0	0	0	0	0	0	0	0	0	0	0	0	0	0	0	0	0	0	0	0
/input/includes/GET_ActivityDefinition_search.md	4122	-	-	-	0	0	0	0	0	0	0	0	0	0	0	0	0	0	0	0	0	0	0	0	0	0	0	0
/input/includes/GET_ClinicalImpression_version.md	2543	-	-	-	0	0	0	0	0	0	0	0	0	0	0	0	0	0	0	0	0	0	0	0	0	0	0	0
/input/includes/GET_QuestionnaireResponse_search.md	1533	-	-	-	0	0	0	0	0	0	0	0	0	0	0	0	0	0	0	0	0	0	0	0	0	0	0	0
/input/includes/PATCH_Appointment_5.md	3425	-	-	-	0	0	0	0	0	0	0	0	0	0	0	0	0	0	0	0	0	1	0	0	0	0	0	0
/input/includes/GET_Actionguidance_search.md	4070	-	-	-	0	0	0	0	0	0	0	0	0	0	0	0	0	0	0	0	0	0	0	0	0	0	0	0
/input/includes/POST_Organization_validate.md	3172	-	-	-	0	0	0	0	0	0	0	0	0	0	0	0	0	0	0	0	0	0	0	0	0	0	0	0
/input/includes/POST_DeviceMetric.md	6413	-	-	-	0	0	0	0	0	0	0	0	0	0	0	0	0	0	0	0	0	0	0	0	0	0	0	0
/input/includes/POST_Provenance_validate.md	2632	-	-	-	0	0	0	0	0	0	0	0	0	0	0	0	0	0	0	0	0	0	0	0	0	0	0	0
/input/includes/GET_Communication_version.md	2986	-	-	-	0	0	0	0	0	0	0	0	0	0	0	0	0	0	0	0	0	1	0	0	0	0	0	0
/input/includes/POST_Organization.md	4444	-	-	-	0	0	0	0	0	0	0	0	0	0	0	0	0	0	0	0	0	0	0	0	0	0	0	0
/input/includes/POST_Actionguidance.md	9177	-	-	-	0	0	0	0	0	0	0	0	0	0	0	0	0	0	0	0	0	0	0	0	0	0	0	0
/input/includes/GET_Task_version.md	3186	-	-	-	0	0	0	0	0	0	0	0	0	0	0	0	0	0	0	0	0	0	0	0	0	0	0	0
/input/includes/PUT_CarePlan.md	6920	-	-	-	0	0	0	0	0	0	0	0	0	0	0	0	0	0	0	0	0	1	0	0	0	0	0	0
/input/includes/POST_PractitionerRole.md	1892	-	-	-	0	0	0	0	0	0	0	0	0	0	0	0	0	0	0	0	0	0	0	0	0	0	0	0
/input/includes/GET_CarePlan_version.md	3735	-	-	-	0	0	0	0	0	0	0	0	0	0	0	0	0	0	0	0	0	0	0	0	0	0	0	0
/input/includes/GET_DeviceUseStatement_search.md	3972	-	-	-	0	0	0	0	0	0	0	0	0	0	0	0	0	0	0	0	0	1	0	0	0	0	0	0
/input/includes/POST_PlanDefinition.md	4013	-	-	-	0	0	0	0	0	0	0	0	0	0	0	0	0	0	0	0	0	0	0	0	0	0	0	0
/input/includes/PUT_Practitioner.md	1992	-	-	-	0	0	0	0	0	0	0	0	0	0	0	0	0	0	0	0	0	0	0	0	0	0	0	0
/input/includes/DELETE_Message_3.md	844	-	-	-	0	0	0	0	0	0	0	0	0	0	0	0	0	0	0	0	0	0	0	0	0	0	0	0
/input/includes/POST_Person.md	4917	-	-	-	0	0	0	0	0	0	0	0	0	0	0	0	0	0	0	0	0	1	0	0	0	0	0	0
/input/includes/GET_Organization_search.md	6653	-	-	-	0	0	0	0	0	0	0	0	0	0	0	0	0	0	0	0	0	0	0	0	0	0	0	0
/input/includes/GET_DocumentReference.md	2321	-	-	-	0	0	0	0	0	0	0	0	0	0	0	0	0	0	0	0	0	0	0	0	0	0	0	0
/input/includes/POST_Media_validate.md	5063	-	-	-	0	0	0	0	0	0	0	0	0	0	0	0	0	0	0	0	0	1	0	0	0	0	0	0
/input/includes/GET_Binary_version.md	1542	-	-	-	0	0	0	0	0	0	0	0	0	0	0	0	0	0	0	0	0	0	0	0	0	0	0	0
/fsh-generated/includes/menu.xml	3790	-	-	-	0	0	0	0	0	0	0	0	0	0	0	0	0	0	0	0	0	0	0	0	0	0	0	0
/fsh-generated/includes/fsh-link-references.md	50039	-	-	-	0	0	0	0	0	0	0	0	0	0	0	0	0	0	0	0	0	1	0	0	0	0	0	0
/input/intro-notes/StructureDefinition-ehealth-practitioner-intro.md	3641	-	-	-	0	0	0	0	0	0	0	0	0	0	0	0	0	0	0	0	0	0	0	0	0	0	0	0
/input/intro-notes/StructureDefinition-ehealth-view-intro.md	4056	-	-	-	0	0	0	0	0	0	0	0	0	0	0	0	0	0	0	0	0	0	0	0	0	0	0	0
/input/intro-notes/StructureDefinition-ehealth-group-appointment-intro.md	1070	-	-	-	0	0	0	0	0	0	0	0	0	0	0	0	0	0	0	0	0	0	0	0	0	0	0	0
/input/intro-notes/StructureDefinition-ehealth-correspondance-intro.md	0	-	-	-	0	0	0	0	0	0	0	0	0	0	0	0	0	0	0	0	0	0	0	0	0	0	0	0
/input/intro-notes/StructureDefinition-ehealth-appointmentresponse-intro.md	1205	-	-	-	0	0	0	0	0	0	0	0	0	0	0	0	0	0	0	0	0	0	0	0	0	0	0	0
/input/intro-notes/StructureDefinition-ehealth-questionnaire-advanced-intro.md	3074	-	-	-	0	0	0	0	0	0	0	0	0	0	0	0	0	0	0	0	0	0	0	0	0	0	0	0
/input/intro-notes/StructureDefinition-ehealth-videoappointment-intro.md	3431	-	-	-	0	0	0	0	0	0	0	0	0	0	0	0	0	0	0	0	0	0	0	0	0	0	0	0
/input/intro-notes/StructureDefinition-ehealth-careteam-intro.md	2986	-	-	-	0	0	0	0	0	0	0	0	0	0	0	0	0	0	0	0	0	1	0	0	0	0	0	0
/input/intro-notes/StructureDefinition-ehealth-transformation-documentreference-intro.md	3213	-	-	-	0	0	0	0	0	0	0	0	0	0	0	0	0	0	0	0	0	0	0	0	0	0	0	0
/input/intro-notes/StructureDefinition-ehealth-skrsPatient-intro.md	152	-	-	-	0	0	0	0	0	0	0	0	0	0	0	0	0	0	0	0	0	0	0	0	0	0	0	0
/input/intro-notes/StructureDefinition-ehealth-provenance-intro.md	3063	-	-	-	0	0	0	0	0	0	0	0	0	0	0	0	0	0	0	0	0	0	0	0	0	0	0	0
/input/intro-notes/StructureDefinition-ehealth-goal-intro.md	956	-	-	-	0	0	0	0	0	0	0	0	0	0	0	0	0	0	0	0	0	0	0	0	0	0	0	0
/input/intro-notes/StructureDefinition-ehealth-condition-intro.md	885	-	-	-	0	0	0	0	0	0	0	0	0	0	0	0	0	0	0	0	0	0	0	0	0	0	0	0
/input/intro-notes/StructureDefinition-ehealth-definedquestion-intro.md	2370	-	-	-	0	0	0	0	0	0	0	0	0	0	0	0	0	0	0	0	0	0	0	0	0	0	0	0
/input/intro-notes/StructureDefinition-ehealth-communication-request-intro.md	3063	-	-	-	0	0	0	0	0	0	0	0	0	0	0	0	0	0	0	0	0	0	0	0	0	0	0	0
/input/intro-notes/StructureDefinition-ehealth-access-consent-intro.md	2151	-	-	-	0	0	0	0	0	0	0	0	0	0	0	0	0	0	0	0	0	1	0	0	0	0	0	0
/input/intro-notes/StructureDefinition-ehealth-relatedperson-intro.md	180	-	-	-	0	0	0	0	0	0	0	0	0	0	0	0	0	0	0	0	0	0	0	0	0	0	0	0
/input/intro-notes/StructureDefinition-ehealth-group-videoappointment-intro.md	1070	-	-	-	0	0	0	0	0	0	0	0	0	0	0	0	0	0	0	0	0	0	0	0	0	0	0	0
/input/intro-notes/StructureDefinition-ehealth-organization-intro.md	4904	-	-	-	0	0	0	0	0	0	0	0	0	0	0	0	0	0	0	0	0	0	0	0	0	0	0	0
/input/intro-notes/StructureDefinition-ehealth-library-intro.md	2810	-	-	-	0	0	0	0	0	0	0	0	0	0	0	0	0	0	0	0	0	0	0	0	0	0	0	0
/input/intro-notes/StructureDefinition-ehealth-actionguidance-intro.md	4315	-	-	-	0	0	0	0	0	0	0	0	0	0	0	0	0	0	0	0	0	0	0	0	0	0	0	0
/input/intro-notes/StructureDefinition-ehealth-observation-wound-dimensions-intro.md	785	-	-	-	0	0	0	0	0	0	0	0	0	0	0	0	0	0	0	0	0	0	0	0	0	0	0	0
/input/intro-notes/StructureDefinition-ehealth-plandefinition-intro.md	9107	-	-	-	0	0	0	0	0	0	0	0	0	0	0	0	0	0	0	0	0	1	0	0	0	0	0	0
/input/intro-notes/StructureDefinition-ehealth-careplan-intro.md	1940	-	-	-	0	0	0	0	0	0	0	0	0	0	0	0	0	0	0	0	0	0	0	0	0	0	0	0
/input/intro-notes/StructureDefinition-ehealth-questionnaireresponse-intro.md	1594	-	-	-	0	0	0	0	0	0	0	0	0	0	0	0	0	0	0	0	0	0	0	0	0	0	0	0
/input/intro-notes/StructureDefinition-ehealth-activitydefinition-intro.md	5407	-	-	-	0	0	0	0	0	0	0	0	0	0	0	0	0	0	0	0	0	0	0	0	0	0	0	0
/input/intro-notes/StructureDefinition-ehealth-deviceusestatement-intro.md	2144	-	-	-	0	0	0	0	0	0	0	0	0	0	0	0	0	0	0	0	0	0	0	0	0	0	0	0
/input/intro-notes/StructureDefinition-ehealth-consent-intro.md	12455	-	-	-	0	0	0	0	0	0	0	0	0	0	0	0	0	0	0	0	0	0	0	0	0	0	0	0
/input/intro-notes/StructureDefinition-ehealth-detached-provenance-intro.md	1275	-	-	-	0	0	0	0	0	0	0	0	0	0	0	0	0	0	0	0	0	1	0	0	0	0	0	0
/input/intro-notes/StructureDefinition-ehealth-message-intro.md	9395	-	-	-	0	0	0	0	0	0	0	0	0	0	0	0	0	0	0	0	0	0	0	0	0	0	0	0
/input/intro-notes/StructureDefinition-ehealth-carecommunication-intro.md	5222	-	-	-	0	0	0	0	0	0	0	0	0	0	0	0	0	0	0	0	0	0	0	0	0	0	0	0
/input/intro-notes/StructureDefinition-ehealth-access-provenance-intro.md	1123	-	-	-	0	0	0	0	0	0	0	0	0	0	0	0	0	0	0	0	0	0	0	0	0	0	0	0
/input/intro-notes/StructureDefinition-ehealth-guidanceresponse-intro.md	1467	-	-	-	0	0	0	0	0	0	0	0	0	0	0	0	0	0	0	0	0	0	0	0	0	0	0	0
/input/intro-notes/StructureDefinition-ehealth-device-intro.md	2227	-	-	-	0	0	0	0	0	0	0	0	0	0	0	0	0	0	0	0	0	0	0	0	0	0	0	0
/input/intro-notes/StructureDefinition-ehealth-composition-intro.md	982	-	-	-	0	0	0	0	0	0	0	0	0	0	0	0	0	0	0	0	0	0	0	0	0	0	0	0
/input/intro-notes/StructureDefinition-ehealth-task-intro.md	7937	-	-	-	0	0	0	0	0	0	0	0	0	0	0	0	0	0	0	0	0	0	0	0	0	0	0	0
/input/intro-notes/StructureDefinition-ehealth-questionnaire-intro.md	9064	-	-	-	0	0	0	0	0	0	0	0	0	0	0	0	0	0	0	0	0	0	0	0	0	0	0	0
/input/intro-notes/StructureDefinition-ehealth-patient-intro.md	3224	-	-	-	0	0	0	0	0	0	0	0	0	0	0	0	0	0	0	0	0	1	0	0	0	0	0	0
/input/intro-notes/StructureDefinition-ehealth-clinicalimpression-intro.md	5216	-	-	-	0	0	0	0	0	0	0	0	0	0	0	0	0	0	0	0	0	0	0	0	0	0	0	0
/input/intro-notes/StructureDefinition-ehealth-appointment-intro.md	2408	-	-	-	0	0	0	0	0	0	0	0	0	0	0	0	0	0	0	0	0	0	0	0	0	0	0	0
/input/intro-notes/StructureDefinition-ehealth-episodeofcare-intro.md	5880	-	-	-	0	0	0	0	0	0	0	0	0	0	0	0	0	0	0	0	0	0	0	0	0	0	0	0
/input/intro-notes/StructureDefinition-ehealth-documentreference-intro.md	12166	-	-	-	0	0	0	0	0	0	0	0	0	0	0	0	0	0	0	0	0	0	0	0	0	0	0	0
/input/intro-notes/StructureDefinition-ehealth-servicerequest-intro.md	5671	-	-	-	0	0	0	0	0	0	0	0	0	0	0	0	0	0	0	0	0	0	0	0	0	0	0	0
/input/intro-notes/StructureDefinition-ehealth-material-communication-intro.md	3216	-	-	-	0	0	0	0	0	0	0	0	0	0	0	0	0	0	0	0	0	0	0	0	0	0	0	0
/input/intro-notes/StructureDefinition-ehealth-auditevent-intro.md	14545	-	-	-	0	0	0	0	0	0	0	0	0	0	0	0	0	0	0	0	0	0	0	0	0	0	0	0
/input/intro-notes/StructureDefinition-ehealth-media-intro.md	3482	-	-	-	0	0	0	0	0	0	0	0	0	0	0	0	0	0	0	0	0	1	0	0	0	0	0	0
/input/intro-notes/StructureDefinition-ehealth-practitionerrole-intro.md	134	-	-	-	0	0	0	0	0	0	0	0	0	0	0	0	0	0	0	0	0	0	0	0	0	0	0	0
/input/intro-notes/StructureDefinition-ehealth-observation-intro.md	4413	-	-	-	0	0	0	0	0	0	0	0	0	0	0	0	0	0	0	0	0	0	0	0	0	0	0	0
/input/intro-notes/StructureDefinition-ehealth-devicemetric-intro.md	2357	-	-	-	0	0	0	0	0	0	0	0	0	0	0	0	0	0	0	0	0	0	0	0	0	0	0	0
/input/intro-notes/StructureDefinition-ehealth-communication-intro.md	2032	-	-	-	0	0	0	0	0	0	0	0	0	0	0	0	0	0	0	0	0	0	0	0	0	0	0	0
/input/pagecontent/POST_ClinicalImpression_set-measurement-validity.md	6358	-	-	-	0	0	0	0	0	0	0	0	0	0	0	0	0	0	0	0	0	0	0	0	0	0	0	0
/input/pagecontent/POST_Library_evaluate.md	5347	-	-	-	0	0	0	0	0	0	0	0	0	0	0	0	0	0	0	0	0	0	0	0	0	0	0	0
/input/pagecontent/POST_reindex.md	2100	-	-	-	0	0	0	0	0	0	0	0	0	0	0	0	0	0	0	0	0	0	0	0	0	0	0	0
/input/pagecontent/POST_schedule-measurement-stats.md	2382	-	-	-	0	0	0	0	0	0	0	0	0	0	0	0	0	0	0	0	0	0	0	0	0	0	0	0
/input/pagecontent/event-messages.md	11423	-	-	-	0	0	0	0	0	0	0	0	0	0	0	0	0	0	0	0	0	0	0	0	0	0	0	0
/input/pagecontent/POST_Bundle_retrieve-and-transform-APD.md	1645	-	-	-	0	0	0	0	0	0	0	0	0	0	0	0	0	0	0	0	0	1	0	0	0	0	0	0
/input/pagecontent/systematic-service-event-tables.md	11022	-	-	-	0	0	0	0	0	0	0	0	0	0	0	0	0	0	0	0	0	0	0	0	0	0	0	0
/input/pagecontent/POST_schedule-careplan-duration-stats.md	2394	-	-	-	0	0	0	0	0	0	0	0	0	0	0	0	0	0	0	0	0	0	0	0	0	0	0	0
/input/pagecontent/transaction.md	990	-	-	-	0	0	0	0	0	0	0	0	0	0	0	0	0	0	0	0	0	0	0	0	0	0	0	0
/input/pagecontent/POST_schedule-careplans-by-patient.md	2388	-	-	-	0	0	0	0	0	0	0	0	0	0	0	0	0	0	0	0	0	0	0	0	0	0	0	0
/input/pagecontent/POST_persist-login.md	2239	-	-	-	0	0	0	0	0	0	0	0	0	0	0	0	0	0	0	0	0	0	0	0	0	0	0	0
/input/pagecontent/search.md	314	-	-	-	0	0	0	0	0	0	0	0	0	0	0	0	0	0	0	0	0	0	0	0	1	0	0	0
/input/pagecontent/POST_submit-measurement.md	13725	-	-	-	0	0	0	0	0	0	0	0	0	0	0	0	0	0	0	0	0	0	0	0	0	0	0	0
/input/pagecontent/GET_export-poll-status_200.md	1487	-	-	-	0	0	0	0	0	0	0	0	0	0	0	0	0	0	0	0	0	0	0	0	0	0	0	0
/input/pagecontent/POST_transform-from-QRD-based-on-questionnaire.md	249809	-	-	-	0	0	0	0	0	0	0	0	0	0	0	0	0	0	0	0	0	2	0	0	0	0	0	0
/input/pagecontent/POST_schedule-practitioner-stats.md	2384	-	-	-	0	0	0	0	0	0	0	0	0	0	0	0	0	0	0	0	0	0	0	0	0	0	0	0
/input/pagecontent/GET_hapi.fhir.reindex-status_search.md	2922	-	-	-	0	0	0	0	0	0	0	0	0	0	0	0	0	0	0	0	0	0	0	0	0	0	0	0
/input/pagecontent/POST_search-measurements.md	15455	-	-	-	0	0	0	0	0	0	0	0	0	0	0	0	0	0	0	0	0	0	0	0	0	0	0	0
/input/pagecontent/POST_Binary_expunge.md	1160	-	-	-	0	0	0	0	0	0	0	0	0	0	0	0	0	0	0	0	0	0	0	0	0	0	0	0
/input/pagecontent/profiles.md	3479	-	-	-	0	0	0	0	0	0	0	0	0	0	0	0	0	0	0	0	0	0	0	0	0	0	0	0
/input/pagecontent/POST_CarePlan_update-care-teams.md	4124	-	-	-	0	0	0	0	0	0	0	0	0	0	0	0	0	0	0	0	0	0	0	0	0	0	0	0
/input/pagecontent/systematic-error-messages.md	50135	-	-	-	0	0	0	0	0	0	0	0	0	0	0	0	0	0	0	0	0	1	0	0	0	0	0	0
/input/pagecontent/POST_migrate.md	1709	-	-	-	0	0	0	0	0	0	0	0	0	0	0	0	0	0	0	0	0	0	0	0	0	0	0	0
/input/pagecontent/POST_Organization_get-general-practitioner-info.md	3561	-	-	-	0	0	0	0	0	0	0	0	0	0	0	0	0	0	0	0	0	0	0	0	0	0	0	0
/input/pagecontent/POST_get-patient-procedures-AT.md	60578	-	-	-	0	0	0	0	0	0	0	0	0	0	0	0	0	0	0	0	0	0	0	0	0	0	0	0
/input/pagecontent/POST_EpisodeOfCare_update-care-teams.md	3869	-	-	-	0	0	0	0	0	0	0	0	0	0	0	0	0	0	0	0	0	0	0	0	0	0	0	0
/input/pagecontent/POST_Bundle_retrieve-and-transform-PHMR.md	1648	-	-	-	0	0	0	0	0	0	0	0	0	0	0	0	0	0	0	0	0	1	0	0	0	0	0	0
/input/pagecontent/POST_fetch-practitioner-stats.md	4070	-	-	-	0	0	0	0	0	0	0	0	0	0	0	0	0	0	0	0	0	0	0	0	0	0	0	0
/input/pagecontent/POST_transform-to-PHMR.md	31024	-	-	-	0	0	0	0	0	0	0	0	0	0	0	0	0	0	0	0	0	0	0	0	0	0	0	0
/input/pagecontent/POST_transform-from-PHMR.md	35958	-	-	-	0	0	0	0	0	0	0	0	0	0	0	0	0	0	0	0	0	0	0	0	0	0	0	0
/input/pagecontent/POST_fhir.md	8924	-	-	-	0	0	0	0	0	0	0	0	0	0	0	0	0	0	0	0	0	0	0	0	0	0	0	0
/input/pagecontent/multitenancy.md	4124	-	-	-	0	0	0	0	0	0	0	0	0	0	0	0	0	0	0	0	0	1	0	0	0	0	0	0
/input/pagecontent/POST_create-episode-of-care.md	16853	-	-	-	0	0	0	0	0	0	0	0	0	0	0	0	0	0	0	0	0	0	0	0	0	0	0	0
/input/pagecontent/POST_get-patient-procedures.md	24508	-	-	-	0	0	0	0	0	0	0	0	0	0	0	0	0	0	0	0	0	0	0	0	0	0	0	0
/input/pagecontent/changelog.md	123157	-	-	-	0	0	0	0	0	0	0	0	0	0	0	0	0	0	0	0	0	1	0	0	0	0	0	0
/input/pagecontent/POST_schedule-practitioner-gdpr.md	2384	-	-	-	0	0	0	0	0	0	0	0	0	0	0	0	0	0	0	0	0	0	0	0	0	0	0	0
/input/pagecontent/POST_fetch-careplan-duration-stats.md	4394	-	-	-	0	0	0	0	0	0	0	0	0	0	0	0	0	0	0	0	0	1	0	0	0	0	0	0
/input/pagecontent/GET_apply.md	16840	-	-	-	0	0	0	0	0	0	0	0	0	0	0	0	0	0	0	0	0	0	0	0	0	0	0	0
/input/pagecontent/POST_PlanDefinition_import.md	18770	-	-	-	0	0	0	0	0	0	0	0	0	0	0	0	0	0	0	0	0	0	0	0	0	0	0	0
/input/pagecontent/POST_mark-all-resources-for-reindexing.md	973	-	-	-	0	0	0	0	0	0	0	0	0	0	0	0	0	0	0	0	0	0	0	0	0	0	0	0
/input/pagecontent/POST_fetch-ssl-orders.md	2805	-	-	-	0	0	0	0	0	0	0	0	0	0	0	0	0	0	0	0	0	0	0	0	0	0	0	0
/input/pagecontent/POST_get-report-job-status.md	1145	-	-	-	0	0	0	0	0	0	0	0	0	0	0	0	0	0	0	0	0	0	0	0	0	0	0	0
/input/pagecontent/POST_search-measurements-bundle-limit.md	5146	-	-	-	0	0	0	0	0	0	0	0	0	0	0	0	0	0	0	0	0	0	0	0	0	0	0	0
/input/pagecontent/trifork-service-event-tables.md	2293	-	-	-	0	0	0	0	0	0	0	0	0	0	0	0	0	0	0	0	0	0	0	0	0	0	0	0
/input/pagecontent/downloads.md	557	-	-	-	0	0	0	0	0	0	0	0	0	0	0	0	0	0	0	0	0	0	0	0	0	0	0	0
/input/pagecontent/POST_transform-to-QFDD.md	100873	-	-	-	0	0	0	0	0	0	0	0	0	0	0	0	0	0	0	0	0	1	0	0	0	0	0	0
/input/pagecontent/POST_migrate-list.md	1485	-	-	-	0	0	0	0	0	0	0	0	0	0	0	0	0	0	0	0	0	0	0	0	0	0	0	0
/input/pagecontent/GET_PlanDefinition_apply.md	3146	-	-	-	0	0	0	0	0	0	0	0	0	0	0	0	0	0	0	0	0	0	0	0	0	0	0	0
/input/pagecontent/POST_CarePlan_suggest-care-teams.md	3468	-	-	-	0	0	0	0	0	0	0	0	0	0	0	0	0	0	0	0	0	1	0	0	0	0	0	0
/input/pagecontent/POST_fetch-measurement-stats.md	11490	-	-	-	0	0	0	0	0	0	0	0	0	0	0	0	0	0	0	0	0	0	0	0	0	0	0	0
/input/pagecontent/POST_import-organizations.md	6320	-	-	-	0	0	0	0	0	0	0	0	0	0	0	0	0	0	0	0	0	0	0	0	0	0	0	0
/input/pagecontent/POST_fetch-careteam-stats.md	6901	-	-	-	0	0	0	0	0	0	0	0	0	0	0	0	0	0	0	0	0	0	0	0	0	0	0	0
/input/pagecontent/POST_transform-to-APD.md	31447	-	-	-	0	0	0	0	0	0	0	0	0	0	0	0	0	0	0	0	0	0	0	0	0	0	0	0
/input/pagecontent/POST_fetch-patient-gdpr.md	6252	-	-	-	0	0	0	0	0	0	0	0	0	0	0	0	0	0	0	0	0	0	0	0	0	0	0	0
/input/pagecontent/GET_Binary_export.md	5323	-	-	-	0	0	0	0	0	0	0	0	0	0	0	0	0	0	0	0	0	0	0	0	0	0	0	0
/input/pagecontent/POST_execute-questionnaireresponses.md	3468	-	-	-	0	0	0	0	0	0	0	0	0	0	0	0	0	0	0	0	0	0	0	0	0	0	0	0
/input/pagecontent/POST_upload-QFDD.md	572801	-	-	-	0	0	0	0	0	0	0	0	0	0	0	0	0	0	0	0	0	4	0	0	0	0	0	0
/input/pagecontent/POST_apply.md	4095	-	-	-	0	0	0	0	0	0	0	0	0	0	0	0	0	0	0	0	0	0	0	0	0	0	0	0
/input/pagecontent/POST_schedule-patient-devices.md	2075	-	-	-	0	0	0	0	0	0	0	0	0	0	0	0	0	0	0	0	0	0	0	0	0	0	0	0
/input/pagecontent/POST_fetch-patient-usage-stats.md	2636	-	-	-	0	0	0	0	0	0	0	0	0	0	0	0	0	0	0	0	0	0	0	0	0	0	0	0
/input/pagecontent/POST_schedule-careplan-and-episode-of-care-stats.md	2401	-	-	-	0	0	0	0	0	0	0	0	0	0	0	0	0	0	0	0	0	0	0	0	0	0	0	0
/input/pagecontent/POST_PlanDefinition_export.md	2919	-	-	-	0	0	0	0	0	0	0	0	0	0	0	0	0	0	0	0	0	1	0	0	0	0	0	0
/input/pagecontent/guidance.md	4784	-	-	-	0	0	0	0	0	0	0	0	0	0	0	0	0	0	0	0	0	0	0	0	0	0	0	0
/input/pagecontent/POST_schedule-careplan-customization-stats.md	2242	-	-	-	0	0	0	0	0	0	0	0	0	0	0	0	0	0	0	0	0	0	0	0	0	0	0	0
/input/pagecontent/PUT_Communication.md	3997	-	-	-	0	0	0	0	0	0	0	0	0	0	0	0	0	0	0	0	0	0	0	0	0	0	0	0
/input/pagecontent/POST_schedule-careteam-stats.md	2374	-	-	-	0	0	0	0	0	0	0	0	0	0	0	0	0	0	0	0	0	0	0	0	0	0	0	0
/input/pagecontent/GET_apply_search.md	17352	-	-	-	0	0	0	0	0	0	0	0	0	0	0	0	0	0	0	0	0	0	0	0	0	0	0	0
/input/pagecontent/POST_PlanDefinition_apply.md	3567	-	-	-	0	0	0	0	0	0	0	0	0	0	0	0	0	0	0	0	0	0	0	0	0	0	0	0
/input/pagecontent/POST_fetch-practitioner-gdpr.md	3537	-	-	-	0	0	0	0	0	0	0	0	0	0	0	0	0	0	0	0	0	0	0	0	0	0	0	0
/input/pagecontent/POST_assigned-material-count.md	1489	-	-	-	0	0	0	0	0	0	0	0	0	0	0	0	0	0	0	0	0	0	0	0	0	0	0	0
/input/pagecontent/POST_transform-to-QRD.md	377385	-	-	-	0	0	0	0	0	0	0	0	0	0	0	0	0	0	0	0	0	3	0	0	0	0	0	0
/input/pagecontent/GET_export-poll-status_202.md	1088	-	-	-	0	0	0	0	0	0	0	0	0	0	0	0	0	0	0	0	0	0	0	0	0	0	0	0
/input/pagecontent/POST_fetch-questionnaireresponses.md	6764	-	-	-	0	0	0	0	0	0	0	0	0	0	0	0	0	0	0	0	0	0	0	0	0	0	0	0
/input/pagecontent/POST_schedule-patient-usage-stats.md	1902	-	-	-	0	0	0	0	0	0	0	0	0	0	0	0	0	0	0	0	0	1	0	0	0	0	0	0
/input/pagecontent/POST_transform-from-APD.md	22773	-	-	-	0	0	0	0	0	0	0	0	0	0	0	0	0	0	0	0	0	0	0	0	0	0	0	0
/input/pagecontent/trifork-error-messages.md	3443	-	-	-	0	0	0	0	0	0	0	0	0	0	0	0	0	0	0	0	0	0	0	0	0	0	0	0
/input/pagecontent/operations.md	203	-	-	-	0	0	0	0	0	0	0	0	0	0	0	0	0	0	0	0	0	0	0	0	0	0	0	0
/input/pagecontent/trifork-service-event-examples.md	2438	-	-	-	0	0	0	0	0	0	0	0	0	0	0	0	0	0	0	0	0	0	0	0	0	0	0	0
/input/pagecontent/POST_schedule-patient-total.md	2484	-	-	-	0	0	0	0	0	1	0	0	0	0	0	0	0	0	0	0	0	0	0	0	0	0	0	0
/input/pagecontent/POST_transform-from-QFDD.md	138856	-	-	-	0	0	0	0	0	0	0	0	0	0	0	0	0	0	0	0	0	1	0	0	0	0	0	0
/input/pagecontent/terminology.md	287	-	-	-	0	0	0	0	0	0	0	0	0	0	0	0	0	0	0	0	0	0	0	0	0	0	0	0
/input/pagecontent/ehealth-documentreference-search.md	5702	-	-	-	0	0	0	0	0	0	0	0	0	0	0	0	0	0	0	0	0	0	0	0	0	0	0	0
/input/pagecontent/POST_export.md	1402	-	-	-	0	0	0	0	0	0	0	0	0	0	0	0	0	0	0	0	0	0	0	0	0	0	0	0
/input/pagecontent/POST_execute-patient-usage-stats.md	1895	-	-	-	0	0	0	0	0	0	0	0	0	0	0	0	0	0	0	0	0	0	0	0	0	0	0	0
/input/pagecontent/POST_schedule-ssl-orders.md	1817	-	-	-	0	0	0	0	0	0	0	0	0	0	0	0	0	0	0	0	0	0	0	0	0	0	0	0
/input/pagecontent/example-operations.md	194	-	-	-	0	0	0	0	0	0	0	0	0	0	0	0	0	0	0	0	0	0	0	0	0	0	0	0
/input/pagecontent/service-event-tables.md	597	-	-	-	0	0	0	0	0	0	0	0	0	0	0	0	0	0	0	0	0	0	0	0	0	0	0	0
/input/pagecontent/POST_Binary_retrieve-document.md	1207	-	-	-	0	0	0	0	0	0	0	0	0	0	0	0	0	0	0	0	0	0	0	0	0	0	0	0
/input/pagecontent/POST_fetch-careplan-and-episode-of-care-stats.md	3496	-	-	-	0	0	0	0	0	0	0	0	0	0	0	0	0	0	0	0	0	1	0	0	0	0	0	0
/input/pagecontent/POST_EpisodeOfCare_is-context-allowed.md	1479	-	-	-	0	0	0	0	0	0	0	0	0	0	0	0	0	0	0	0	0	0	0	0	0	0	0	0
/input/pagecontent/index.md	3294	-	-	-	0	0	0	0	0	0	0	0	0	0	0	0	0	0	0	0	0	0	0	0	0	0	0	0
/input/pagecontent/POST_fetch-patient-devices.md	5586	-	-	-	0	0	0	0	0	0	0	0	0	0	0	0	0	0	0	0	0	0	0	0	0	0	0	0
/input/pagecontent/POST_schedule-patient-gdpr.md	2368	-	-	-	0	0	0	0	0	0	0	0	0	0	0	0	0	0	0	0	0	0	0	0	0	0	0	0
/input/pagecontent/error-messages.md	53608	-	-	-	0	0	0	0	0	0	0	0	0	0	0	0	0	0	0	0	0	0	0	0	0	0	0	0
/input/pagecontent/POST_Organization_resolve-managing-organization.md	2808	-	-	-	0	0	0	0	0	0	0	0	0	0	0	0	0	0	0	0	0	0	0	0	0	0	0	0
/input/pagecontent/POST_fetch-careplan-customization-stats.md	3081	-	-	-	0	0	0	0	0	0	0	0	0	0	0	0	0	0	0	0	0	0	0	0	0	0	0	0
/input/pagecontent/POST_transform-from-QRD.md	163180	-	-	-	1	0	0	0	0	0	0	0	0	0	0	0	0	0	0	0	0	2	0	0	0	0	0	0
/input/pagecontent/searchparams.md	423	-	-	-	0	0	0	0	0	0	0	0	0	0	0	0	0	0	0	0	0	0	0	0	0	0	0	0
/input/pagecontent/systematic-service-event-examples.md	95998	-	-	-	0	0	0	0	0	0	0	0	0	0	0	0	0	0	0	0	0	0	0	0	0	0	0	0
/input/pagecontent/POST_Bundle_retrieve-and-transform-QRD.md	4866	-	-	-	0	0	0	0	0	0	0	0	0	0	0	0	0	0	0	0	0	0	0	0	0	0	0	0
/input/pagecontent/POST_fetch-careplans-by-patient.md	4028	-	-	-	0	0	0	0	0	0	0	0	0	0	0	0	0	0	0	0	0	1	0	0	0	0	0	0
/input/pagecontent/POST_DocumentReference_deprecate-document.md	1849	-	-	-	0	0	0	0	0	0	0	0	0	0	0	0	0	0	0	0	0	0	0	0	0	0	0	0
/input/includes	0	-	-	-	0	0	0	0	0	0	0	0	0	0	0	0	0	0	0	0	0	0	0	0	0	0	0	0
/template/config	0	-	-	-	0	0	0	0	0	0	0	0	0	0	0	0	0	0	0	0	0	0	0	0	0	0	0	0
/template/config/_config.yml	140	-	-	-	0	0	0	0	0	0	0	0	0	0	0	0	0	0	0	0	0	0	0	0	0	0	0	0
/temp/pages/_includes/artifacts.xml	697137	-	-	-	-	-	-	-	-	-	-	-	-	-	-	-	-	-	-	-	-	5	0	0	0	0	0	0
