FHIR IG Publisher Version 2.3.0 (Git# d845ec9ba68a). Built 2026-07-31T16:10:46.817Z (10 days old)
Detected Java version: 25.0.3 from /opt/java/openjdk on amd64 (64bit). 3998MB available
dir = /__w/implementation-guide/implementation-guide, path = /opt/java/openjdk/bin:/usr/local/sbin:/usr/local/bin:/usr/sbin:/usr/bin:/sbin:/bin
Parameters: -go-publish -source ig/ -web web/ -registry registry/fhir-ig-list.json -history history/ -templates web/templates
---------------
Publication Run: publish ig/ to web/
Relative directory for IG is '/fhir'
===== Web Publication Run Details ===============================
 Source IG: dk.ehealth.sundhed.fhir.ig.core#10.0.1 : http://ehealth.sundhed.dk/fhir (R4) from ig/
All checks passed. Do the publication build from /__w/implementation-guide/implementation-guide/ig and publish to /tmp/web-root/run-20260811/fhir
Prepare Build space in /tmp/ig-builds/dk.ehealth.sundhed.fhir.ig.core#10.0.1
Build IG at /__w/implementation-guide/implementation-guide/ig: final copy suitable for publication (in /tmp/ig-builds/dk.ehealth.sundhed.fhir.ig.core#10.0.1)
FHIR IG Publisher Version 2.3.0 (Git# d845ec9ba68a). Built 2026-07-31T16:10:46.817Z (10 days old)   
Detected Java version: 25.0.3 from /opt/java/openjdk on Linux/amd64 (64bit). 3998MB available       
dir = /__w/implementation-guide/implementation-guide, path = /opt/java/openjdk/bin:/usr/local/sbin:/usr/local/bin:/usr/sbin:/usr/bin:/sbin:/bin
Parameters: -publish http://ehealth.sundhed.dk/fhir/10.0.1 -no-exit -ig /tmp/ig-builds/dk.ehealth.sundhed.fhir.ig.core#10.0.1 -resetTx
Character encoding = UTF-8 / UTF-8                                                                  
Start Clock @ Tuesday, August 11, 2026, 6:32:53 AM Coordinated Universal Time (2026-08-11T06:32:53Z)
                                                                                                    
Build FHIR IG from /tmp/ig-builds/dk.ehealth.sundhed.fhir.ig.core#10.0.1                             (00:00.014 / 00:00.015, 110Mb)
Build Formal Publication package, intended for http://ehealth.sundhed.dk/fhir/10.0.1                 (00:00.001 / 00:00.016, 110Mb)
No FHIR settings file at /root/.fhir/fhir-settings.json; using defaults (no API keys or npm path)    (00:00.001 / 00:00.017, 110Mb)
Package Cache: /root/.fhir/packages                                                                  (00:00.009 / 00:00.027, 110Mb)
Run Sushi on /tmp/ig-builds/dk.ehealth.sundhed.fhir.ig.core#10.0.1                                   (00:00.002 / 00:00.030, 110Mb)
Sushi: info  Running SUSHI v3.20.0 (implements FHIR Shorthand specification v3.0.0)                  (00:00.657 / 00:00.688, 113Mb)
Sushi: info  Arguments:                                                                              (00:00.001 / 00:00.689, 113Mb)
Sushi: info    --require-latest                                                                      (00:00.000 / 00:00.689, 113Mb)
Sushi: info    --out /tmp/ig-builds/dk.ehealth.sundhed.fhir.ig.core#10.0.1                           (00:00.000 / 00:00.690, 113Mb)
Sushi: info    /tmp/ig-builds/dk.ehealth.sundhed.fhir.ig.core#10.0.1                                 (00:00.000 / 00:00.691, 113Mb)
Sushi: info  Using configuration file: /tmp/ig-builds/dk.ehealth.sundhed.fhir.ig.core#10.0.1/sushi-config.yaml (00:01.532 / 00:02.223, 113Mb)
Sushi: info  Importing FSH text...                                                                   (00:00.070 / 00:02.294, 113Mb)
Sushi: info  Preprocessed 114 documents with 0 aliases.                                              (00:00.218 / 00:02.512, 113Mb)
Sushi: info  Imported 205 definitions and 24 instances.                                              (00:00.032 / 00:02.545, 113Mb)
Sushi: info  Loaded virtual package sushi-r5forR4#1.0.0 with 7 resources                             (00:00.078 / 00:02.623, 113Mb)
Sushi: info  Resolved hl7.fhir.uv.tools.r4#latest to concrete version 1.1.2                          (00:00.834 / 00:03.458, 113Mb)
Sushi: info  Loaded hl7.fhir.uv.tools.r4#1.1.2 with 119 resources                                    (00:00.036 / 00:03.494, 113Mb)
Sushi: info  Resolved hl7.terminology.r4#latest to concrete version 7.3.0                            (00:00.171 / 00:03.666, 113Mb)
Sushi: info  Loaded hl7.terminology.r4#7.3.0 with 4176 resources                                     (00:00.679 / 00:04.345, 113Mb)
Sushi: info  Loaded hl7.fhir.dk.core#3.6.0 with 73 resources                                         (00:00.018 / 00:04.364, 113Mb)
Sushi: info  Loaded hl7.fhir.uv.sdc#2.7.0 with 66 resources                                          (00:00.018 / 00:04.383, 113Mb)
Sushi: info  Loaded hl7.fhir.r4.core#4.0.1 with 4581 resources                                       (00:00.630 / 00:05.013, 113Mb)
Sushi: info  Resolved hl7.fhir.uv.extensions.r4#latest to concrete version 5.3.0                     (00:00.181 / 00:05.194, 113Mb)
Sushi: info  Loaded hl7.fhir.uv.extensions.r4#5.3.0 with 885 resources                               (00:00.139 / 00:05.334, 113Mb)
Sushi: info  Loaded virtual package sushi-local#LOCAL with 462 resources                             (00:00.076 / 00:05.411, 113Mb)
Sushi: info  Converting FSH to FHIR resources...                                                     (00:00.013 / 00:05.424, 113Mb)
Sushi: warn  The name "ehealth-access-consent" may not be suitable for machine processing applications such as code generation. Valid names start with an upper-case ASCII letter ('A'..'Z') followed by any combination of upper- or lower-case ASCII letters ('A'..'Z', and 'a'..'z'), numerals ('0'..'9') and '_', with a length limit of 255 characters. (00:00.018 / 00:05.443, 113Mb)
Sushi:   File: /tmp/ig-builds/dk.ehealth.sundhed.fhir.ig.core#10.0.1/input/fsh/ehealth-access-consent.fsh (00:00.001 / 00:05.445, 113Mb)
Sushi:   Line: 1 - 9                                                                                 (00:00.001 / 00:05.446, 113Mb)
Sushi: warn  The name "ehealth-access-provenance" may not be suitable for machine processing applications such as code generation. Valid names start with an upper-case ASCII letter ('A'..'Z') followed by any combination of upper- or lower-case ASCII letters ('A'..'Z', and 'a'..'z'), numerals ('0'..'9') and '_', with a length limit of 255 characters. (00:00.041 / 00:05.487, 113Mb)
Sushi:   File: /tmp/ig-builds/dk.ehealth.sundhed.fhir.ig.core#10.0.1/input/fsh/ehealth-access-provenance.fsh (00:00.003 / 00:05.490, 113Mb)
Sushi:   Line: 1 - 10                                                                                (00:00.001 / 00:05.491, 113Mb)
Sushi: warn  The name "ehealth-actionguidance" may not be suitable for machine processing applications such as code generation. Valid names start with an upper-case ASCII letter ('A'..'Z') followed by any combination of upper- or lower-case ASCII letters ('A'..'Z', and 'a'..'z'), numerals ('0'..'9') and '_', with a length limit of 255 characters. (00:00.050 / 00:05.542, 113Mb)
Sushi:   File: /tmp/ig-builds/dk.ehealth.sundhed.fhir.ig.core#10.0.1/input/fsh/ehealth-actionguidance.fsh (00:00.001 / 00:05.545, 113Mb)
Sushi:   Line: 1 - 17                                                                                (00:00.001 / 00:05.546, 113Mb)
Sushi: warn  The name "ehealth-recommendation" may not be suitable for machine processing applications such as code generation. Valid names start with an upper-case ASCII letter ('A'..'Z') followed by any combination of upper- or lower-case ASCII letters ('A'..'Z', and 'a'..'z'), numerals ('0'..'9') and '_', with a length limit of 255 characters. (00:00.005 / 00:05.551, 113Mb)
Sushi:   File: /tmp/ig-builds/dk.ehealth.sundhed.fhir.ig.core#10.0.1/input/fsh/ehealth-ext-recommendation.fsh (00:00.002 / 00:05.553, 113Mb)
Sushi:   Line: 1 - 7                                                                                 (00:00.000 / 00:05.554, 113Mb)
Sushi: warn  The name "ehealth-intendedAudience" may not be suitable for machine processing applications such as code generation. Valid names start with an upper-case ASCII letter ('A'..'Z') followed by any combination of upper- or lower-case ASCII letters ('A'..'Z', and 'a'..'z'), numerals ('0'..'9') and '_', with a length limit of 255 characters. (00:00.055 / 00:05.609, 113Mb)
Sushi:   File: /tmp/ig-builds/dk.ehealth.sundhed.fhir.ig.core#10.0.1/input/fsh/ehealth-ext-intendedAudience.fsh (00:00.002 / 00:05.612, 113Mb)
Sushi:   Line: 1 - 7                                                                                 (00:00.000 / 00:05.612, 113Mb)
Sushi: warn  The name "ehealth-modifier-role" may not be suitable for machine processing applications such as code generation. Valid names start with an upper-case ASCII letter ('A'..'Z') followed by any combination of upper- or lower-case ASCII letters ('A'..'Z', and 'a'..'z'), numerals ('0'..'9') and '_', with a length limit of 255 characters. (00:00.024 / 00:05.637, 113Mb)
Sushi:   File: /tmp/ig-builds/dk.ehealth.sundhed.fhir.ig.core#10.0.1/input/fsh/ehealth-ext-modifier-role.fsh (00:00.002 / 00:05.639, 113Mb)
Sushi:   Line: 1 - 13                                                                                (00:00.000 / 00:05.640, 113Mb)
Sushi: warn  The name "ehealth-basic-title" may not be suitable for machine processing applications such as code generation. Valid names start with an upper-case ASCII letter ('A'..'Z') followed by any combination of upper- or lower-case ASCII letters ('A'..'Z', and 'a'..'z'), numerals ('0'..'9') and '_', with a length limit of 255 characters. (00:00.054 / 00:05.695, 113Mb)
Sushi:   File: /tmp/ig-builds/dk.ehealth.sundhed.fhir.ig.core#10.0.1/input/fsh/ehealth-ext-actionguidance-view-title.fsh (00:00.002 / 00:05.697, 113Mb)
Sushi:   Line: 1 - 6                                                                                 (00:00.001 / 00:05.698, 113Mb)
Sushi: warn  The name "ehealth-version" may not be suitable for machine processing applications such as code generation. Valid names start with an upper-case ASCII letter ('A'..'Z') followed by any combination of upper- or lower-case ASCII letters ('A'..'Z', and 'a'..'z'), numerals ('0'..'9') and '_', with a length limit of 255 characters. (00:00.029 / 00:05.727, 113Mb)
Sushi:   File: /tmp/ig-builds/dk.ehealth.sundhed.fhir.ig.core#10.0.1/input/fsh/ehealth-ext-version.fsh (00:00.001 / 00:05.729, 113Mb)
Sushi:   Line: 1 - 6                                                                                 (00:00.000 / 00:05.729, 113Mb)
Sushi: warn  The name "ehealth-description" may not be suitable for machine processing applications such as code generation. Valid names start with an upper-case ASCII letter ('A'..'Z') followed by any combination of upper- or lower-case ASCII letters ('A'..'Z', and 'a'..'z'), numerals ('0'..'9') and '_', with a length limit of 255 characters. (00:00.032 / 00:05.761, 113Mb)
Sushi:   File: /tmp/ig-builds/dk.ehealth.sundhed.fhir.ig.core#10.0.1/input/fsh/ehealth-ext-actionguidance-view-description.fsh (00:00.001 / 00:05.763, 113Mb)
Sushi:   Line: 1 - 5                                                                                 (00:00.001 / 00:05.764, 113Mb)
Sushi: warn  The name "ehealth-purpose" may not be suitable for machine processing applications such as code generation. Valid names start with an upper-case ASCII letter ('A'..'Z') followed by any combination of upper- or lower-case ASCII letters ('A'..'Z', and 'a'..'z'), numerals ('0'..'9') and '_', with a length limit of 255 characters. (00:00.035 / 00:05.800, 113Mb)
Sushi:   File: /tmp/ig-builds/dk.ehealth.sundhed.fhir.ig.core#10.0.1/input/fsh/ehealth-ext-actionguidance-view-purpose.fsh (00:00.002 / 00:05.802, 113Mb)
Sushi:   Line: 1 - 5                                                                                 (00:00.001 / 00:05.803, 113Mb)
Sushi: warn  The name "ehealth-useContext" may not be suitable for machine processing applications such as code generation. Valid names start with an upper-case ASCII letter ('A'..'Z') followed by any combination of upper- or lower-case ASCII letters ('A'..'Z', and 'a'..'z'), numerals ('0'..'9') and '_', with a length limit of 255 characters. (00:00.027 / 00:05.831, 113Mb)
Sushi:   File: /tmp/ig-builds/dk.ehealth.sundhed.fhir.ig.core#10.0.1/input/fsh/ehealth-ext-usecontext.fsh (00:00.001 / 00:05.833, 113Mb)
Sushi:   Line: 1 - 5                                                                                 (00:00.000 / 00:05.834, 113Mb)
Sushi: warn  The name "ehealth-status" may not be suitable for machine processing applications such as code generation. Valid names start with an upper-case ASCII letter ('A'..'Z') followed by any combination of upper- or lower-case ASCII letters ('A'..'Z', and 'a'..'z'), numerals ('0'..'9') and '_', with a length limit of 255 characters. (00:00.057 / 00:05.891, 113Mb)
Sushi:   File: /tmp/ig-builds/dk.ehealth.sundhed.fhir.ig.core#10.0.1/input/fsh/ehealth-ext-actionguidance-view-status.fsh (00:00.001 / 00:05.893, 113Mb)
Sushi:   Line: 1 - 7                                                                                 (00:00.001 / 00:05.894, 113Mb)
Sushi: warn  The name "ehealth-content" may not be suitable for machine processing applications such as code generation. Valid names start with an upper-case ASCII letter ('A'..'Z') followed by any combination of upper- or lower-case ASCII letters ('A'..'Z', and 'a'..'z'), numerals ('0'..'9') and '_', with a length limit of 255 characters. (00:00.037 / 00:05.932, 113Mb)
Sushi:   File: /tmp/ig-builds/dk.ehealth.sundhed.fhir.ig.core#10.0.1/input/fsh/ehealth-ext-actionguidance-view-content.fsh (00:00.001 / 00:05.934, 113Mb)
Sushi:   Line: 1 - 7                                                                                 (00:00.000 / 00:05.934, 113Mb)
Sushi: warn  The name "ehealth-actionguidance-type" may not be suitable for machine processing applications such as code generation. Valid names start with an upper-case ASCII letter ('A'..'Z') followed by any combination of upper- or lower-case ASCII letters ('A'..'Z', and 'a'..'z'), numerals ('0'..'9') and '_', with a length limit of 255 characters. (00:00.020 / 00:05.955, 113Mb)
Sushi:   File: /tmp/ig-builds/dk.ehealth.sundhed.fhir.ig.core#10.0.1/input/fsh/ehealth-actionguidance.fsh (00:00.001 / 00:05.957, 113Mb)
Sushi:   Line: 20 - 26                                                                               (00:00.000 / 00:05.958, 113Mb)
Sushi: warn  The name "ehealth-actionguidance-for" may not be suitable for machine processing applications such as code generation. Valid names start with an upper-case ASCII letter ('A'..'Z') followed by any combination of upper- or lower-case ASCII letters ('A'..'Z', and 'a'..'z'), numerals ('0'..'9') and '_', with a length limit of 255 characters. (00:00.036 / 00:05.994, 113Mb)
Sushi:   File: /tmp/ig-builds/dk.ehealth.sundhed.fhir.ig.core#10.0.1/input/fsh/ehealth-actionguidance.fsh (00:00.001 / 00:05.996, 113Mb)
Sushi:   Line: 29 - 40                                                                               (00:00.000 / 00:05.997, 113Mb)
Sushi: warn  The name "ehealth-activitydefinition" may not be suitable for machine processing applications such as code generation. Valid names start with an upper-case ASCII letter ('A'..'Z') followed by any combination of upper- or lower-case ASCII letters ('A'..'Z', and 'a'..'z'), numerals ('0'..'9') and '_', with a length limit of 255 characters. (00:00.037 / 00:06.034, 113Mb)
Sushi:   File: /tmp/ig-builds/dk.ehealth.sundhed.fhir.ig.core#10.0.1/input/fsh/ehealth-activitydefinition.fsh (00:00.001 / 00:06.036, 113Mb)
Sushi:   Line: 1 - 24                                                                                (00:00.000 / 00:06.037, 113Mb)
Sushi: warn  The name "ehealth-reuseCriteria" may not be suitable for machine processing applications such as code generation. Valid names start with an upper-case ASCII letter ('A'..'Z') followed by any combination of upper- or lower-case ASCII letters ('A'..'Z', and 'a'..'z'), numerals ('0'..'9') and '_', with a length limit of 255 characters. (00:00.000 / 00:06.038, 113Mb)
Sushi:   File: /tmp/ig-builds/dk.ehealth.sundhed.fhir.ig.core#10.0.1/input/fsh/ehealth-ext-reuseCriteria.fsh (00:00.001 / 00:06.039, 113Mb)
Sushi:   Line: 1 - 20                                                                                (00:00.000 / 00:06.040, 113Mb)
Sushi: warn  The name "ehealth-referenceRange" may not be suitable for machine processing applications such as code generation. Valid names start with an upper-case ASCII letter ('A'..'Z') followed by any combination of upper- or lower-case ASCII letters ('A'..'Z', and 'a'..'z'), numerals ('0'..'9') and '_', with a length limit of 255 characters. (00:00.134 / 00:06.174, 113Mb)
Sushi:   File: /tmp/ig-builds/dk.ehealth.sundhed.fhir.ig.core#10.0.1/input/fsh/ehealth-ext-referenceRange.fsh (00:00.001 / 00:06.176, 113Mb)
Sushi:   Line: 1 - 15                                                                                (00:00.000 / 00:06.177, 113Mb)
Sushi: warn  The name "ehealth-quality" may not be suitable for machine processing applications such as code generation. Valid names start with an upper-case ASCII letter ('A'..'Z') followed by any combination of upper- or lower-case ASCII letters ('A'..'Z', and 'a'..'z'), numerals ('0'..'9') and '_', with a length limit of 255 characters. (00:00.193 / 00:06.371, 113Mb)
Sushi:   File: /tmp/ig-builds/dk.ehealth.sundhed.fhir.ig.core#10.0.1/input/fsh/ehealth-ext-quality.fsh (00:00.002 / 00:06.374, 113Mb)
Sushi:   Line: 1 - 13                                                                                (00:00.000 / 00:06.375, 113Mb)
Sushi: warn  The name "ehealth-sharingPolicy" may not be suitable for machine processing applications such as code generation. Valid names start with an upper-case ASCII letter ('A'..'Z') followed by any combination of upper- or lower-case ASCII letters ('A'..'Z', and 'a'..'z'), numerals ('0'..'9') and '_', with a length limit of 255 characters. (00:00.083 / 00:06.458, 113Mb)
Sushi:   File: /tmp/ig-builds/dk.ehealth.sundhed.fhir.ig.core#10.0.1/input/fsh/ehealth-ext-sharingPolicy.fsh (00:00.002 / 00:06.461, 113Mb)
Sushi:   Line: 1 - 7                                                                                 (00:00.000 / 00:06.462, 113Mb)
Sushi: warn  The name "ehealth-sharingApprovalPolicy" may not be suitable for machine processing applications such as code generation. Valid names start with an upper-case ASCII letter ('A'..'Z') followed by any combination of upper- or lower-case ASCII letters ('A'..'Z', and 'a'..'z'), numerals ('0'..'9') and '_', with a length limit of 255 characters. (00:00.034 / 00:06.496, 113Mb)
Sushi:   File: /tmp/ig-builds/dk.ehealth.sundhed.fhir.ig.core#10.0.1/input/fsh/ehealth-ext-sharingApprovalPolicy.fsh (00:00.002 / 00:06.498, 113Mb)
Sushi:   Line: 1 - 7                                                                                 (00:00.000 / 00:06.499, 113Mb)
Sushi: warn  The name "ehealth-employee-title" may not be suitable for machine processing applications such as code generation. Valid names start with an upper-case ASCII letter ('A'..'Z') followed by any combination of upper- or lower-case ASCII letters ('A'..'Z', and 'a'..'z'), numerals ('0'..'9') and '_', with a length limit of 255 characters. (00:00.035 / 00:06.534, 113Mb)
Sushi:   File: /tmp/ig-builds/dk.ehealth.sundhed.fhir.ig.core#10.0.1/input/fsh/ehealth-ext-employee-title.fsh (00:00.001 / 00:06.536, 113Mb)
Sushi:   Line: 1 - 5                                                                                 (00:00.000 / 00:06.537, 113Mb)
Sushi: warn  The name "ehealth-predecessor" may not be suitable for machine processing applications such as code generation. Valid names start with an upper-case ASCII letter ('A'..'Z') followed by any combination of upper- or lower-case ASCII letters ('A'..'Z', and 'a'..'z'), numerals ('0'..'9') and '_', with a length limit of 255 characters. (00:00.025 / 00:06.562, 113Mb)
Sushi:   File: /tmp/ig-builds/dk.ehealth.sundhed.fhir.ig.core#10.0.1/input/fsh/ehealth-ext-predecessor.fsh (00:00.001 / 00:06.564, 113Mb)
Sushi:   Line: 1 - 6                                                                                 (00:00.000 / 00:06.565, 113Mb)
Sushi: warn  The name "ehealth-base" may not be suitable for machine processing applications such as code generation. Valid names start with an upper-case ASCII letter ('A'..'Z') followed by any combination of upper- or lower-case ASCII letters ('A'..'Z', and 'a'..'z'), numerals ('0'..'9') and '_', with a length limit of 255 characters. (00:00.040 / 00:06.606, 113Mb)
Sushi:   File: /tmp/ig-builds/dk.ehealth.sundhed.fhir.ig.core#10.0.1/input/fsh/ehealth-ext-base.fsh  (00:00.001 / 00:06.608, 113Mb)
Sushi:   Line: 1 - 6                                                                                 (00:00.000 / 00:06.608, 113Mb)
Sushi: warn  The name "ehealth-base-environment" may not be suitable for machine processing applications such as code generation. Valid names start with an upper-case ASCII letter ('A'..'Z') followed by any combination of upper- or lower-case ASCII letters ('A'..'Z', and 'a'..'z'), numerals ('0'..'9') and '_', with a length limit of 255 characters. (00:00.040 / 00:06.649, 113Mb)
Sushi:   File: /tmp/ig-builds/dk.ehealth.sundhed.fhir.ig.core#10.0.1/input/fsh/ehealth-ext-base-environment.fsh (00:00.001 / 00:06.651, 113Mb)
Sushi:   Line: 1 - 6                                                                                 (00:00.000 / 00:06.652, 113Mb)
Sushi: warn  The name "ehealth-appointment" may not be suitable for machine processing applications such as code generation. Valid names start with an upper-case ASCII letter ('A'..'Z') followed by any combination of upper- or lower-case ASCII letters ('A'..'Z', and 'a'..'z'), numerals ('0'..'9') and '_', with a length limit of 255 characters. (00:00.058 / 00:06.710, 113Mb)
Sushi:   File: /tmp/ig-builds/dk.ehealth.sundhed.fhir.ig.core#10.0.1/input/fsh/ehealth-appointment.fsh (00:00.001 / 00:06.712, 113Mb)
Sushi:   Line: 1 - 31                                                                                (00:00.000 / 00:06.713, 113Mb)
Sushi: warn  The name "ehealth-responsible" may not be suitable for machine processing applications such as code generation. Valid names start with an upper-case ASCII letter ('A'..'Z') followed by any combination of upper- or lower-case ASCII letters ('A'..'Z', and 'a'..'z'), numerals ('0'..'9') and '_', with a length limit of 255 characters. (00:00.000 / 00:06.714, 113Mb)
Sushi:   File: /tmp/ig-builds/dk.ehealth.sundhed.fhir.ig.core#10.0.1/input/fsh/ehealth-ext-responsible.fsh (00:00.001 / 00:06.715, 113Mb)
Sushi:   Line: 1 - 6                                                                                 (00:00.000 / 00:06.716, 113Mb)
Sushi: warn  The name "ehealth-group-id" may not be suitable for machine processing applications such as code generation. Valid names start with an upper-case ASCII letter ('A'..'Z') followed by any combination of upper- or lower-case ASCII letters ('A'..'Z', and 'a'..'z'), numerals ('0'..'9') and '_', with a length limit of 255 characters. (00:00.020 / 00:06.737, 113Mb)
Sushi:   File: /tmp/ig-builds/dk.ehealth.sundhed.fhir.ig.core#10.0.1/input/fsh/ehealth-ext-group-id.fsh (00:00.002 / 00:06.738, 113Mb)
Sushi:   Line: 1 - 5                                                                                 (00:00.000 / 00:06.739, 113Mb)
Sushi: warn  The name "ehealth-legalBasis" may not be suitable for machine processing applications such as code generation. Valid names start with an upper-case ASCII letter ('A'..'Z') followed by any combination of upper- or lower-case ASCII letters ('A'..'Z', and 'a'..'z'), numerals ('0'..'9') and '_', with a length limit of 255 characters. (00:00.024 / 00:06.764, 113Mb)
Sushi:   File: /tmp/ig-builds/dk.ehealth.sundhed.fhir.ig.core#10.0.1/input/fsh/ehealth-ext-legalBasis.fsh (00:00.001 / 00:06.765, 113Mb)
Sushi:   Line: 1 - 6                                                                                 (00:00.000 / 00:06.766, 113Mb)
Sushi: warn  The name "ehealth-releasableResource" may not be suitable for machine processing applications such as code generation. Valid names start with an upper-case ASCII letter ('A'..'Z') followed by any combination of upper- or lower-case ASCII letters ('A'..'Z', and 'a'..'z'), numerals ('0'..'9') and '_', with a length limit of 255 characters. (00:00.033 / 00:06.800, 113Mb)
Sushi:   File: /tmp/ig-builds/dk.ehealth.sundhed.fhir.ig.core#10.0.1/input/fsh/ehealth-ext-releasableResource.fsh (00:00.001 / 00:06.802, 113Mb)
Sushi:   Line: 1 - 5                                                                                 (00:00.000 / 00:06.802, 113Mb)
Sushi: warn  The name "ehealth-responsible-organization" may not be suitable for machine processing applications such as code generation. Valid names start with an upper-case ASCII letter ('A'..'Z') followed by any combination of upper- or lower-case ASCII letters ('A'..'Z', and 'a'..'z'), numerals ('0'..'9') and '_', with a length limit of 255 characters. (00:00.013 / 00:06.816, 113Mb)
Sushi:   File: /tmp/ig-builds/dk.ehealth.sundhed.fhir.ig.core#10.0.1/input/fsh/ehealth-ext-responsible-organization.fsh (00:00.001 / 00:06.818, 113Mb)
Sushi:   Line: 1 - 6                                                                                 (00:00.000 / 00:06.818, 113Mb)
Sushi: warn  The name "ehealth-performer" may not be suitable for machine processing applications such as code generation. Valid names start with an upper-case ASCII letter ('A'..'Z') followed by any combination of upper- or lower-case ASCII letters ('A'..'Z', and 'a'..'z'), numerals ('0'..'9') and '_', with a length limit of 255 characters. (00:00.023 / 00:06.842, 113Mb)
Sushi:   File: /tmp/ig-builds/dk.ehealth.sundhed.fhir.ig.core#10.0.1/input/fsh/ehealth-ext-performer.fsh (00:00.001 / 00:06.843, 113Mb)
Sushi:   Line: 1 - 6                                                                                 (00:00.000 / 00:06.844, 113Mb)
Sushi: warn  The name "ehealth-performing-organization" may not be suitable for machine processing applications such as code generation. Valid names start with an upper-case ASCII letter ('A'..'Z') followed by any combination of upper- or lower-case ASCII letters ('A'..'Z', and 'a'..'z'), numerals ('0'..'9') and '_', with a length limit of 255 characters. (00:00.021 / 00:06.865, 113Mb)
Sushi:   File: /tmp/ig-builds/dk.ehealth.sundhed.fhir.ig.core#10.0.1/input/fsh/ehealth-ext-performing-organization.fsh (00:00.001 / 00:06.867, 113Mb)
Sushi:   Line: 1 - 6                                                                                 (00:00.000 / 00:06.867, 113Mb)
Sushi: warn  The name "ehealth-ext-careteam" may not be suitable for machine processing applications such as code generation. Valid names start with an upper-case ASCII letter ('A'..'Z') followed by any combination of upper- or lower-case ASCII letters ('A'..'Z', and 'a'..'z'), numerals ('0'..'9') and '_', with a length limit of 255 characters. (00:00.030 / 00:06.898, 113Mb)
Sushi:   File: /tmp/ig-builds/dk.ehealth.sundhed.fhir.ig.core#10.0.1/input/fsh/ehealth-ext-careteam.fsh (00:00.001 / 00:06.899, 113Mb)
Sushi:   Line: 1 - 6                                                                                 (00:00.000 / 00:06.900, 113Mb)
Sushi: warn  The name "ehealth-auditevent" may not be suitable for machine processing applications such as code generation. Valid names start with an upper-case ASCII letter ('A'..'Z') followed by any combination of upper- or lower-case ASCII letters ('A'..'Z', and 'a'..'z'), numerals ('0'..'9') and '_', with a length limit of 255 characters. (00:00.060 / 00:06.961, 114Mb)
Sushi:   File: /tmp/ig-builds/dk.ehealth.sundhed.fhir.ig.core#10.0.1/input/fsh/ehealth-auditevent.fsh (00:00.001 / 00:06.962, 114Mb)
Sushi:   Line: 1 - 4                                                                                 (00:00.000 / 00:06.963, 114Mb)
Sushi: warn  The name "ehealth-carecommunication" may not be suitable for machine processing applications such as code generation. Valid names start with an upper-case ASCII letter ('A'..'Z') followed by any combination of upper- or lower-case ASCII letters ('A'..'Z', and 'a'..'z'), numerals ('0'..'9') and '_', with a length limit of 255 characters. (00:00.005 / 00:06.968, 114Mb)
Sushi:   File: /tmp/ig-builds/dk.ehealth.sundhed.fhir.ig.core#10.0.1/input/fsh/ehealth-carecommunication.fsh (00:00.001 / 00:06.969, 114Mb)
Sushi:   Line: 6 - 120                                                                               (00:00.000 / 00:06.970, 114Mb)
Sushi: warn  The name "ehealth-carecommunication-sender" may not be suitable for machine processing applications such as code generation. Valid names start with an upper-case ASCII letter ('A'..'Z') followed by any combination of upper- or lower-case ASCII letters ('A'..'Z', and 'a'..'z'), numerals ('0'..'9') and '_', with a length limit of 255 characters. (00:00.059 / 00:07.030, 114Mb)
Sushi:   File: /tmp/ig-builds/dk.ehealth.sundhed.fhir.ig.core#10.0.1/input/fsh/ehealth-carecommunication.fsh (00:00.001 / 00:07.032, 114Mb)
Sushi:   Line: 124 - 140                                                                             (00:00.000 / 00:07.032, 114Mb)
Sushi: warn  The name "ehealth-carecommunication-destination" may not be suitable for machine processing applications such as code generation. Valid names start with an upper-case ASCII letter ('A'..'Z') followed by any combination of upper- or lower-case ASCII letters ('A'..'Z', and 'a'..'z'), numerals ('0'..'9') and '_', with a length limit of 255 characters. (00:00.070 / 00:07.102, 114Mb)
Sushi:   File: /tmp/ig-builds/dk.ehealth.sundhed.fhir.ig.core#10.0.1/input/fsh/ehealth-carecommunication.fsh (00:00.001 / 00:07.104, 114Mb)
Sushi:   Line: 142 - 147                                                                             (00:00.001 / 00:07.105, 114Mb)
Sushi: warn  The name "ehealth-carecommunication-origin" may not be suitable for machine processing applications such as code generation. Valid names start with an upper-case ASCII letter ('A'..'Z') followed by any combination of upper- or lower-case ASCII letters ('A'..'Z', and 'a'..'z'), numerals ('0'..'9') and '_', with a length limit of 255 characters. (00:00.012 / 00:07.118, 114Mb)
Sushi:   File: /tmp/ig-builds/dk.ehealth.sundhed.fhir.ig.core#10.0.1/input/fsh/ehealth-carecommunication.fsh (00:00.001 / 00:07.119, 114Mb)
Sushi:   Line: 161 - 165                                                                             (00:00.000 / 00:07.120, 114Mb)
Sushi: warn  The name "ehealth-carecommunication-message-Type" may not be suitable for machine processing applications such as code generation. Valid names start with an upper-case ASCII letter ('A'..'Z') followed by any combination of upper- or lower-case ASCII letters ('A'..'Z', and 'a'..'z'), numerals ('0'..'9') and '_', with a length limit of 255 characters. (00:00.013 / 00:07.133, 114Mb)
Sushi:   File: /tmp/ig-builds/dk.ehealth.sundhed.fhir.ig.core#10.0.1/input/fsh/ehealth-carecommunication.fsh (00:00.001 / 00:07.135, 114Mb)
Sushi:   Line: 167 - 172                                                                             (00:00.000 / 00:07.136, 114Mb)
Sushi: warn  The name "ehealth-administrative-status" may not be suitable for machine processing applications such as code generation. Valid names start with an upper-case ASCII letter ('A'..'Z') followed by any combination of upper- or lower-case ASCII letters ('A'..'Z', and 'a'..'z'), numerals ('0'..'9') and '_', with a length limit of 255 characters. (00:00.046 / 00:07.182, 114Mb)
Sushi:   File: /tmp/ig-builds/dk.ehealth.sundhed.fhir.ig.core#10.0.1/input/fsh/ehealth-message.fsh   (00:00.001 / 00:07.184, 114Mb)
Sushi:   Line: 67 - 73                                                                               (00:00.000 / 00:07.185, 114Mb)
Sushi: warn  The name "ehealth-carecommunication-datetime" may not be suitable for machine processing applications such as code generation. Valid names start with an upper-case ASCII letter ('A'..'Z') followed by any combination of upper- or lower-case ASCII letters ('A'..'Z', and 'a'..'z'), numerals ('0'..'9') and '_', with a length limit of 255 characters. (00:00.051 / 00:07.236, 114Mb)
Sushi:   File: /tmp/ig-builds/dk.ehealth.sundhed.fhir.ig.core#10.0.1/input/fsh/ehealth-carecommunication.fsh (00:00.001 / 00:07.238, 114Mb)
Sushi:   Line: 149 - 153                                                                             (00:00.000 / 00:07.238, 114Mb)
Sushi: warn  The name "ehealth-carecommunication-payload-identifier" may not be suitable for machine processing applications such as code generation. Valid names start with an upper-case ASCII letter ('A'..'Z') followed by any combination of upper- or lower-case ASCII letters ('A'..'Z', and 'a'..'z'), numerals ('0'..'9') and '_', with a length limit of 255 characters. (00:00.017 / 00:07.256, 114Mb)
Sushi:   File: /tmp/ig-builds/dk.ehealth.sundhed.fhir.ig.core#10.0.1/input/fsh/ehealth-carecommunication.fsh (00:00.001 / 00:07.257, 114Mb)
Sushi:   Line: 155 - 159                                                                             (00:00.000 / 00:07.258, 114Mb)
Sushi: warn  The name "ehealth-careplan" may not be suitable for machine processing applications such as code generation. Valid names start with an upper-case ASCII letter ('A'..'Z') followed by any combination of upper- or lower-case ASCII letters ('A'..'Z', and 'a'..'z'), numerals ('0'..'9') and '_', with a length limit of 255 characters. (00:00.122 / 00:07.380, 114Mb)
Sushi:   File: /tmp/ig-builds/dk.ehealth.sundhed.fhir.ig.core#10.0.1/input/fsh/ehealth-careplan.fsh  (00:00.001 / 00:07.381, 114Mb)
Sushi:   Line: 1 - 56                                                                                (00:00.000 / 00:07.382, 114Mb)
Sushi: warn  The name "ehealth-careplan-statusHistory" may not be suitable for machine processing applications such as code generation. Valid names start with an upper-case ASCII letter ('A'..'Z') followed by any combination of upper- or lower-case ASCII letters ('A'..'Z', and 'a'..'z'), numerals ('0'..'9') and '_', with a length limit of 255 characters. (00:00.009 / 00:07.391, 114Mb)
Sushi:   File: /tmp/ig-builds/dk.ehealth.sundhed.fhir.ig.core#10.0.1/input/fsh/ehealth-careplan.fsh  (00:00.001 / 00:07.393, 114Mb)
Sushi:   Line: 58 - 66                                                                               (00:00.000 / 00:07.393, 114Mb)
Sushi: warn  The name "ehealth-teamHistory" may not be suitable for machine processing applications such as code generation. Valid names start with an upper-case ASCII letter ('A'..'Z') followed by any combination of upper- or lower-case ASCII letters ('A'..'Z', and 'a'..'z'), numerals ('0'..'9') and '_', with a length limit of 255 characters. (00:00.065 / 00:07.459, 114Mb)
Sushi:   File: /tmp/ig-builds/dk.ehealth.sundhed.fhir.ig.core#10.0.1/input/fsh/ehealth-ext-teamHistory.fsh (00:00.001 / 00:07.460, 114Mb)
Sushi:   Line: 1 - 12                                                                                (00:00.000 / 00:07.461, 114Mb)
Sushi: warn  The name "ehealth-careplan-statusschedule" may not be suitable for machine processing applications such as code generation. Valid names start with an upper-case ASCII letter ('A'..'Z') followed by any combination of upper- or lower-case ASCII letters ('A'..'Z', and 'a'..'z'), numerals ('0'..'9') and '_', with a length limit of 255 characters. (00:00.057 / 00:07.518, 114Mb)
Sushi:   File: /tmp/ig-builds/dk.ehealth.sundhed.fhir.ig.core#10.0.1/input/fsh/ehealth-careplan.fsh  (00:00.001 / 00:07.520, 114Mb)
Sushi:   Line: 68 - 77                                                                               (00:00.000 / 00:07.521, 114Mb)
Sushi: warn  The name "ehealth-teamschedule" may not be suitable for machine processing applications such as code generation. Valid names start with an upper-case ASCII letter ('A'..'Z') followed by any combination of upper- or lower-case ASCII letters ('A'..'Z', and 'a'..'z'), numerals ('0'..'9') and '_', with a length limit of 255 characters. (00:00.024 / 00:07.545, 114Mb)
Sushi:   File: /tmp/ig-builds/dk.ehealth.sundhed.fhir.ig.core#10.0.1/input/fsh/ehealth-ext-teamschedule.fsh (00:00.001 / 00:07.547, 114Mb)
Sushi:   Line: 1 - 15                                                                                (00:00.000 / 00:07.547, 114Mb)
Sushi: warn  The name "ehealth-participant" may not be suitable for machine processing applications such as code generation. Valid names start with an upper-case ASCII letter ('A'..'Z') followed by any combination of upper- or lower-case ASCII letters ('A'..'Z', and 'a'..'z'), numerals ('0'..'9') and '_', with a length limit of 255 characters. (00:00.154 / 00:07.702, 114Mb)
Sushi:   File: /tmp/ig-builds/dk.ehealth.sundhed.fhir.ig.core#10.0.1/input/fsh/ehealth-ext-participant.fsh (00:00.001 / 00:07.703, 114Mb)
Sushi:   Line: 1 - 21                                                                                (00:00.000 / 00:07.704, 114Mb)
Sushi: warn  The name "ehealth-careteam" may not be suitable for machine processing applications such as code generation. Valid names start with an upper-case ASCII letter ('A'..'Z') followed by any combination of upper- or lower-case ASCII letters ('A'..'Z', and 'a'..'z'), numerals ('0'..'9') and '_', with a length limit of 255 characters. (00:00.126 / 00:07.831, 114Mb)
Sushi:   File: /tmp/ig-builds/dk.ehealth.sundhed.fhir.ig.core#10.0.1/input/fsh/ehealth-careteam.fsh  (00:00.001 / 00:07.832, 114Mb)
Sushi:   Line: 1 - 23                                                                                (00:00.000 / 00:07.833, 114Mb)
Sushi: warn  The name "ehealth-clinicalimpression" may not be suitable for machine processing applications such as code generation. Valid names start with an upper-case ASCII letter ('A'..'Z') followed by any combination of upper- or lower-case ASCII letters ('A'..'Z', and 'a'..'z'), numerals ('0'..'9') and '_', with a length limit of 255 characters. (00:00.055 / 00:07.888, 114Mb)
Sushi:   File: /tmp/ig-builds/dk.ehealth.sundhed.fhir.ig.core#10.0.1/input/fsh/ehealth-clinicalimpression.fsh (00:00.001 / 00:07.890, 114Mb)
Sushi:   Line: 1 - 35                                                                                (00:00.000 / 00:07.890, 114Mb)
Sushi: warn  The name "ehealth-clinicalimpression-assessor-organization" may not be suitable for machine processing applications such as code generation. Valid names start with an upper-case ASCII letter ('A'..'Z') followed by any combination of upper- or lower-case ASCII letters ('A'..'Z', and 'a'..'z'), numerals ('0'..'9') and '_', with a length limit of 255 characters. (00:00.000 / 00:07.891, 114Mb)
Sushi:   File: /tmp/ig-builds/dk.ehealth.sundhed.fhir.ig.core#10.0.1/input/fsh/ehealth-clinicalimpression.fsh (00:00.001 / 00:07.892, 114Mb)
Sushi:   Line: 37 - 43                                                                               (00:00.000 / 00:07.893, 114Mb)
Sushi: warn  The name "ehealth-clinicalimpression-assessor-other" may not be suitable for machine processing applications such as code generation. Valid names start with an upper-case ASCII letter ('A'..'Z') followed by any combination of upper- or lower-case ASCII letters ('A'..'Z', and 'a'..'z'), numerals ('0'..'9') and '_', with a length limit of 255 characters. (00:00.019 / 00:07.912, 114Mb)
Sushi:   File: /tmp/ig-builds/dk.ehealth.sundhed.fhir.ig.core#10.0.1/input/fsh/ehealth-clinicalimpression.fsh (00:00.001 / 00:07.914, 114Mb)
Sushi:   Line: 45 - 51                                                                               (00:00.000 / 00:07.914, 114Mb)
Sushi: warn  The name "ehealth-clinicalimpression-careplan" may not be suitable for machine processing applications such as code generation. Valid names start with an upper-case ASCII letter ('A'..'Z') followed by any combination of upper- or lower-case ASCII letters ('A'..'Z', and 'a'..'z'), numerals ('0'..'9') and '_', with a length limit of 255 characters. (00:00.022 / 00:07.937, 114Mb)
Sushi:   File: /tmp/ig-builds/dk.ehealth.sundhed.fhir.ig.core#10.0.1/input/fsh/ehealth-clinicalimpression.fsh (00:00.001 / 00:07.938, 114Mb)
Sushi:   Line: 53 - 59                                                                               (00:00.000 / 00:07.939, 114Mb)
Sushi: warn  The name "ehealth-clinicalimpression-decisionContext" may not be suitable for machine processing applications such as code generation. Valid names start with an upper-case ASCII letter ('A'..'Z') followed by any combination of upper- or lower-case ASCII letters ('A'..'Z', and 'a'..'z'), numerals ('0'..'9') and '_', with a length limit of 255 characters. (00:00.018 / 00:07.957, 114Mb)
Sushi:   File: /tmp/ig-builds/dk.ehealth.sundhed.fhir.ig.core#10.0.1/input/fsh/ehealth-clinicalimpression.fsh (00:00.001 / 00:07.958, 114Mb)
Sushi:   Line: 61 - 68                                                                               (00:00.000 / 00:07.959, 114Mb)
Sushi: warn  The name "ehealth-clinicalimpression-decision" may not be suitable for machine processing applications such as code generation. Valid names start with an upper-case ASCII letter ('A'..'Z') followed by any combination of upper- or lower-case ASCII letters ('A'..'Z', and 'a'..'z'), numerals ('0'..'9') and '_', with a length limit of 255 characters. (00:00.022 / 00:07.981, 114Mb)
Sushi:   File: /tmp/ig-builds/dk.ehealth.sundhed.fhir.ig.core#10.0.1/input/fsh/ehealth-clinicalimpression.fsh (00:00.001 / 00:07.983, 114Mb)
Sushi:   Line: 70 - 75                                                                               (00:00.000 / 00:07.983, 114Mb)
Sushi: warn  The name "ehealth-questionnaireresponse-finding-basis" may not be suitable for machine processing applications such as code generation. Valid names start with an upper-case ASCII letter ('A'..'Z') followed by any combination of upper- or lower-case ASCII letters ('A'..'Z', and 'a'..'z'), numerals ('0'..'9') and '_', with a length limit of 255 characters. (00:00.040 / 00:08.024, 114Mb)
Sushi:   File: /tmp/ig-builds/dk.ehealth.sundhed.fhir.ig.core#10.0.1/input/fsh/ehealth-clinicalimpression.fsh (00:00.001 / 00:08.026, 114Mb)
Sushi:   Line: 100 - 116                                                                             (00:00.000 / 00:08.026, 114Mb)
Sushi: warn  The name "ehealth-questionnaire-answerSignificance" may not be suitable for machine processing applications such as code generation. Valid names start with an upper-case ASCII letter ('A'..'Z') followed by any combination of upper- or lower-case ASCII letters ('A'..'Z', and 'a'..'z'), numerals ('0'..'9') and '_', with a length limit of 255 characters. (00:00.095 / 00:08.122, 114Mb)
Sushi:   File: /tmp/ig-builds/dk.ehealth.sundhed.fhir.ig.core#10.0.1/input/fsh/ehealth-ext-questionnaire-answerSignificance.fsh (00:00.001 / 00:08.123, 114Mb)
Sushi:   Line: 1 - 9                                                                                 (00:00.000 / 00:08.124, 114Mb)
Sushi: warn  The name "ehealth-answer-Condition" may not be suitable for machine processing applications such as code generation. Valid names start with an upper-case ASCII letter ('A'..'Z') followed by any combination of upper- or lower-case ASCII letters ('A'..'Z', and 'a'..'z'), numerals ('0'..'9') and '_', with a length limit of 255 characters. (00:00.004 / 00:08.129, 114Mb)
Sushi:   File: /tmp/ig-builds/dk.ehealth.sundhed.fhir.ig.core#10.0.1/input/fsh/ehealth-questionnaire.fsh (00:00.001 / 00:08.130, 114Mb)
Sushi:   Line: 98 - 107                                                                              (00:00.000 / 00:08.130, 114Mb)
Sushi: warn  The name "ehealth-clinicalimpression-viewInvestigationItem" may not be suitable for machine processing applications such as code generation. Valid names start with an upper-case ASCII letter ('A'..'Z') followed by any combination of upper- or lower-case ASCII letters ('A'..'Z', and 'a'..'z'), numerals ('0'..'9') and '_', with a length limit of 255 characters. (00:00.129 / 00:08.260, 114Mb)
Sushi:   File: /tmp/ig-builds/dk.ehealth.sundhed.fhir.ig.core#10.0.1/input/fsh/ehealth-clinicalimpression.fsh (00:00.001 / 00:08.261, 114Mb)
Sushi:   Line: 85 - 91                                                                               (00:00.000 / 00:08.262, 114Mb)
Sushi: warn  The name "ehealth-clinicalimpression-otherItem" may not be suitable for machine processing applications such as code generation. Valid names start with an upper-case ASCII letter ('A'..'Z') followed by any combination of upper- or lower-case ASCII letters ('A'..'Z', and 'a'..'z'), numerals ('0'..'9') and '_', with a length limit of 255 characters. (00:00.019 / 00:08.281, 114Mb)
Sushi:   File: /tmp/ig-builds/dk.ehealth.sundhed.fhir.ig.core#10.0.1/input/fsh/ehealth-clinicalimpression.fsh (00:00.001 / 00:08.282, 114Mb)
Sushi:   Line: 93 - 98                                                                               (00:00.000 / 00:08.283, 114Mb)
Sushi: warn  The name "ehealth-communication-request" may not be suitable for machine processing applications such as code generation. Valid names start with an upper-case ASCII letter ('A'..'Z') followed by any combination of upper- or lower-case ASCII letters ('A'..'Z', and 'a'..'z'), numerals ('0'..'9') and '_', with a length limit of 255 characters. (00:00.074 / 00:08.357, 114Mb)
Sushi:   File: /tmp/ig-builds/dk.ehealth.sundhed.fhir.ig.core#10.0.1/input/fsh/ehealth-communication-request.fsh (00:00.001 / 00:08.358, 114Mb)
Sushi:   Line: 1 - 15                                                                                (00:00.000 / 00:08.359, 114Mb)
Sushi: warn  The name "ehealth-communication" may not be suitable for machine processing applications such as code generation. Valid names start with an upper-case ASCII letter ('A'..'Z') followed by any combination of upper- or lower-case ASCII letters ('A'..'Z', and 'a'..'z'), numerals ('0'..'9') and '_', with a length limit of 255 characters. (00:00.026 / 00:08.385, 114Mb)
Sushi:   File: /tmp/ig-builds/dk.ehealth.sundhed.fhir.ig.core#10.0.1/input/fsh/ehealth-communication.fsh (00:00.001 / 00:08.387, 114Mb)
Sushi:   Line: 1 - 28                                                                                (00:00.000 / 00:08.387, 114Mb)
Sushi: warn  The name "ehealth-communication-recipientCareTeam" may not be suitable for machine processing applications such as code generation. Valid names start with an upper-case ASCII letter ('A'..'Z') followed by any combination of upper- or lower-case ASCII letters ('A'..'Z', and 'a'..'z'), numerals ('0'..'9') and '_', with a length limit of 255 characters. (00:00.007 / 00:08.395, 114Mb)
Sushi:   File: /tmp/ig-builds/dk.ehealth.sundhed.fhir.ig.core#10.0.1/input/fsh/ehealth-ext-communication-recipientCareTeam.fsh (00:00.001 / 00:08.396, 114Mb)
Sushi:   Line: 1 - 7                                                                                 (00:00.000 / 00:08.397, 114Mb)
Sushi: warn  The name "ehealth-communication-senderCareTeam" may not be suitable for machine processing applications such as code generation. Valid names start with an upper-case ASCII letter ('A'..'Z') followed by any combination of upper- or lower-case ASCII letters ('A'..'Z', and 'a'..'z'), numerals ('0'..'9') and '_', with a length limit of 255 characters. (00:00.020 / 00:08.418, 114Mb)
Sushi:   File: /tmp/ig-builds/dk.ehealth.sundhed.fhir.ig.core#10.0.1/input/fsh/ehealth-ext-communication-senderCareTeam.fsh (00:00.001 / 00:08.419, 114Mb)
Sushi:   Line: 1 - 7                                                                                 (00:00.000 / 00:08.420, 114Mb)
Sushi: warn  The name "ehealth-restriction-category" may not be suitable for machine processing applications such as code generation. Valid names start with an upper-case ASCII letter ('A'..'Z') followed by any combination of upper- or lower-case ASCII letters ('A'..'Z', and 'a'..'z'), numerals ('0'..'9') and '_', with a length limit of 255 characters. (00:00.016 / 00:08.437, 114Mb)
Sushi:   File: /tmp/ig-builds/dk.ehealth.sundhed.fhir.ig.core#10.0.1/input/fsh/ehealth-ext-restriction-category.fsh (00:00.001 / 00:08.438, 114Mb)
Sushi:   Line: 1 - 6                                                                                 (00:00.000 / 00:08.438, 114Mb)
Sushi: warn  The name "ehealth-composition" may not be suitable for machine processing applications such as code generation. Valid names start with an upper-case ASCII letter ('A'..'Z') followed by any combination of upper- or lower-case ASCII letters ('A'..'Z', and 'a'..'z'), numerals ('0'..'9') and '_', with a length limit of 255 characters. (00:00.108 / 00:08.547, 114Mb)
Sushi:   File: /tmp/ig-builds/dk.ehealth.sundhed.fhir.ig.core#10.0.1/input/fsh/ehealth-composition.fsh (00:00.001 / 00:08.548, 114Mb)
Sushi:   Line: 1 - 20                                                                                (00:00.000 / 00:08.548, 114Mb)
Sushi: warn  The name "ehealth-composition-authorOrganization" may not be suitable for machine processing applications such as code generation. Valid names start with an upper-case ASCII letter ('A'..'Z') followed by any combination of upper- or lower-case ASCII letters ('A'..'Z', and 'a'..'z'), numerals ('0'..'9') and '_', with a length limit of 255 characters. (00:00.000 / 00:08.549, 114Mb)
Sushi:   File: /tmp/ig-builds/dk.ehealth.sundhed.fhir.ig.core#10.0.1/input/fsh/ehealth-composition.fsh (00:00.001 / 00:08.550, 114Mb)
Sushi:   Line: 22 - 29                                                                               (00:00.000 / 00:08.551, 114Mb)
Sushi: warn  The name "ehealth-condition" may not be suitable for machine processing applications such as code generation. Valid names start with an upper-case ASCII letter ('A'..'Z') followed by any combination of upper- or lower-case ASCII letters ('A'..'Z', and 'a'..'z'), numerals ('0'..'9') and '_', with a length limit of 255 characters. (00:00.062 / 00:08.614, 114Mb)
Sushi:   File: /tmp/ig-builds/dk.ehealth.sundhed.fhir.ig.core#10.0.1/input/fsh/ehealth-condition.fsh (00:00.001 / 00:08.615, 114Mb)
Sushi:   Line: 1 - 17                                                                                (00:00.000 / 00:08.615, 114Mb)
Sushi: warn  The name "ehealth-code-qualification" may not be suitable for machine processing applications such as code generation. Valid names start with an upper-case ASCII letter ('A'..'Z') followed by any combination of upper- or lower-case ASCII letters ('A'..'Z', and 'a'..'z'), numerals ('0'..'9') and '_', with a length limit of 255 characters. (00:00.008 / 00:08.624, 114Mb)
Sushi:   File: /tmp/ig-builds/dk.ehealth.sundhed.fhir.ig.core#10.0.1/input/fsh/ehealth-condition.fsh (00:00.001 / 00:08.625, 114Mb)
Sushi:   Line: 19 - 24                                                                               (00:00.000 / 00:08.625, 114Mb)
Sushi: warn  The name "ehealth-consent" may not be suitable for machine processing applications such as code generation. Valid names start with an upper-case ASCII letter ('A'..'Z') followed by any combination of upper- or lower-case ASCII letters ('A'..'Z', and 'a'..'z'), numerals ('0'..'9') and '_', with a length limit of 255 characters. (00:00.087 / 00:08.713, 114Mb)
Sushi:   File: /tmp/ig-builds/dk.ehealth.sundhed.fhir.ig.core#10.0.1/input/fsh/ehealth-consent.fsh   (00:00.001 / 00:08.715, 114Mb)
Sushi:   Line: 1 - 21                                                                                (00:00.000 / 00:08.715, 114Mb)
Sushi: warn  The name "ehealth-consent-affiliation" may not be suitable for machine processing applications such as code generation. Valid names start with an upper-case ASCII letter ('A'..'Z') followed by any combination of upper- or lower-case ASCII letters ('A'..'Z', and 'a'..'z'), numerals ('0'..'9') and '_', with a length limit of 255 characters. (00:00.001 / 00:08.716, 114Mb)
Sushi:   File: /tmp/ig-builds/dk.ehealth.sundhed.fhir.ig.core#10.0.1/input/fsh/ehealth-consent.fsh   (00:00.001 / 00:08.717, 114Mb)
Sushi:   Line: 23 - 29                                                                               (00:00.000 / 00:08.718, 114Mb)
Sushi: warn  The name "ehealth-definedquestion" may not be suitable for machine processing applications such as code generation. Valid names start with an upper-case ASCII letter ('A'..'Z') followed by any combination of upper- or lower-case ASCII letters ('A'..'Z', and 'a'..'z'), numerals ('0'..'9') and '_', with a length limit of 255 characters. (00:00.076 / 00:08.794, 114Mb)
Sushi:   File: /tmp/ig-builds/dk.ehealth.sundhed.fhir.ig.core#10.0.1/input/fsh/ehealth-definedquestion.fsh (00:00.001 / 00:08.796, 114Mb)
Sushi:   Line: 1 - 3                                                                                 (00:00.000 / 00:08.796, 114Mb)
Sushi: warn  The name "ehealth-device" may not be suitable for machine processing applications such as code generation. Valid names start with an upper-case ASCII letter ('A'..'Z') followed by any combination of upper- or lower-case ASCII letters ('A'..'Z', and 'a'..'z'), numerals ('0'..'9') and '_', with a length limit of 255 characters. (00:00.005 / 00:08.802, 114Mb)
Sushi:   File: /tmp/ig-builds/dk.ehealth.sundhed.fhir.ig.core#10.0.1/input/fsh/ehealth-device.fsh    (00:00.001 / 00:08.804, 114Mb)
Sushi:   Line: 1 - 14                                                                                (00:00.000 / 00:08.804, 114Mb)
Sushi: warn  The name "ehealth-device-privatelyOwned" may not be suitable for machine processing applications such as code generation. Valid names start with an upper-case ASCII letter ('A'..'Z') followed by any combination of upper- or lower-case ASCII letters ('A'..'Z', and 'a'..'z'), numerals ('0'..'9') and '_', with a length limit of 255 characters. (00:00.000 / 00:08.805, 114Mb)
Sushi:   File: /tmp/ig-builds/dk.ehealth.sundhed.fhir.ig.core#10.0.1/input/fsh/ehealth-device.fsh    (00:00.001 / 00:08.807, 114Mb)
Sushi:   Line: 16 - 20                                                                               (00:00.000 / 00:08.807, 114Mb)
Sushi: warn  The name "ehealth-device-suppliers" may not be suitable for machine processing applications such as code generation. Valid names start with an upper-case ASCII letter ('A'..'Z') followed by any combination of upper- or lower-case ASCII letters ('A'..'Z', and 'a'..'z'), numerals ('0'..'9') and '_', with a length limit of 255 characters. (00:00.012 / 00:08.820, 114Mb)
Sushi:   File: /tmp/ig-builds/dk.ehealth.sundhed.fhir.ig.core#10.0.1/input/fsh/ehealth-device.fsh    (00:00.001 / 00:08.822, 114Mb)
Sushi:   Line: 22 - 32                                                                               (00:00.000 / 00:08.822, 114Mb)
Sushi: warn  The name "ehealth-device-registrationToken" may not be suitable for machine processing applications such as code generation. Valid names start with an upper-case ASCII letter ('A'..'Z') followed by any combination of upper- or lower-case ASCII letters ('A'..'Z', and 'a'..'z'), numerals ('0'..'9') and '_', with a length limit of 255 characters. (00:00.051 / 00:08.874, 114Mb)
Sushi:   File: /tmp/ig-builds/dk.ehealth.sundhed.fhir.ig.core#10.0.1/input/fsh/ehealth-device.fsh    (00:00.001 / 00:08.875, 114Mb)
Sushi:   Line: 34 - 38                                                                               (00:00.000 / 00:08.875, 114Mb)
Sushi: warn  The name "ehealth-device-platform" may not be suitable for machine processing applications such as code generation. Valid names start with an upper-case ASCII letter ('A'..'Z') followed by any combination of upper- or lower-case ASCII letters ('A'..'Z', and 'a'..'z'), numerals ('0'..'9') and '_', with a length limit of 255 characters. (00:00.024 / 00:08.900, 114Mb)
Sushi:   File: /tmp/ig-builds/dk.ehealth.sundhed.fhir.ig.core#10.0.1/input/fsh/ehealth-device.fsh    (00:00.001 / 00:08.901, 114Mb)
Sushi:   Line: 40 - 45                                                                               (00:00.000 / 00:08.902, 114Mb)
Sushi: warn  The name "ehealth-devicemetric" may not be suitable for machine processing applications such as code generation. Valid names start with an upper-case ASCII letter ('A'..'Z') followed by any combination of upper- or lower-case ASCII letters ('A'..'Z', and 'a'..'z'), numerals ('0'..'9') and '_', with a length limit of 255 characters. (00:00.041 / 00:08.943, 114Mb)
Sushi:   File: /tmp/ig-builds/dk.ehealth.sundhed.fhir.ig.core#10.0.1/input/fsh/ehealth-devicemetric.fsh (00:00.001 / 00:08.945, 114Mb)
Sushi:   Line: 1 - 14                                                                                (00:00.000 / 00:08.945, 114Mb)
Sushi: warn  The name "ehealth-devicemetric-properties" may not be suitable for machine processing applications such as code generation. Valid names start with an upper-case ASCII letter ('A'..'Z') followed by any combination of upper- or lower-case ASCII letters ('A'..'Z', and 'a'..'z'), numerals ('0'..'9') and '_', with a length limit of 255 characters. (00:00.000 / 00:08.946, 114Mb)
Sushi:   File: /tmp/ig-builds/dk.ehealth.sundhed.fhir.ig.core#10.0.1/input/fsh/ehealth-devicemetric.fsh (00:00.001 / 00:08.947, 114Mb)
Sushi:   Line: 16 - 26                                                                               (00:00.000 / 00:08.948, 114Mb)
Sushi: warn  The name "ehealth-devicemetric-qualities" may not be suitable for machine processing applications such as code generation. Valid names start with an upper-case ASCII letter ('A'..'Z') followed by any combination of upper- or lower-case ASCII letters ('A'..'Z', and 'a'..'z'), numerals ('0'..'9') and '_', with a length limit of 255 characters. (00:00.189 / 00:09.137, 114Mb)
Sushi:   File: /tmp/ig-builds/dk.ehealth.sundhed.fhir.ig.core#10.0.1/input/fsh/ehealth-devicemetric.fsh (00:00.001 / 00:09.139, 114Mb)
Sushi:   Line: 28 - 38                                                                               (00:00.000 / 00:09.139, 114Mb)
Sushi: warn  The name "ehealth-devicemetric-qualityHistory" may not be suitable for machine processing applications such as code generation. Valid names start with an upper-case ASCII letter ('A'..'Z') followed by any combination of upper- or lower-case ASCII letters ('A'..'Z', and 'a'..'z'), numerals ('0'..'9') and '_', with a length limit of 255 characters. (00:00.075 / 00:09.215, 114Mb)
Sushi:   File: /tmp/ig-builds/dk.ehealth.sundhed.fhir.ig.core#10.0.1/input/fsh/ehealth-devicemetric.fsh (00:00.001 / 00:09.217, 114Mb)
Sushi:   Line: 40 - 53                                                                               (00:00.000 / 00:09.217, 114Mb)
Sushi: warn  The name "ehealth-devicemetric-templateQualities" may not be suitable for machine processing applications such as code generation. Valid names start with an upper-case ASCII letter ('A'..'Z') followed by any combination of upper- or lower-case ASCII letters ('A'..'Z', and 'a'..'z'), numerals ('0'..'9') and '_', with a length limit of 255 characters. (00:00.124 / 00:09.342, 114Mb)
Sushi:   File: /tmp/ig-builds/dk.ehealth.sundhed.fhir.ig.core#10.0.1/input/fsh/ehealth-devicemetric.fsh (00:00.001 / 00:09.343, 114Mb)
Sushi:   Line: 55 - 64                                                                               (00:00.000 / 00:09.344, 114Mb)
Sushi: warn  The name "ehealth-devicemetric-calibrationExpires" may not be suitable for machine processing applications such as code generation. Valid names start with an upper-case ASCII letter ('A'..'Z') followed by any combination of upper- or lower-case ASCII letters ('A'..'Z', and 'a'..'z'), numerals ('0'..'9') and '_', with a length limit of 255 characters. (00:00.087 / 00:09.431, 114Mb)
Sushi:   File: /tmp/ig-builds/dk.ehealth.sundhed.fhir.ig.core#10.0.1/input/fsh/ehealth-devicemetric.fsh (00:00.001 / 00:09.433, 114Mb)
Sushi:   Line: 66 - 70                                                                               (00:00.000 / 00:09.433, 114Mb)
Sushi: warn  The name "ehealth-deviceusestatement" may not be suitable for machine processing applications such as code generation. Valid names start with an upper-case ASCII letter ('A'..'Z') followed by any combination of upper- or lower-case ASCII letters ('A'..'Z', and 'a'..'z'), numerals ('0'..'9') and '_', with a length limit of 255 characters. (00:00.022 / 00:09.456, 114Mb)
Sushi:   File: /tmp/ig-builds/dk.ehealth.sundhed.fhir.ig.core#10.0.1/input/fsh/ehealth-deviceusestatement.fsh (00:00.001 / 00:09.458, 114Mb)
Sushi:   Line: 1 - 13                                                                                (00:00.000 / 00:09.458, 114Mb)
Sushi: warn  The name "ehealth-deviceusestatement-context" may not be suitable for machine processing applications such as code generation. Valid names start with an upper-case ASCII letter ('A'..'Z') followed by any combination of upper- or lower-case ASCII letters ('A'..'Z', and 'a'..'z'), numerals ('0'..'9') and '_', with a length limit of 255 characters. (00:00.000 / 00:09.459, 114Mb)
Sushi:   File: /tmp/ig-builds/dk.ehealth.sundhed.fhir.ig.core#10.0.1/input/fsh/ehealth-deviceusestatement.fsh (00:00.001 / 00:09.460, 114Mb)
Sushi:   Line: 15 - 21                                                                               (00:00.000 / 00:09.461, 114Mb)
Sushi: warn  The name "ehealth-documentreference" may not be suitable for machine processing applications such as code generation. Valid names start with an upper-case ASCII letter ('A'..'Z') followed by any combination of upper- or lower-case ASCII letters ('A'..'Z', and 'a'..'z'), numerals ('0'..'9') and '_', with a length limit of 255 characters. (00:00.059 / 00:09.520, 114Mb)
Sushi:   File: /tmp/ig-builds/dk.ehealth.sundhed.fhir.ig.core#10.0.1/input/fsh/ehealth-documentreference.fsh (00:00.001 / 00:09.521, 114Mb)
Sushi:   Line: 1 - 30                                                                                (00:00.000 / 00:09.522, 114Mb)
Sushi: warn  The name "ehealth-intendedOrganization" may not be suitable for machine processing applications such as code generation. Valid names start with an upper-case ASCII letter ('A'..'Z') followed by any combination of upper- or lower-case ASCII letters ('A'..'Z', and 'a'..'z'), numerals ('0'..'9') and '_', with a length limit of 255 characters. (00:00.056 / 00:09.579, 114Mb)
Sushi:   File: /tmp/ig-builds/dk.ehealth.sundhed.fhir.ig.core#10.0.1/input/fsh/ehealth-ext-intendedOrganization.fsh (00:00.001 / 00:09.580, 114Mb)
Sushi:   Line: 1 - 7                                                                                 (00:00.000 / 00:09.581, 114Mb)
Sushi: warn  The name "ehealth-artifact-date" may not be suitable for machine processing applications such as code generation. Valid names start with an upper-case ASCII letter ('A'..'Z') followed by any combination of upper- or lower-case ASCII letters ('A'..'Z', and 'a'..'z'), numerals ('0'..'9') and '_', with a length limit of 255 characters. (00:00.020 / 00:09.601, 114Mb)
Sushi:   File: /tmp/ig-builds/dk.ehealth.sundhed.fhir.ig.core#10.0.1/input/fsh/ehealth-ext-artifact-date.fsh (00:00.001 / 00:09.602, 114Mb)
Sushi:   Line: 1 - 6                                                                                 (00:00.000 / 00:09.603, 114Mb)
Sushi: warn  The name "ehealth-usage" may not be suitable for machine processing applications such as code generation. Valid names start with an upper-case ASCII letter ('A'..'Z') followed by any combination of upper- or lower-case ASCII letters ('A'..'Z', and 'a'..'z'), numerals ('0'..'9') and '_', with a length limit of 255 characters. (00:00.023 / 00:09.627, 114Mb)
Sushi:   File: /tmp/ig-builds/dk.ehealth.sundhed.fhir.ig.core#10.0.1/input/fsh/ehealth-ext-usage.fsh (00:00.001 / 00:09.628, 114Mb)
Sushi:   Line: 1 - 5                                                                                 (00:00.000 / 00:09.629, 114Mb)
Sushi: warn  The name "ehealth-endpoint" may not be suitable for machine processing applications such as code generation. Valid names start with an upper-case ASCII letter ('A'..'Z') followed by any combination of upper- or lower-case ASCII letters ('A'..'Z', and 'a'..'z'), numerals ('0'..'9') and '_', with a length limit of 255 characters. (00:00.041 / 00:09.670, 114Mb)
Sushi:   File: /tmp/ig-builds/dk.ehealth.sundhed.fhir.ig.core#10.0.1/input/fsh/ehealth-endpoint.fsh  (00:00.001 / 00:09.672, 114Mb)
Sushi:   Line: 1 - 7                                                                                 (00:00.000 / 00:09.672, 114Mb)
Sushi: warn  The name "ehealth-episodeofcare" may not be suitable for machine processing applications such as code generation. Valid names start with an upper-case ASCII letter ('A'..'Z') followed by any combination of upper- or lower-case ASCII letters ('A'..'Z', and 'a'..'z'), numerals ('0'..'9') and '_', with a length limit of 255 characters. (00:00.004 / 00:09.677, 114Mb)
Sushi:   File: /tmp/ig-builds/dk.ehealth.sundhed.fhir.ig.core#10.0.1/input/fsh/ehealth-episodeofcare.fsh (00:00.001 / 00:09.678, 114Mb)
Sushi:   Line: 1 - 23                                                                                (00:00.000 / 00:09.679, 114Mb)
Sushi: warn  The name "ehealth-episodeofcare-caremanagerOrganization" may not be suitable for machine processing applications such as code generation. Valid names start with an upper-case ASCII letter ('A'..'Z') followed by any combination of upper- or lower-case ASCII letters ('A'..'Z', and 'a'..'z'), numerals ('0'..'9') and '_', with a length limit of 255 characters. (00:00.000 / 00:09.680, 114Mb)
Sushi:   File: /tmp/ig-builds/dk.ehealth.sundhed.fhir.ig.core#10.0.1/input/fsh/ehealth-episodeofcare.fsh (00:00.001 / 00:09.681, 114Mb)
Sushi:   Line: 25 - 31                                                                               (00:00.000 / 00:09.682, 114Mb)
Sushi: warn  The name "ehealth-episodeofcare-statusschedule" may not be suitable for machine processing applications such as code generation. Valid names start with an upper-case ASCII letter ('A'..'Z') followed by any combination of upper- or lower-case ASCII letters ('A'..'Z', and 'a'..'z'), numerals ('0'..'9') and '_', with a length limit of 255 characters. (00:00.026 / 00:09.708, 114Mb)
Sushi:   File: /tmp/ig-builds/dk.ehealth.sundhed.fhir.ig.core#10.0.1/input/fsh/ehealth-episodeofcare.fsh (00:00.001 / 00:09.710, 114Mb)
Sushi:   Line: 33 - 43                                                                               (00:00.000 / 00:09.710, 114Mb)
Sushi: warn  The name "ehealth-managing-organization" may not be suitable for machine processing applications such as code generation. Valid names start with an upper-case ASCII letter ('A'..'Z') followed by any combination of upper- or lower-case ASCII letters ('A'..'Z', and 'a'..'z'), numerals ('0'..'9') and '_', with a length limit of 255 characters. (00:00.032 / 00:09.743, 114Mb)
Sushi:   File: /tmp/ig-builds/dk.ehealth.sundhed.fhir.ig.core#10.0.1/input/fsh/ehealth-episodeofcare.fsh (00:00.001 / 00:09.744, 114Mb)
Sushi:   Line: 45 - 59                                                                               (00:00.000 / 00:09.745, 114Mb)
Sushi: warn  The name "ehealth-goal" may not be suitable for machine processing applications such as code generation. Valid names start with an upper-case ASCII letter ('A'..'Z') followed by any combination of upper- or lower-case ASCII letters ('A'..'Z', and 'a'..'z'), numerals ('0'..'9') and '_', with a length limit of 255 characters. (00:00.093 / 00:09.839, 114Mb)
Sushi:   File: /tmp/ig-builds/dk.ehealth.sundhed.fhir.ig.core#10.0.1/input/fsh/ehealth-goal.fsh      (00:00.002 / 00:09.841, 114Mb)
Sushi:   Line: 1 - 13                                                                                (00:00.000 / 00:09.842, 114Mb)
Sushi: warn  The name "ehealth-group-appointment" may not be suitable for machine processing applications such as code generation. Valid names start with an upper-case ASCII letter ('A'..'Z') followed by any combination of upper- or lower-case ASCII letters ('A'..'Z', and 'a'..'z'), numerals ('0'..'9') and '_', with a length limit of 255 characters. (00:00.047 / 00:09.889, 114Mb)
Sushi:   File: /tmp/ig-builds/dk.ehealth.sundhed.fhir.ig.core#10.0.1/input/fsh/ehealth-group-appointment.fsh (00:00.001 / 00:09.890, 114Mb)
Sushi:   Line: 1 - 34                                                                                (00:00.000 / 00:09.891, 114Mb)
Sushi: warn  The name "ehealth-creator" may not be suitable for machine processing applications such as code generation. Valid names start with an upper-case ASCII letter ('A'..'Z') followed by any combination of upper- or lower-case ASCII letters ('A'..'Z', and 'a'..'z'), numerals ('0'..'9') and '_', with a length limit of 255 characters. (00:00.004 / 00:09.895, 114Mb)
Sushi:   File: /tmp/ig-builds/dk.ehealth.sundhed.fhir.ig.core#10.0.1/input/fsh/ehealth-ext-creator.fsh (00:00.001 / 00:09.897, 114Mb)
Sushi:   Line: 1 - 6                                                                                 (00:00.000 / 00:09.897, 114Mb)
Sushi: warn  The name "ehealth-registration-deadline" may not be suitable for machine processing applications such as code generation. Valid names start with an upper-case ASCII letter ('A'..'Z') followed by any combination of upper- or lower-case ASCII letters ('A'..'Z', and 'a'..'z'), numerals ('0'..'9') and '_', with a length limit of 255 characters. (00:00.019 / 00:09.917, 114Mb)
Sushi:   File: /tmp/ig-builds/dk.ehealth.sundhed.fhir.ig.core#10.0.1/input/fsh/ehealth-ext-registration-deadline.fsh (00:00.001 / 00:09.918, 114Mb)
Sushi:   Line: 1 - 5                                                                                 (00:00.000 / 00:09.919, 114Mb)
Sushi: warn  The name "ehealth-assigning-careteam" may not be suitable for machine processing applications such as code generation. Valid names start with an upper-case ASCII letter ('A'..'Z') followed by any combination of upper- or lower-case ASCII letters ('A'..'Z', and 'a'..'z'), numerals ('0'..'9') and '_', with a length limit of 255 characters. (00:00.039 / 00:09.958, 114Mb)
Sushi:   File: /tmp/ig-builds/dk.ehealth.sundhed.fhir.ig.core#10.0.1/input/fsh/ehealth-ext-assigning-careteam.fsh (00:00.001 / 00:09.960, 114Mb)
Sushi:   Line: 1 - 5                                                                                 (00:00.000 / 00:09.961, 114Mb)
Sushi: warn  The name "ehealth-group-videoappointment" may not be suitable for machine processing applications such as code generation. Valid names start with an upper-case ASCII letter ('A'..'Z') followed by any combination of upper- or lower-case ASCII letters ('A'..'Z', and 'a'..'z'), numerals ('0'..'9') and '_', with a length limit of 255 characters. (00:00.036 / 00:09.997, 114Mb)
Sushi:   File: /tmp/ig-builds/dk.ehealth.sundhed.fhir.ig.core#10.0.1/input/fsh/ehealth-group-videoappointment.fsh (00:00.001 / 00:09.998, 114Mb)
Sushi:   Line: 1 - 43                                                                                (00:00.000 / 00:09.999, 114Mb)
Sushi: warn  The name "ehealth-end-meeting-on-end-time" may not be suitable for machine processing applications such as code generation. Valid names start with an upper-case ASCII letter ('A'..'Z') followed by any combination of upper- or lower-case ASCII letters ('A'..'Z', and 'a'..'z'), numerals ('0'..'9') and '_', with a length limit of 255 characters. (00:00.000 / 00:09.999, 114Mb)
Sushi:   File: /tmp/ig-builds/dk.ehealth.sundhed.fhir.ig.core#10.0.1/input/fsh/ehealth-ext-end-meeting-on-end-time.fsh (00:00.001 / 00:10.001, 114Mb)
Sushi:   Line: 1 - 5                                                                                 (00:00.000 / 00:10.001, 114Mb)
Sushi: warn  The name "ehealth-max-participants" may not be suitable for machine processing applications such as code generation. Valid names start with an upper-case ASCII letter ('A'..'Z') followed by any combination of upper- or lower-case ASCII letters ('A'..'Z', and 'a'..'z'), numerals ('0'..'9') and '_', with a length limit of 255 characters. (00:00.012 / 00:10.014, 114Mb)
Sushi:   File: /tmp/ig-builds/dk.ehealth.sundhed.fhir.ig.core#10.0.1/input/fsh/ehealth-ext-max-participants.fsh (00:00.001 / 00:10.015, 114Mb)
Sushi:   Line: 1 - 5                                                                                 (00:00.000 / 00:10.016, 114Mb)
Sushi: warn  The name "ehealth-meeting-url" may not be suitable for machine processing applications such as code generation. Valid names start with an upper-case ASCII letter ('A'..'Z') followed by any combination of upper- or lower-case ASCII letters ('A'..'Z', and 'a'..'z'), numerals ('0'..'9') and '_', with a length limit of 255 characters. (00:00.020 / 00:10.036, 114Mb)
Sushi:   File: /tmp/ig-builds/dk.ehealth.sundhed.fhir.ig.core#10.0.1/input/fsh/ehealth-ext-meeting-url.fsh (00:00.001 / 00:10.038, 114Mb)
Sushi:   Line: 1 - 5                                                                                 (00:00.000 / 00:10.038, 114Mb)
Sushi: warn  The name "ehealth-vmr-uri" may not be suitable for machine processing applications such as code generation. Valid names start with an upper-case ASCII letter ('A'..'Z') followed by any combination of upper- or lower-case ASCII letters ('A'..'Z', and 'a'..'z'), numerals ('0'..'9') and '_', with a length limit of 255 characters. (00:00.026 / 00:10.065, 114Mb)
Sushi:   File: /tmp/ig-builds/dk.ehealth.sundhed.fhir.ig.core#10.0.1/input/fsh/ehealth-ext-vmr-uri.fsh (00:00.001 / 00:10.066, 114Mb)
Sushi:   Line: 1 - 5                                                                                 (00:00.000 / 00:10.067, 114Mb)
Sushi: warn  The name "ehealth-guest-pin-code" may not be suitable for machine processing applications such as code generation. Valid names start with an upper-case ASCII letter ('A'..'Z') followed by any combination of upper- or lower-case ASCII letters ('A'..'Z', and 'a'..'z'), numerals ('0'..'9') and '_', with a length limit of 255 characters. (00:00.027 / 00:10.095, 114Mb)
Sushi:   File: /tmp/ig-builds/dk.ehealth.sundhed.fhir.ig.core#10.0.1/input/fsh/ehealth-ext-guest-pin-code.fsh (00:00.001 / 00:10.096, 114Mb)
Sushi:   Line: 1 - 5                                                                                 (00:00.000 / 00:10.097, 114Mb)
Sushi: warn  The name "ehealth-host-pin-code" may not be suitable for machine processing applications such as code generation. Valid names start with an upper-case ASCII letter ('A'..'Z') followed by any combination of upper- or lower-case ASCII letters ('A'..'Z', and 'a'..'z'), numerals ('0'..'9') and '_', with a length limit of 255 characters. (00:00.023 / 00:10.120, 114Mb)
Sushi:   File: /tmp/ig-builds/dk.ehealth.sundhed.fhir.ig.core#10.0.1/input/fsh/ehealth-ext-host-pin-code.fsh (00:00.001 / 00:10.121, 114Mb)
Sushi:   Line: 1 - 5                                                                                 (00:00.000 / 00:10.122, 114Mb)
Sushi: warn  The name "ehealth-guidanceresponse" may not be suitable for machine processing applications such as code generation. Valid names start with an upper-case ASCII letter ('A'..'Z') followed by any combination of upper- or lower-case ASCII letters ('A'..'Z', and 'a'..'z'), numerals ('0'..'9') and '_', with a length limit of 255 characters. (00:00.086 / 00:10.208, 114Mb)
Sushi:   File: /tmp/ig-builds/dk.ehealth.sundhed.fhir.ig.core#10.0.1/input/fsh/ehealth-guidanceresponse.fsh (00:00.001 / 00:10.209, 114Mb)
Sushi:   Line: 1 - 15                                                                                (00:00.000 / 00:10.210, 114Mb)
Sushi: warn  The name "ehealth-guidanceresponse-episodeOfCare" may not be suitable for machine processing applications such as code generation. Valid names start with an upper-case ASCII letter ('A'..'Z') followed by any combination of upper- or lower-case ASCII letters ('A'..'Z', and 'a'..'z'), numerals ('0'..'9') and '_', with a length limit of 255 characters. (00:00.000 / 00:10.210, 114Mb)
Sushi:   File: /tmp/ig-builds/dk.ehealth.sundhed.fhir.ig.core#10.0.1/input/fsh/ehealth-guidanceresponse.fsh (00:00.001 / 00:10.212, 114Mb)
Sushi:   Line: 17 - 22                                                                               (00:00.001 / 00:10.213, 114Mb)
Sushi: warn  The name "ehealth-library" may not be suitable for machine processing applications such as code generation. Valid names start with an upper-case ASCII letter ('A'..'Z') followed by any combination of upper- or lower-case ASCII letters ('A'..'Z', and 'a'..'z'), numerals ('0'..'9') and '_', with a length limit of 255 characters. (00:00.065 / 00:10.279, 114Mb)
Sushi:   File: /tmp/ig-builds/dk.ehealth.sundhed.fhir.ig.core#10.0.1/input/fsh/ehealth-library.fsh   (00:00.001 / 00:10.280, 115Mb)
Sushi:   Line: 1 - 12                                                                                (00:00.000 / 00:10.281, 115Mb)
Sushi: warn  The name "ehealth-revision" may not be suitable for machine processing applications such as code generation. Valid names start with an upper-case ASCII letter ('A'..'Z') followed by any combination of upper- or lower-case ASCII letters ('A'..'Z', and 'a'..'z'), numerals ('0'..'9') and '_', with a length limit of 255 characters. (00:00.001 / 00:10.282, 115Mb)
Sushi:   File: /tmp/ig-builds/dk.ehealth.sundhed.fhir.ig.core#10.0.1/input/fsh/ehealth-ext-revision.fsh (00:00.001 / 00:10.284, 115Mb)
Sushi:   Line: 1 - 6                                                                                 (00:00.000 / 00:10.284, 115Mb)
Sushi: warn  The name "ehealth-aggregation-mode" may not be suitable for machine processing applications such as code generation. Valid names start with an upper-case ASCII letter ('A'..'Z') followed by any combination of upper- or lower-case ASCII letters ('A'..'Z', and 'a'..'z'), numerals ('0'..'9') and '_', with a length limit of 255 characters. (00:00.025 / 00:10.310, 115Mb)
Sushi:   File: /tmp/ig-builds/dk.ehealth.sundhed.fhir.ig.core#10.0.1/input/fsh/ehealth-ext-aggregation-mode.fsh (00:00.001 / 00:10.311, 115Mb)
Sushi:   Line: 1 - 7                                                                                 (00:00.000 / 00:10.312, 115Mb)
Sushi: warn  The name "ehealth-material-communication" may not be suitable for machine processing applications such as code generation. Valid names start with an upper-case ASCII letter ('A'..'Z') followed by any combination of upper- or lower-case ASCII letters ('A'..'Z', and 'a'..'z'), numerals ('0'..'9') and '_', with a length limit of 255 characters. (00:00.039 / 00:10.352, 115Mb)
Sushi:   File: /tmp/ig-builds/dk.ehealth.sundhed.fhir.ig.core#10.0.1/input/fsh/ehealth-material-communication.fsh (00:00.001 / 00:10.353, 115Mb)
Sushi:   Line: 1 - 21                                                                                (00:00.000 / 00:10.354, 115Mb)
Sushi: warn  The name "ehealth-period" may not be suitable for machine processing applications such as code generation. Valid names start with an upper-case ASCII letter ('A'..'Z') followed by any combination of upper- or lower-case ASCII letters ('A'..'Z', and 'a'..'z'), numerals ('0'..'9') and '_', with a length limit of 255 characters. (00:00.025 / 00:10.380, 115Mb)
Sushi:   File: /tmp/ig-builds/dk.ehealth.sundhed.fhir.ig.core#10.0.1/input/fsh/ehealth-ext-period.fsh (00:00.001 / 00:10.381, 115Mb)
Sushi:   Line: 1 - 6                                                                                 (00:00.000 / 00:10.382, 115Mb)
Sushi: warn  The name "ehealth-media" may not be suitable for machine processing applications such as code generation. Valid names start with an upper-case ASCII letter ('A'..'Z') followed by any combination of upper- or lower-case ASCII letters ('A'..'Z', and 'a'..'z'), numerals ('0'..'9') and '_', with a length limit of 255 characters. (00:00.068 / 00:10.451, 115Mb)
Sushi:   File: /tmp/ig-builds/dk.ehealth.sundhed.fhir.ig.core#10.0.1/input/fsh/ehealth-media.fsh     (00:00.001 / 00:10.452, 115Mb)
Sushi:   Line: 1 - 33                                                                                (00:00.000 / 00:10.453, 115Mb)
Sushi: warn  The name "ehealth-resolved-timing" may not be suitable for machine processing applications such as code generation. Valid names start with an upper-case ASCII letter ('A'..'Z') followed by any combination of upper- or lower-case ASCII letters ('A'..'Z', and 'a'..'z'), numerals ('0'..'9') and '_', with a length limit of 255 characters. (00:00.010 / 00:10.463, 115Mb)
Sushi:   File: /tmp/ig-builds/dk.ehealth.sundhed.fhir.ig.core#10.0.1/input/fsh/ehealth-ext-resolved-timing.fsh (00:00.001 / 00:10.465, 115Mb)
Sushi:   Line: 1 - 18                                                                                (00:00.000 / 00:10.466, 115Mb)
Sushi: warn  The name "ehealth-media-thumbnail" may not be suitable for machine processing applications such as code generation. Valid names start with an upper-case ASCII letter ('A'..'Z') followed by any combination of upper- or lower-case ASCII letters ('A'..'Z', and 'a'..'z'), numerals ('0'..'9') and '_', with a length limit of 255 characters. (00:00.068 / 00:10.535, 115Mb)
Sushi:   File: /tmp/ig-builds/dk.ehealth.sundhed.fhir.ig.core#10.0.1/input/fsh/ehealth-media.fsh     (00:00.001 / 00:10.536, 115Mb)
Sushi:   Line: 55 - 76                                                                               (00:00.000 / 00:10.537, 115Mb)
Sushi: warn  The name "ehealth-media-usage-mode" may not be suitable for machine processing applications such as code generation. Valid names start with an upper-case ASCII letter ('A'..'Z') followed by any combination of upper- or lower-case ASCII letters ('A'..'Z', and 'a'..'z'), numerals ('0'..'9') and '_', with a length limit of 255 characters. (00:00.129 / 00:10.666, 115Mb)
Sushi:   File: /tmp/ig-builds/dk.ehealth.sundhed.fhir.ig.core#10.0.1/input/fsh/ehealth-media.fsh     (00:00.001 / 00:10.667, 115Mb)
Sushi:   Line: 35 - 40                                                                               (00:00.000 / 00:10.668, 115Mb)
Sushi: warn  The name "ehealth-media-related-to" may not be suitable for machine processing applications such as code generation. Valid names start with an upper-case ASCII letter ('A'..'Z') followed by any combination of upper- or lower-case ASCII letters ('A'..'Z', and 'a'..'z'), numerals ('0'..'9') and '_', with a length limit of 255 characters. (00:00.010 / 00:10.679, 115Mb)
Sushi:   File: /tmp/ig-builds/dk.ehealth.sundhed.fhir.ig.core#10.0.1/input/fsh/ehealth-media.fsh     (00:00.001 / 00:10.680, 115Mb)
Sushi:   Line: 42 - 47                                                                               (00:00.000 / 00:10.681, 115Mb)
Sushi: warn  The name "ehealth-media-series-id" may not be suitable for machine processing applications such as code generation. Valid names start with an upper-case ASCII letter ('A'..'Z') followed by any combination of upper- or lower-case ASCII letters ('A'..'Z', and 'a'..'z'), numerals ('0'..'9') and '_', with a length limit of 255 characters. (00:00.011 / 00:10.692, 115Mb)
Sushi:   File: /tmp/ig-builds/dk.ehealth.sundhed.fhir.ig.core#10.0.1/input/fsh/ehealth-media.fsh     (00:00.001 / 00:10.694, 115Mb)
Sushi:   Line: 49 - 53                                                                               (00:00.000 / 00:10.694, 115Mb)
Sushi: warn  The name "ehealth-message" may not be suitable for machine processing applications such as code generation. Valid names start with an upper-case ASCII letter ('A'..'Z') followed by any combination of upper- or lower-case ASCII letters ('A'..'Z', and 'a'..'z'), numerals ('0'..'9') and '_', with a length limit of 255 characters. (00:00.086 / 00:10.780, 115Mb)
Sushi:   File: /tmp/ig-builds/dk.ehealth.sundhed.fhir.ig.core#10.0.1/input/fsh/ehealth-message.fsh   (00:00.001 / 00:10.782, 115Mb)
Sushi:   Line: 1 - 59                                                                                (00:00.000 / 00:10.782, 115Mb)
Sushi: warn  The name "ehealth-thread-id" may not be suitable for machine processing applications such as code generation. Valid names start with an upper-case ASCII letter ('A'..'Z') followed by any combination of upper- or lower-case ASCII letters ('A'..'Z', and 'a'..'z'), numerals ('0'..'9') and '_', with a length limit of 255 characters. (00:00.008 / 00:10.791, 115Mb)
Sushi:   File: /tmp/ig-builds/dk.ehealth.sundhed.fhir.ig.core#10.0.1/input/fsh/ehealth-message.fsh   (00:00.001 / 00:10.792, 115Mb)
Sushi:   Line: 61 - 65                                                                               (00:00.000 / 00:10.793, 115Mb)
Sushi: warn  The name "ehealth-title" may not be suitable for machine processing applications such as code generation. Valid names start with an upper-case ASCII letter ('A'..'Z') followed by any combination of upper- or lower-case ASCII letters ('A'..'Z', and 'a'..'z'), numerals ('0'..'9') and '_', with a length limit of 255 characters. (00:00.027 / 00:10.820, 115Mb)
Sushi:   File: /tmp/ig-builds/dk.ehealth.sundhed.fhir.ig.core#10.0.1/input/fsh/ehealth-message.fsh   (00:00.001 / 00:10.821, 115Mb)
Sushi:   Line: 75 - 79                                                                               (00:00.000 / 00:10.822, 115Mb)
Sushi: warn  The name "ehealth-priority" may not be suitable for machine processing applications such as code generation. Valid names start with an upper-case ASCII letter ('A'..'Z') followed by any combination of upper- or lower-case ASCII letters ('A'..'Z', and 'a'..'z'), numerals ('0'..'9') and '_', with a length limit of 255 characters. (00:00.024 / 00:10.846, 115Mb)
Sushi:   File: /tmp/ig-builds/dk.ehealth.sundhed.fhir.ig.core#10.0.1/input/fsh/ehealth-message.fsh   (00:00.001 / 00:10.847, 115Mb)
Sushi:   Line: 81 - 86                                                                               (00:00.000 / 00:10.848, 115Mb)
Sushi: warn  The name "ehealth-on-behalf-of" may not be suitable for machine processing applications such as code generation. Valid names start with an upper-case ASCII letter ('A'..'Z') followed by any combination of upper- or lower-case ASCII letters ('A'..'Z', and 'a'..'z'), numerals ('0'..'9') and '_', with a length limit of 255 characters. (00:00.023 / 00:10.871, 115Mb)
Sushi:   File: /tmp/ig-builds/dk.ehealth.sundhed.fhir.ig.core#10.0.1/input/fsh/ehealth-message.fsh   (00:00.001 / 00:10.872, 115Mb)
Sushi:   Line: 88 - 94                                                                               (00:00.000 / 00:10.873, 115Mb)
Sushi: warn  The name "ehealth-message-author" may not be suitable for machine processing applications such as code generation. Valid names start with an upper-case ASCII letter ('A'..'Z') followed by any combination of upper- or lower-case ASCII letters ('A'..'Z', and 'a'..'z'), numerals ('0'..'9') and '_', with a length limit of 255 characters. (00:00.018 / 00:10.892, 115Mb)
Sushi:   File: /tmp/ig-builds/dk.ehealth.sundhed.fhir.ig.core#10.0.1/input/fsh/ehealth-ext-message-author.fsh (00:00.001 / 00:10.893, 115Mb)
Sushi:   Line: 1 - 7                                                                                 (00:00.000 / 00:10.894, 115Mb)
Sushi: warn  The name "ehealth-observation" may not be suitable for machine processing applications such as code generation. Valid names start with an upper-case ASCII letter ('A'..'Z') followed by any combination of upper- or lower-case ASCII letters ('A'..'Z', and 'a'..'z'), numerals ('0'..'9') and '_', with a length limit of 255 characters. (00:00.138 / 00:11.032, 115Mb)
Sushi:   File: /tmp/ig-builds/dk.ehealth.sundhed.fhir.ig.core#10.0.1/input/fsh/ehealth-observation.fsh (00:00.001 / 00:11.033, 115Mb)
Sushi:   Line: 1 - 27                                                                                (00:00.000 / 00:11.034, 115Mb)
Sushi: warn  The name "ehealth-observation-wound-dimensions" may not be suitable for machine processing applications such as code generation. Valid names start with an upper-case ASCII letter ('A'..'Z') followed by any combination of upper- or lower-case ASCII letters ('A'..'Z', and 'a'..'z'), numerals ('0'..'9') and '_', with a length limit of 255 characters. (00:00.075 / 00:11.109, 115Mb)
Sushi:   File: /tmp/ig-builds/dk.ehealth.sundhed.fhir.ig.core#10.0.1/input/fsh/ehealth-observation-wound-dimensions.fsh (00:00.001 / 00:11.110, 115Mb)
Sushi:   Line: 1 - 42                                                                                (00:00.000 / 00:11.111, 115Mb)
Sushi: warn  The name "ehealth-observation-method" may not be suitable for machine processing applications such as code generation. Valid names start with an upper-case ASCII letter ('A'..'Z') followed by any combination of upper- or lower-case ASCII letters ('A'..'Z', and 'a'..'z'), numerals ('0'..'9') and '_', with a length limit of 255 characters. (00:00.008 / 00:11.120, 115Mb)
Sushi:   File: /tmp/ig-builds/dk.ehealth.sundhed.fhir.ig.core#10.0.1/input/fsh/ehealth-observation-wound-dimensions.fsh (00:00.001 / 00:11.121, 115Mb)
Sushi:   Line: 44 - 49                                                                               (00:00.000 / 00:11.122, 115Mb)
Sushi: warn  The name "ehealth-organization" may not be suitable for machine processing applications such as code generation. Valid names start with an upper-case ASCII letter ('A'..'Z') followed by any combination of upper- or lower-case ASCII letters ('A'..'Z', and 'a'..'z'), numerals ('0'..'9') and '_', with a length limit of 255 characters. (00:00.137 / 00:11.260, 115Mb)
Sushi:   File: /tmp/ig-builds/dk.ehealth.sundhed.fhir.ig.core#10.0.1/input/fsh/ehealth-organization.fsh (00:00.001 / 00:11.261, 115Mb)
Sushi:   Line: 1 - 30                                                                                (00:00.000 / 00:11.261, 115Mb)
Sushi: warn  The name "ehealth-organization-cvrNumber" may not be suitable for machine processing applications such as code generation. Valid names start with an upper-case ASCII letter ('A'..'Z') followed by any combination of upper- or lower-case ASCII letters ('A'..'Z', and 'a'..'z'), numerals ('0'..'9') and '_', with a length limit of 255 characters. (00:00.000 / 00:11.262, 115Mb)
Sushi:   File: /tmp/ig-builds/dk.ehealth.sundhed.fhir.ig.core#10.0.1/input/fsh/ehealth-organization.fsh (00:00.001 / 00:11.264, 115Mb)
Sushi:   Line: 49 - 54                                                                               (00:00.000 / 00:11.264, 115Mb)
Sushi: warn  The name "ehealth-organization-regionCode" may not be suitable for machine processing applications such as code generation. Valid names start with an upper-case ASCII letter ('A'..'Z') followed by any combination of upper- or lower-case ASCII letters ('A'..'Z', and 'a'..'z'), numerals ('0'..'9') and '_', with a length limit of 255 characters. (00:00.023 / 00:11.288, 115Mb)
Sushi:   File: /tmp/ig-builds/dk.ehealth.sundhed.fhir.ig.core#10.0.1/input/fsh/ehealth-organization.fsh (00:00.001 / 00:11.289, 115Mb)
Sushi:   Line: 64 - 69                                                                               (00:00.000 / 00:11.289, 115Mb)
Sushi: warn  The name "ehealth-organization-municipalityCode" may not be suitable for machine processing applications such as code generation. Valid names start with an upper-case ASCII letter ('A'..'Z') followed by any combination of upper- or lower-case ASCII letters ('A'..'Z', and 'a'..'z'), numerals ('0'..'9') and '_', with a length limit of 255 characters. (00:00.027 / 00:11.317, 115Mb)
Sushi:   File: /tmp/ig-builds/dk.ehealth.sundhed.fhir.ig.core#10.0.1/input/fsh/ehealth-organization.fsh (00:00.001 / 00:11.319, 115Mb)
Sushi:   Line: 71 - 75                                                                               (00:00.000 / 00:11.319, 115Mb)
Sushi: warn  The name "ehealth-organization-source" may not be suitable for machine processing applications such as code generation. Valid names start with an upper-case ASCII letter ('A'..'Z') followed by any combination of upper- or lower-case ASCII letters ('A'..'Z', and 'a'..'z'), numerals ('0'..'9') and '_', with a length limit of 255 characters. (00:00.023 / 00:11.343, 115Mb)
Sushi:   File: /tmp/ig-builds/dk.ehealth.sundhed.fhir.ig.core#10.0.1/input/fsh/ehealth-organization.fsh (00:00.001 / 00:11.344, 115Mb)
Sushi:   Line: 84 - 90                                                                               (00:00.000 / 00:11.345, 115Mb)
Sushi: warn  The name "ehealth-organization-synchronizationStatus" may not be suitable for machine processing applications such as code generation. Valid names start with an upper-case ASCII letter ('A'..'Z') followed by any combination of upper- or lower-case ASCII letters ('A'..'Z', and 'a'..'z'), numerals ('0'..'9') and '_', with a length limit of 255 characters. (00:00.033 / 00:11.378, 115Mb)
Sushi:   File: /tmp/ig-builds/dk.ehealth.sundhed.fhir.ig.core#10.0.1/input/fsh/ehealth-organization.fsh (00:00.001 / 00:11.379, 115Mb)
Sushi:   Line: 108 - 114                                                                             (00:00.000 / 00:11.380, 115Mb)
Sushi: warn  The name "ehealth-organization-providerIdentifier" may not be suitable for machine processing applications such as code generation. Valid names start with an upper-case ASCII letter ('A'..'Z') followed by any combination of upper- or lower-case ASCII letters ('A'..'Z', and 'a'..'z'), numerals ('0'..'9') and '_', with a length limit of 255 characters. (00:00.032 / 00:11.413, 115Mb)
Sushi:   File: /tmp/ig-builds/dk.ehealth.sundhed.fhir.ig.core#10.0.1/input/fsh/ehealth-organization.fsh (00:00.001 / 00:11.414, 115Mb)
Sushi:   Line: 77 - 82                                                                               (00:00.000 / 00:11.415, 115Mb)
Sushi: warn  The name "ehealth-organization-specialty" may not be suitable for machine processing applications such as code generation. Valid names start with an upper-case ASCII letter ('A'..'Z') followed by any combination of upper- or lower-case ASCII letters ('A'..'Z', and 'a'..'z'), numerals ('0'..'9') and '_', with a length limit of 255 characters. (00:00.023 / 00:11.438, 115Mb)
Sushi:   File: /tmp/ig-builds/dk.ehealth.sundhed.fhir.ig.core#10.0.1/input/fsh/ehealth-organization.fsh (00:00.001 / 00:11.440, 115Mb)
Sushi:   Line: 116 - 131                                                                             (00:00.000 / 00:11.440, 115Mb)
Sushi: warn  The name "ehealth-organization-relatedTo" may not be suitable for machine processing applications such as code generation. Valid names start with an upper-case ASCII letter ('A'..'Z') followed by any combination of upper- or lower-case ASCII letters ('A'..'Z', and 'a'..'z'), numerals ('0'..'9') and '_', with a length limit of 255 characters. (00:00.060 / 00:11.501, 115Mb)
Sushi:   File: /tmp/ig-builds/dk.ehealth.sundhed.fhir.ig.core#10.0.1/input/fsh/ehealth-organization.fsh (00:00.001 / 00:11.502, 115Mb)
Sushi:   Line: 33 - 47                                                                               (00:00.000 / 00:11.502, 115Mb)
Sushi: warn  The name "ehealth-organization-telecomValue" may not be suitable for machine processing applications such as code generation. Valid names start with an upper-case ASCII letter ('A'..'Z') followed by any combination of upper- or lower-case ASCII letters ('A'..'Z', and 'a'..'z'), numerals ('0'..'9') and '_', with a length limit of 255 characters. (00:00.092 / 00:11.595, 115Mb)
Sushi:   File: /tmp/ig-builds/dk.ehealth.sundhed.fhir.ig.core#10.0.1/input/fsh/ehealth-organization.fsh (00:00.001 / 00:11.596, 115Mb)
Sushi:   Line: 56 - 61                                                                               (00:00.000 / 00:11.597, 115Mb)
Sushi: warn  The name "ehealth-organization-telecomSystem" may not be suitable for machine processing applications such as code generation. Valid names start with an upper-case ASCII letter ('A'..'Z') followed by any combination of upper- or lower-case ASCII letters ('A'..'Z', and 'a'..'z'), numerals ('0'..'9') and '_', with a length limit of 255 characters. (00:00.025 / 00:11.623, 115Mb)
Sushi:   File: /tmp/ig-builds/dk.ehealth.sundhed.fhir.ig.core#10.0.1/input/fsh/ehealth-organization.fsh (00:00.001 / 00:11.624, 115Mb)
Sushi:   Line: 92 - 98                                                                               (00:00.000 / 00:11.624, 115Mb)
Sushi: warn  The name "ehealth-organization-telecomCustodian" may not be suitable for machine processing applications such as code generation. Valid names start with an upper-case ASCII letter ('A'..'Z') followed by any combination of upper- or lower-case ASCII letters ('A'..'Z', and 'a'..'z'), numerals ('0'..'9') and '_', with a length limit of 255 characters. (00:00.034 / 00:11.659, 115Mb)
Sushi:   File: /tmp/ig-builds/dk.ehealth.sundhed.fhir.ig.core#10.0.1/input/fsh/ehealth-organization.fsh (00:00.001 / 00:11.661, 115Mb)
Sushi:   Line: 100 - 106                                                                             (00:00.001 / 00:11.662, 115Mb)
Sushi: warn  The name "ehealth-patient" may not be suitable for machine processing applications such as code generation. Valid names start with an upper-case ASCII letter ('A'..'Z') followed by any combination of upper- or lower-case ASCII letters ('A'..'Z', and 'a'..'z'), numerals ('0'..'9') and '_', with a length limit of 255 characters. (00:00.051 / 00:11.714, 115Mb)
Sushi:   File: /tmp/ig-builds/dk.ehealth.sundhed.fhir.ig.core#10.0.1/input/fsh/ehealth-patient.fsh   (00:00.001 / 00:11.715, 115Mb)
Sushi:   Line: 1 - 52                                                                                (00:00.000 / 00:11.716, 115Mb)
Sushi: warn  The name "ehealth-itcompetencelevel" may not be suitable for machine processing applications such as code generation. Valid names start with an upper-case ASCII letter ('A'..'Z') followed by any combination of upper- or lower-case ASCII letters ('A'..'Z', and 'a'..'z'), numerals ('0'..'9') and '_', with a length limit of 255 characters. (00:00.000 / 00:11.716, 115Mb)
Sushi:   File: /tmp/ig-builds/dk.ehealth.sundhed.fhir.ig.core#10.0.1/input/fsh/ehealth-patient.fsh   (00:00.001 / 00:11.718, 115Mb)
Sushi:   Line: 54 - 66                                                                               (00:00.000 / 00:11.719, 115Mb)
Sushi: warn  Extension ehealth-itcompetencelevel has a description field that should not be empty.   (00:00.000 / 00:11.719, 115Mb)
Sushi: warn  The name "patient-interpreterRequired" may not be suitable for machine processing applications such as code generation. Valid names start with an upper-case ASCII letter ('A'..'Z') followed by any combination of upper- or lower-case ASCII letters ('A'..'Z', and 'a'..'z'), numerals ('0'..'9') and '_', with a length limit of 255 characters. (00:00.078 / 00:11.798, 115Mb)
Sushi:   File: /tmp/ig-builds/dk.ehealth.sundhed.fhir.ig.core#10.0.1/input/fsh/ehealth-patient.fsh   (00:00.001 / 00:11.799, 115Mb)
Sushi:   Line: 68 - 72                                                                               (00:00.000 / 00:11.799, 115Mb)
Sushi: warn  The name "ehealth-general-health-condition" may not be suitable for machine processing applications such as code generation. Valid names start with an upper-case ASCII letter ('A'..'Z') followed by any combination of upper- or lower-case ASCII letters ('A'..'Z', and 'a'..'z'), numerals ('0'..'9') and '_', with a length limit of 255 characters. (00:00.014 / 00:11.814, 115Mb)
Sushi:   File: /tmp/ig-builds/dk.ehealth.sundhed.fhir.ig.core#10.0.1/input/fsh/ehealth-patient.fsh   (00:00.001 / 00:11.815, 115Mb)
Sushi:   Line: 74 - 83                                                                               (00:00.000 / 00:11.815, 115Mb)
Sushi: warn  The name "ehealth-nameandaddressprotection" may not be suitable for machine processing applications such as code generation. Valid names start with an upper-case ASCII letter ('A'..'Z') followed by any combination of upper- or lower-case ASCII letters ('A'..'Z', and 'a'..'z'), numerals ('0'..'9') and '_', with a length limit of 255 characters. (00:00.053 / 00:11.869, 115Mb)
Sushi:   File: /tmp/ig-builds/dk.ehealth.sundhed.fhir.ig.core#10.0.1/input/fsh/ehealth-ext-nameandaddressprotection.fsh (00:00.001 / 00:11.870, 115Mb)
Sushi:   Line: 1 - 6                                                                                 (00:00.000 / 00:11.870, 115Mb)
Sushi: warn  The name "ehealth-patient-contactnote" may not be suitable for machine processing applications such as code generation. Valid names start with an upper-case ASCII letter ('A'..'Z') followed by any combination of upper- or lower-case ASCII letters ('A'..'Z', and 'a'..'z'), numerals ('0'..'9') and '_', with a length limit of 255 characters. (00:00.070 / 00:11.941, 115Mb)
Sushi:   File: /tmp/ig-builds/dk.ehealth.sundhed.fhir.ig.core#10.0.1/input/fsh/ehealth-ext-patient-contactnote.fsh (00:00.001 / 00:11.943, 115Mb)
Sushi:   Line: 1 - 5                                                                                 (00:00.000 / 00:11.944, 115Mb)
Sushi: warn  At least one slice of Patient.generalPractitioner has a max greater than the overall element max. The max of the following slice(s) has been reduced to match the max of Patient.generalPractitioner: referencedSORUnit (00:00.028 / 00:11.973, 115Mb)
Sushi: warn  The name "ehealth-plandefinition" may not be suitable for machine processing applications such as code generation. Valid names start with an upper-case ASCII letter ('A'..'Z') followed by any combination of upper- or lower-case ASCII letters ('A'..'Z', and 'a'..'z'), numerals ('0'..'9') and '_', with a length limit of 255 characters. (00:00.067 / 00:12.040, 115Mb)
Sushi:   File: /tmp/ig-builds/dk.ehealth.sundhed.fhir.ig.core#10.0.1/input/fsh/ehealth-plandefinition.fsh (00:00.001 / 00:12.041, 115Mb)
Sushi:   Line: 1 - 20                                                                                (00:00.000 / 00:12.042, 115Mb)
Sushi: warn  The name "ehealth-overviewUsageMode" may not be suitable for machine processing applications such as code generation. Valid names start with an upper-case ASCII letter ('A'..'Z') followed by any combination of upper- or lower-case ASCII letters ('A'..'Z', and 'a'..'z'), numerals ('0'..'9') and '_', with a length limit of 255 characters. (00:00.013 / 00:12.055, 115Mb)
Sushi:   File: /tmp/ig-builds/dk.ehealth.sundhed.fhir.ig.core#10.0.1/input/fsh/ehealth-ext-overviewUsageMode.fsh (00:00.001 / 00:12.056, 115Mb)
Sushi:   Line: 1 - 7                                                                                 (00:00.000 / 00:12.057, 115Mb)
Sushi: warn  The name "ehealth-actionTrigger" may not be suitable for machine processing applications such as code generation. Valid names start with an upper-case ASCII letter ('A'..'Z') followed by any combination of upper- or lower-case ASCII letters ('A'..'Z', and 'a'..'z'), numerals ('0'..'9') and '_', with a length limit of 255 characters. (00:00.038 / 00:12.095, 115Mb)
Sushi:   File: /tmp/ig-builds/dk.ehealth.sundhed.fhir.ig.core#10.0.1/input/fsh/ehealth-plandefinition.fsh (00:00.001 / 00:12.096, 115Mb)
Sushi:   Line: 22 - 42                                                                               (00:00.000 / 00:12.097, 115Mb)
Sushi: warn  The name "ehealth-triggerCondition" may not be suitable for machine processing applications such as code generation. Valid names start with an upper-case ASCII letter ('A'..'Z') followed by any combination of upper- or lower-case ASCII letters ('A'..'Z', and 'a'..'z'), numerals ('0'..'9') and '_', with a length limit of 255 characters. (00:00.005 / 00:12.103, 115Mb)
Sushi:   File: /tmp/ig-builds/dk.ehealth.sundhed.fhir.ig.core#10.0.1/input/fsh/ehealth-ext-triggerCondition.fsh (00:00.001 / 00:12.104, 115Mb)
Sushi:   Line: 1 - 12                                                                                (00:00.000 / 00:12.104, 115Mb)
Sushi: warn  The name "ehealth-include-as-extra" may not be suitable for machine processing applications such as code generation. Valid names start with an upper-case ASCII letter ('A'..'Z') followed by any combination of upper- or lower-case ASCII letters ('A'..'Z', and 'a'..'z'), numerals ('0'..'9') and '_', with a length limit of 255 characters. (00:00.077 / 00:12.182, 115Mb)
Sushi:   File: /tmp/ig-builds/dk.ehealth.sundhed.fhir.ig.core#10.0.1/input/fsh/ehealth-ext-include-as-extra.fsh (00:00.001 / 00:12.183, 115Mb)
Sushi:   Line: 1 - 6                                                                                 (00:00.000 / 00:12.184, 115Mb)
Sushi: warn  The name "ehealth-aggregate-group-id" may not be suitable for machine processing applications such as code generation. Valid names start with an upper-case ASCII letter ('A'..'Z') followed by any combination of upper- or lower-case ASCII letters ('A'..'Z', and 'a'..'z'), numerals ('0'..'9') and '_', with a length limit of 255 characters. (00:00.013 / 00:12.197, 115Mb)
Sushi:   File: /tmp/ig-builds/dk.ehealth.sundhed.fhir.ig.core#10.0.1/input/fsh/ehealth-ext-aggregate-group-id.fsh (00:00.001 / 00:12.199, 115Mb)
Sushi:   Line: 1 - 5                                                                                 (00:00.000 / 00:12.199, 115Mb)
Sushi: warn  The name "ehealth-practitioner" may not be suitable for machine processing applications such as code generation. Valid names start with an upper-case ASCII letter ('A'..'Z') followed by any combination of upper- or lower-case ASCII letters ('A'..'Z', and 'a'..'z'), numerals ('0'..'9') and '_', with a length limit of 255 characters. (00:00.029 / 00:12.229, 115Mb)
Sushi:   File: /tmp/ig-builds/dk.ehealth.sundhed.fhir.ig.core#10.0.1/input/fsh/ehealth-practitioner.fsh (00:00.001 / 00:12.230, 115Mb)
Sushi:   Line: 1 - 13                                                                                (00:00.000 / 00:12.231, 115Mb)
Sushi: warn  The name "ehealth-provider-affiliation" may not be suitable for machine processing applications such as code generation. Valid names start with an upper-case ASCII letter ('A'..'Z') followed by any combination of upper- or lower-case ASCII letters ('A'..'Z', and 'a'..'z'), numerals ('0'..'9') and '_', with a length limit of 255 characters. (00:00.004 / 00:12.236, 115Mb)
Sushi:   File: /tmp/ig-builds/dk.ehealth.sundhed.fhir.ig.core#10.0.1/input/fsh/ehealth-practitioner.fsh (00:00.001 / 00:12.237, 115Mb)
Sushi:   Line: 15 - 28                                                                               (00:00.000 / 00:12.238, 115Mb)
Sushi: warn  The name "ehealth-practitionerrole" may not be suitable for machine processing applications such as code generation. Valid names start with an upper-case ASCII letter ('A'..'Z') followed by any combination of upper- or lower-case ASCII letters ('A'..'Z', and 'a'..'z'), numerals ('0'..'9') and '_', with a length limit of 255 characters. (00:00.047 / 00:12.285, 115Mb)
Sushi:   File: /tmp/ig-builds/dk.ehealth.sundhed.fhir.ig.core#10.0.1/input/fsh/ehealth-practitionerrole.fsh (00:00.001 / 00:12.287, 115Mb)
Sushi:   Line: 1 - 8                                                                                 (00:00.000 / 00:12.288, 115Mb)
Sushi: warn  The name "ehealth-provenance" may not be suitable for machine processing applications such as code generation. Valid names start with an upper-case ASCII letter ('A'..'Z') followed by any combination of upper- or lower-case ASCII letters ('A'..'Z', and 'a'..'z'), numerals ('0'..'9') and '_', with a length limit of 255 characters. (00:00.020 / 00:12.308, 115Mb)
Sushi:   File: /tmp/ig-builds/dk.ehealth.sundhed.fhir.ig.core#10.0.1/input/fsh/ehealth-provenance.fsh (00:00.001 / 00:12.309, 115Mb)
Sushi:   Line: 1 - 8                                                                                 (00:00.000 / 00:12.309, 115Mb)
Sushi: warn  The name "ehealth-provenance-dateTimeOfReusedEntity" may not be suitable for machine processing applications such as code generation. Valid names start with an upper-case ASCII letter ('A'..'Z') followed by any combination of upper- or lower-case ASCII letters ('A'..'Z', and 'a'..'z'), numerals ('0'..'9') and '_', with a length limit of 255 characters. (00:00.000 / 00:12.310, 115Mb)
Sushi:   File: /tmp/ig-builds/dk.ehealth.sundhed.fhir.ig.core#10.0.1/input/fsh/ehealth-provenance.fsh (00:00.001 / 00:12.311, 115Mb)
Sushi:   Line: 10 - 15                                                                               (00:00.000 / 00:12.312, 115Mb)
Sushi: warn  The name "ehealth-questionnaire" may not be suitable for machine processing applications such as code generation. Valid names start with an upper-case ASCII letter ('A'..'Z') followed by any combination of upper- or lower-case ASCII letters ('A'..'Z', and 'a'..'z'), numerals ('0'..'9') and '_', with a length limit of 255 characters. (00:00.074 / 00:12.386, 115Mb)
Sushi:   File: /tmp/ig-builds/dk.ehealth.sundhed.fhir.ig.core#10.0.1/input/fsh/ehealth-questionnaire.fsh (00:00.001 / 00:12.388, 115Mb)
Sushi:   Line: 1 - 39                                                                                (00:00.000 / 00:12.388, 115Mb)
Sushi: warn  The name "ehealth-questionnaire-recommendation" may not be suitable for machine processing applications such as code generation. Valid names start with an upper-case ASCII letter ('A'..'Z') followed by any combination of upper- or lower-case ASCII letters ('A'..'Z', and 'a'..'z'), numerals ('0'..'9') and '_', with a length limit of 255 characters. (00:00.000 / 00:12.389, 115Mb)
Sushi:   File: /tmp/ig-builds/dk.ehealth.sundhed.fhir.ig.core#10.0.1/input/fsh/ehealth-questionnaire.fsh (00:00.001 / 00:12.391, 115Mb)
Sushi:   Line: 48 - 54                                                                               (00:00.000 / 00:12.391, 115Mb)
Sushi: warn  The name "ehealth-questionnaire-intendedOrganization" may not be suitable for machine processing applications such as code generation. Valid names start with an upper-case ASCII letter ('A'..'Z') followed by any combination of upper- or lower-case ASCII letters ('A'..'Z', and 'a'..'z'), numerals ('0'..'9') and '_', with a length limit of 255 characters. (00:00.032 / 00:12.424, 115Mb)
Sushi:   File: /tmp/ig-builds/dk.ehealth.sundhed.fhir.ig.core#10.0.1/input/fsh/ehealth-questionnaire.fsh (00:00.001 / 00:12.425, 115Mb)
Sushi:   Line: 56 - 62                                                                               (00:00.000 / 00:12.426, 115Mb)
Sushi: warn  The name "ehealth-questionnaire-type" may not be suitable for machine processing applications such as code generation. Valid names start with an upper-case ASCII letter ('A'..'Z') followed by any combination of upper- or lower-case ASCII letters ('A'..'Z', and 'a'..'z'), numerals ('0'..'9') and '_', with a length limit of 255 characters. (00:00.020 / 00:12.446, 115Mb)
Sushi:   File: /tmp/ig-builds/dk.ehealth.sundhed.fhir.ig.core#10.0.1/input/fsh/ehealth-questionnaire.fsh (00:00.001 / 00:12.447, 115Mb)
Sushi:   Line: 64 - 70                                                                               (00:00.000 / 00:12.448, 115Mb)
Sushi: warn  The name "ehealth-questionnaire-sliderStepValueDecimal" may not be suitable for machine processing applications such as code generation. Valid names start with an upper-case ASCII letter ('A'..'Z') followed by any combination of upper- or lower-case ASCII letters ('A'..'Z', and 'a'..'z'), numerals ('0'..'9') and '_', with a length limit of 255 characters. (00:00.048 / 00:12.497, 115Mb)
Sushi:   File: /tmp/ig-builds/dk.ehealth.sundhed.fhir.ig.core#10.0.1/input/fsh/ehealth-questionnaire.fsh (00:00.001 / 00:12.498, 115Mb)
Sushi:   Line: 41 - 46                                                                               (00:00.000 / 00:12.499, 115Mb)
Sushi: warn  The name "ehealth-questionnaire-feedback" may not be suitable for machine processing applications such as code generation. Valid names start with an upper-case ASCII letter ('A'..'Z') followed by any combination of upper- or lower-case ASCII letters ('A'..'Z', and 'a'..'z'), numerals ('0'..'9') and '_', with a length limit of 255 characters. (00:00.017 / 00:12.517, 115Mb)
Sushi:   File: /tmp/ig-builds/dk.ehealth.sundhed.fhir.ig.core#10.0.1/input/fsh/ehealth-questionnaire.fsh (00:00.001 / 00:12.518, 115Mb)
Sushi:   Line: 72 - 85                                                                               (00:00.000 / 00:12.518, 115Mb)
Sushi: warn  The name "ehealth-questionnaire-image" may not be suitable for machine processing applications such as code generation. Valid names start with an upper-case ASCII letter ('A'..'Z') followed by any combination of upper- or lower-case ASCII letters ('A'..'Z', and 'a'..'z'), numerals ('0'..'9') and '_', with a length limit of 255 characters. (00:00.049 / 00:12.568, 115Mb)
Sushi:   File: /tmp/ig-builds/dk.ehealth.sundhed.fhir.ig.core#10.0.1/input/fsh/ehealth-questionnaire.fsh (00:00.001 / 00:12.569, 115Mb)
Sushi:   Line: 87 - 96                                                                               (00:00.000 / 00:12.570, 115Mb)
Sushi: warn  The name "ehealth-questionnaire-shortText" may not be suitable for machine processing applications such as code generation. Valid names start with an upper-case ASCII letter ('A'..'Z') followed by any combination of upper- or lower-case ASCII letters ('A'..'Z', and 'a'..'z'), numerals ('0'..'9') and '_', with a length limit of 255 characters. (00:00.037 / 00:12.608, 115Mb)
Sushi:   File: /tmp/ig-builds/dk.ehealth.sundhed.fhir.ig.core#10.0.1/input/fsh/ehealth-ext-questionnaire-shortText.fsh (00:00.001 / 00:12.609, 115Mb)
Sushi:   Line: 1 - 5                                                                                 (00:00.000 / 00:12.609, 115Mb)
Sushi: warn  The name "ehealth-questionnaire-helpText" may not be suitable for machine processing applications such as code generation. Valid names start with an upper-case ASCII letter ('A'..'Z') followed by any combination of upper- or lower-case ASCII letters ('A'..'Z', and 'a'..'z'), numerals ('0'..'9') and '_', with a length limit of 255 characters. (00:00.023 / 00:12.633, 115Mb)
Sushi:   File: /tmp/ig-builds/dk.ehealth.sundhed.fhir.ig.core#10.0.1/input/fsh/ehealth-questionnaire.fsh (00:00.001 / 00:12.634, 115Mb)
Sushi:   Line: 109 - 120                                                                             (00:00.000 / 00:12.635, 115Mb)
Sushi: warn  The name "ehealth-external-identifier" may not be suitable for machine processing applications such as code generation. Valid names start with an upper-case ASCII letter ('A'..'Z') followed by any combination of upper- or lower-case ASCII letters ('A'..'Z', and 'a'..'z'), numerals ('0'..'9') and '_', with a length limit of 255 characters. (00:00.043 / 00:12.679, 115Mb)
Sushi:   File: /tmp/ig-builds/dk.ehealth.sundhed.fhir.ig.core#10.0.1/input/fsh/ehealth-questionnaire.fsh (00:00.001 / 00:12.680, 115Mb)
Sushi:   Line: 128 - 132                                                                             (00:00.000 / 00:12.680, 115Mb)
Sushi: warn  The name "ehealth-questionnaire-item-is-copyright" may not be suitable for machine processing applications such as code generation. Valid names start with an upper-case ASCII letter ('A'..'Z') followed by any combination of upper- or lower-case ASCII letters ('A'..'Z', and 'a'..'z'), numerals ('0'..'9') and '_', with a length limit of 255 characters. (00:00.038 / 00:12.719, 115Mb)
Sushi:   File: /tmp/ig-builds/dk.ehealth.sundhed.fhir.ig.core#10.0.1/input/fsh/ehealth-questionnaire.fsh (00:00.001 / 00:12.720, 115Mb)
Sushi:   Line: 134 - 139                                                                             (00:00.000 / 00:12.720, 115Mb)
Sushi: warn  The name "ehealth-enableBehavior-conditionId" may not be suitable for machine processing applications such as code generation. Valid names start with an upper-case ASCII letter ('A'..'Z') followed by any combination of upper- or lower-case ASCII letters ('A'..'Z', and 'a'..'z'), numerals ('0'..'9') and '_', with a length limit of 255 characters. (00:00.041 / 00:12.762, 115Mb)
Sushi:   File: /tmp/ig-builds/dk.ehealth.sundhed.fhir.ig.core#10.0.1/input/fsh/ehealth-questionnaire.fsh (00:00.001 / 00:12.764, 115Mb)
Sushi:   Line: 122 - 126                                                                             (00:00.000 / 00:12.764, 115Mb)
Sushi: warn  The name "ehealth-questionnaire-advanced" may not be suitable for machine processing applications such as code generation. Valid names start with an upper-case ASCII letter ('A'..'Z') followed by any combination of upper- or lower-case ASCII letters ('A'..'Z', and 'a'..'z'), numerals ('0'..'9') and '_', with a length limit of 255 characters. (00:00.042 / 00:12.806, 115Mb)
Sushi:   File: /tmp/ig-builds/dk.ehealth.sundhed.fhir.ig.core#10.0.1/input/fsh/ehealth-questionnaire-advanced.fsh (00:00.001 / 00:12.808, 115Mb)
Sushi:   Line: 1 - 9                                                                                 (00:00.000 / 00:12.808, 115Mb)
Sushi: warn  The name "ehealth-questionnaireresponse" may not be suitable for machine processing applications such as code generation. Valid names start with an upper-case ASCII letter ('A'..'Z') followed by any combination of upper- or lower-case ASCII letters ('A'..'Z', and 'a'..'z'), numerals ('0'..'9') and '_', with a length limit of 255 characters. (00:00.010 / 00:12.819, 115Mb)
Sushi:   File: /tmp/ig-builds/dk.ehealth.sundhed.fhir.ig.core#10.0.1/input/fsh/ehealth-questionnaireresponse.fsh (00:00.001 / 00:12.820, 115Mb)
Sushi:   Line: 1 - 25                                                                                (00:00.000 / 00:12.821, 115Mb)
Sushi: warn  The name "ehealth-effectivePeriod" may not be suitable for machine processing applications such as code generation. Valid names start with an upper-case ASCII letter ('A'..'Z') followed by any combination of upper- or lower-case ASCII letters ('A'..'Z', and 'a'..'z'), numerals ('0'..'9') and '_', with a length limit of 255 characters. (00:00.012 / 00:12.833, 115Mb)
Sushi:   File: /tmp/ig-builds/dk.ehealth.sundhed.fhir.ig.core#10.0.1/input/fsh/ehealth-questionnaireresponse.fsh (00:00.001 / 00:12.835, 115Mb)
Sushi:   Line: 27 - 32                                                                               (00:00.000 / 00:12.835, 115Mb)
Sushi: warn  The name "ehealth-relatedperson" may not be suitable for machine processing applications such as code generation. Valid names start with an upper-case ASCII letter ('A'..'Z') followed by any combination of upper- or lower-case ASCII letters ('A'..'Z', and 'a'..'z'), numerals ('0'..'9') and '_', with a length limit of 255 characters. (00:00.108 / 00:12.943, 115Mb)
Sushi:   File: /tmp/ig-builds/dk.ehealth.sundhed.fhir.ig.core#10.0.1/input/fsh/ehealth-relatedperson.fsh (00:00.001 / 00:12.944, 115Mb)
Sushi:   Line: 1 - 26                                                                                (00:00.000 / 00:12.945, 115Mb)
Sushi: warn  The name "ehealth-telecom-purpose" may not be suitable for machine processing applications such as code generation. Valid names start with an upper-case ASCII letter ('A'..'Z') followed by any combination of upper- or lower-case ASCII letters ('A'..'Z', and 'a'..'z'), numerals ('0'..'9') and '_', with a length limit of 255 characters. (00:00.030 / 00:12.975, 115Mb)
Sushi:   File: /tmp/ig-builds/dk.ehealth.sundhed.fhir.ig.core#10.0.1/input/fsh/ehealth-ext-telecom-purpose.fsh (00:00.001 / 00:12.977, 115Mb)
Sushi:   Line: 1 - 11                                                                                (00:00.000 / 00:12.977, 115Mb)
Sushi: warn  The name "ehealth-servicerequest" may not be suitable for machine processing applications such as code generation. Valid names start with an upper-case ASCII letter ('A'..'Z') followed by any combination of upper- or lower-case ASCII letters ('A'..'Z', and 'a'..'z'), numerals ('0'..'9') and '_', with a length limit of 255 characters. (00:00.071 / 00:13.049, 115Mb)
Sushi:   File: /tmp/ig-builds/dk.ehealth.sundhed.fhir.ig.core#10.0.1/input/fsh/ehealth-servicerequest.fsh (00:00.001 / 00:13.050, 115Mb)
Sushi:   Line: 1 - 31                                                                                (00:00.000 / 00:13.051, 115Mb)
Sushi: warn  The name "ehealth-trigger-enablement-code" may not be suitable for machine processing applications such as code generation. Valid names start with an upper-case ASCII letter ('A'..'Z') followed by any combination of upper- or lower-case ASCII letters ('A'..'Z', and 'a'..'z'), numerals ('0'..'9') and '_', with a length limit of 255 characters. (00:00.014 / 00:13.065, 115Mb)
Sushi:   File: /tmp/ig-builds/dk.ehealth.sundhed.fhir.ig.core#10.0.1/input/fsh/ehealth-servicerequest.fsh (00:00.001 / 00:13.067, 115Mb)
Sushi:   Line: 33 - 39                                                                               (00:00.000 / 00:13.068, 115Mb)
Sushi: warn  The name "ehealth-servicerequest-statusHistory" may not be suitable for machine processing applications such as code generation. Valid names start with an upper-case ASCII letter ('A'..'Z') followed by any combination of upper- or lower-case ASCII letters ('A'..'Z', and 'a'..'z'), numerals ('0'..'9') and '_', with a length limit of 255 characters. (00:00.018 / 00:13.086, 115Mb)
Sushi:   File: /tmp/ig-builds/dk.ehealth.sundhed.fhir.ig.core#10.0.1/input/fsh/ehealth-servicerequest.fsh (00:00.001 / 00:13.088, 115Mb)
Sushi:   Line: 41 - 49                                                                               (00:00.000 / 00:13.088, 115Mb)
Sushi: warn  The name "ehealth-servicerequest-statusSchedule" may not be suitable for machine processing applications such as code generation. Valid names start with an upper-case ASCII letter ('A'..'Z') followed by any combination of upper- or lower-case ASCII letters ('A'..'Z', and 'a'..'z'), numerals ('0'..'9') and '_', with a length limit of 255 characters. (00:00.060 / 00:13.148, 115Mb)
Sushi:   File: /tmp/ig-builds/dk.ehealth.sundhed.fhir.ig.core#10.0.1/input/fsh/ehealth-servicerequest.fsh (00:00.001 / 00:13.150, 115Mb)
Sushi:   Line: 51 - 60                                                                               (00:00.000 / 00:13.151, 115Mb)
Sushi: warn  The name "ehealth-aggregate-id" may not be suitable for machine processing applications such as code generation. Valid names start with an upper-case ASCII letter ('A'..'Z') followed by any combination of upper- or lower-case ASCII letters ('A'..'Z', and 'a'..'z'), numerals ('0'..'9') and '_', with a length limit of 255 characters. (00:00.022 / 00:13.173, 115Mb)
Sushi:   File: /tmp/ig-builds/dk.ehealth.sundhed.fhir.ig.core#10.0.1/input/fsh/ehealth-servicerequest.fsh (00:00.001 / 00:13.174, 115Mb)
Sushi:   Line: 62 - 67                                                                               (00:00.000 / 00:13.175, 115Mb)
Sushi: warn  The name "ehealth-skrs-patient" may not be suitable for machine processing applications such as code generation. Valid names start with an upper-case ASCII letter ('A'..'Z') followed by any combination of upper- or lower-case ASCII letters ('A'..'Z', and 'a'..'z'), numerals ('0'..'9') and '_', with a length limit of 255 characters. (00:00.091 / 00:13.267, 115Mb)
Sushi:   File: /tmp/ig-builds/dk.ehealth.sundhed.fhir.ig.core#10.0.1/input/fsh/ehealth-skrs-patient.fsh (00:00.001 / 00:13.268, 115Mb)
Sushi:   Line: 1 - 28                                                                                (00:00.000 / 00:13.269, 115Mb)
Sushi: warn  The name "ehealth-task" may not be suitable for machine processing applications such as code generation. Valid names start with an upper-case ASCII letter ('A'..'Z') followed by any combination of upper- or lower-case ASCII letters ('A'..'Z', and 'a'..'z'), numerals ('0'..'9') and '_', with a length limit of 255 characters. (00:00.071 / 00:13.341, 115Mb)
Sushi:   File: /tmp/ig-builds/dk.ehealth.sundhed.fhir.ig.core#10.0.1/input/fsh/ehealth-task.fsh      (00:00.001 / 00:13.342, 115Mb)
Sushi:   Line: 1 - 28                                                                                (00:00.000 / 00:13.343, 115Mb)
Sushi: warn  The name "ehealth-task-episodeOfCare" may not be suitable for machine processing applications such as code generation. Valid names start with an upper-case ASCII letter ('A'..'Z') followed by any combination of upper- or lower-case ASCII letters ('A'..'Z', and 'a'..'z'), numerals ('0'..'9') and '_', with a length limit of 255 characters. (00:00.000 / 00:13.343, 115Mb)
Sushi:   File: /tmp/ig-builds/dk.ehealth.sundhed.fhir.ig.core#10.0.1/input/fsh/ehealth-task.fsh      (00:00.001 / 00:13.345, 115Mb)
Sushi:   Line: 46 - 49                                                                               (00:00.000 / 00:13.345, 115Mb)
Sushi: warn  The name "ehealth-task-category" may not be suitable for machine processing applications such as code generation. Valid names start with an upper-case ASCII letter ('A'..'Z') followed by any combination of upper- or lower-case ASCII letters ('A'..'Z', and 'a'..'z'), numerals ('0'..'9') and '_', with a length limit of 255 characters. (00:00.011 / 00:13.356, 115Mb)
Sushi:   File: /tmp/ig-builds/dk.ehealth.sundhed.fhir.ig.core#10.0.1/input/fsh/ehealth-task.fsh      (00:00.001 / 00:13.358, 115Mb)
Sushi:   Line: 30 - 36                                                                               (00:00.000 / 00:13.358, 115Mb)
Sushi: warn  The name "ehealth-task-responsible" may not be suitable for machine processing applications such as code generation. Valid names start with an upper-case ASCII letter ('A'..'Z') followed by any combination of upper- or lower-case ASCII letters ('A'..'Z', and 'a'..'z'), numerals ('0'..'9') and '_', with a length limit of 255 characters. (00:00.034 / 00:13.392, 115Mb)
Sushi:   File: /tmp/ig-builds/dk.ehealth.sundhed.fhir.ig.core#10.0.1/input/fsh/ehealth-task.fsh      (00:00.001 / 00:13.393, 115Mb)
Sushi:   Line: 38 - 44                                                                               (00:00.000 / 00:13.394, 115Mb)
Sushi: warn  The name "ehealth-reference-careplan" may not be suitable for machine processing applications such as code generation. Valid names start with an upper-case ASCII letter ('A'..'Z') followed by any combination of upper- or lower-case ASCII letters ('A'..'Z', and 'a'..'z'), numerals ('0'..'9') and '_', with a length limit of 255 characters. (00:00.026 / 00:13.421, 115Mb)
Sushi:   File: /tmp/ig-builds/dk.ehealth.sundhed.fhir.ig.core#10.0.1/input/fsh/ehealth-ext-reference-careplan.fsh (00:00.001 / 00:13.422, 115Mb)
Sushi:   Line: 1 - 6                                                                                 (00:00.000 / 00:13.423, 115Mb)
Sushi: warn  The name "ehealth-transformation-documentreference" may not be suitable for machine processing applications such as code generation. Valid names start with an upper-case ASCII letter ('A'..'Z') followed by any combination of upper- or lower-case ASCII letters ('A'..'Z', and 'a'..'z'), numerals ('0'..'9') and '_', with a length limit of 255 characters. (00:00.109 / 00:13.532, 115Mb)
Sushi:   File: /tmp/ig-builds/dk.ehealth.sundhed.fhir.ig.core#10.0.1/input/fsh/ehealth-transformation-documentreference.fsh (00:00.001 / 00:13.534, 115Mb)
Sushi:   Line: 1 - 22                                                                                (00:00.000 / 00:13.534, 115Mb)
Sushi: warn  The name "ehealth-manuallydeprecated-type" may not be suitable for machine processing applications such as code generation. Valid names start with an upper-case ASCII letter ('A'..'Z') followed by any combination of upper- or lower-case ASCII letters ('A'..'Z', and 'a'..'z'), numerals ('0'..'9') and '_', with a length limit of 255 characters. (00:00.043 / 00:13.578, 115Mb)
Sushi:   File: /tmp/ig-builds/dk.ehealth.sundhed.fhir.ig.core#10.0.1/input/fsh/ehealth-transformation-documentreference.fsh (00:00.001 / 00:13.580, 115Mb)
Sushi:   Line: 24 - 29                                                                               (00:00.000 / 00:13.580, 115Mb)
Sushi: warn  The name "ehealth-document-sharing-state" may not be suitable for machine processing applications such as code generation. Valid names start with an upper-case ASCII letter ('A'..'Z') followed by any combination of upper- or lower-case ASCII letters ('A'..'Z', and 'a'..'z'), numerals ('0'..'9') and '_', with a length limit of 255 characters. (00:00.013 / 00:13.593, 115Mb)
Sushi:   File: /tmp/ig-builds/dk.ehealth.sundhed.fhir.ig.core#10.0.1/input/fsh/ehealth-transformation-documentreference.fsh (00:00.001 / 00:13.595, 115Mb)
Sushi:   Line: 31 - 37                                                                               (00:00.000 / 00:13.595, 115Mb)
Sushi: warn  The name "ehealth-videoappointment" may not be suitable for machine processing applications such as code generation. Valid names start with an upper-case ASCII letter ('A'..'Z') followed by any combination of upper- or lower-case ASCII letters ('A'..'Z', and 'a'..'z'), numerals ('0'..'9') and '_', with a length limit of 255 characters. (00:00.048 / 00:13.644, 115Mb)
Sushi:   File: /tmp/ig-builds/dk.ehealth.sundhed.fhir.ig.core#10.0.1/input/fsh/ehealth-videoappointment.fsh (00:00.001 / 00:13.645, 115Mb)
Sushi:   Line: 1 - 45                                                                                (00:00.000 / 00:13.646, 115Mb)
Sushi: warn  The name "ehealth-view" may not be suitable for machine processing applications such as code generation. Valid names start with an upper-case ASCII letter ('A'..'Z') followed by any combination of upper- or lower-case ASCII letters ('A'..'Z', and 'a'..'z'), numerals ('0'..'9') and '_', with a length limit of 255 characters. (00:00.079 / 00:13.725, 115Mb)
Sushi:   File: /tmp/ig-builds/dk.ehealth.sundhed.fhir.ig.core#10.0.1/input/fsh/ehealth-view.fsh      (00:00.001 / 00:13.727, 115Mb)
Sushi:   Line: 1 - 17                                                                                (00:00.000 / 00:13.727, 115Mb)
Sushi: warn  The name "ehealth-view-type" may not be suitable for machine processing applications such as code generation. Valid names start with an upper-case ASCII letter ('A'..'Z') followed by any combination of upper- or lower-case ASCII letters ('A'..'Z', and 'a'..'z'), numerals ('0'..'9') and '_', with a length limit of 255 characters. (00:00.010 / 00:13.737, 115Mb)
Sushi:   File: /tmp/ig-builds/dk.ehealth.sundhed.fhir.ig.core#10.0.1/input/fsh/ehealth-view.fsh      (00:00.001 / 00:13.738, 115Mb)
Sushi:   Line: 20 - 26                                                                               (00:00.000 / 00:13.739, 115Mb)
Sushi: warn  The name "ehealth-view-for" may not be suitable for machine processing applications such as code generation. Valid names start with an upper-case ASCII letter ('A'..'Z') followed by any combination of upper- or lower-case ASCII letters ('A'..'Z', and 'a'..'z'), numerals ('0'..'9') and '_', with a length limit of 255 characters. (00:00.037 / 00:13.777, 115Mb)
Sushi:   File: /tmp/ig-builds/dk.ehealth.sundhed.fhir.ig.core#10.0.1/input/fsh/ehealth-view.fsh      (00:00.001 / 00:13.778, 115Mb)
Sushi:   Line: 29 - 40                                                                               (00:00.000 / 00:13.778, 115Mb)
Sushi: warn  The name "ehealth-clinicalimpression-mediaInvestigationItem" may not be suitable for machine processing applications such as code generation. Valid names start with an upper-case ASCII letter ('A'..'Z') followed by any combination of upper- or lower-case ASCII letters ('A'..'Z', and 'a'..'z'), numerals ('0'..'9') and '_', with a length limit of 255 characters. (00:00.031 / 00:13.809, 115Mb)
Sushi:   File: /tmp/ig-builds/dk.ehealth.sundhed.fhir.ig.core#10.0.1/input/fsh/ehealth-clinicalimpression.fsh (00:00.001 / 00:13.811, 115Mb)
Sushi:   Line: 77 - 83                                                                               (00:00.000 / 00:13.811, 115Mb)
Sushi: info  Converted 194 FHIR StructureDefinitions.                                                (00:00.015 / 00:13.827, 115Mb)
Sushi: info  Converted 5 FHIR CodeSystems.                                                           (00:00.028 / 00:13.856, 115Mb)
Sushi: info  Converted 6 FHIR ValueSets.                                                             (00:00.179 / 00:14.035, 115Mb)
Sushi: info  Converted 24 FHIR instances.                                                            (00:01.195 / 00:15.230, 115Mb)
Sushi: info  Exporting FHIR resources as JSON...                                                     (00:00.000 / 00:15.231, 115Mb)
Sushi: info  Exported 226 FHIR resources as JSON.                                                    (00:00.218 / 00:15.449, 115Mb)
Sushi: info  Assembling Implementation Guide sources...                                              (00:00.004 / 00:15.453, 115Mb)
Sushi: info  Generated ImplementationGuide-dk.ehealth.sundhed.fhir.ig.core.json                      (00:00.069 / 00:15.523, 115Mb)
Sushi: info  Assembled Implementation Guide sources; ready for IG Publisher.                         (00:00.000 / 00:15.523, 115Mb)
Sushi: ========================= SUSHI RESULTS ===========================                           (00:00.000 / 00:15.524, 115Mb)
Sushi: |  -------------------------------------------------------------  |                           (00:00.000 / 00:15.525, 115Mb)
Sushi: | |    Profiles   |  Extensions  |   Logicals   |   Resources   | |                           (00:00.000 / 00:15.525, 115Mb)
Sushi: | |-------------------------------------------------------------| |                           (00:00.000 / 00:15.526, 115Mb)
Sushi: | |      48       |     146      |      0       |       0       | |                           (00:00.000 / 00:15.526, 115Mb)
Sushi: |  -------------------------------------------------------------  |                           (00:00.000 / 00:15.527, 115Mb)
Sushi: |  -------------------------------------------------------------  |                           (00:00.000 / 00:15.527, 115Mb)
Sushi: | |      ValueSets     |    CodeSystems    |     Instances      | |                           (00:00.000 / 00:15.528, 115Mb)
Sushi: | |-------------------------------------------------------------| |                           (00:00.000 / 00:15.528, 115Mb)
Sushi: | |         6          |         5         |         24         | |                           (00:00.000 / 00:15.529, 115Mb)
Sushi: |  -------------------------------------------------------------  |                           (00:00.000 / 00:15.529, 115Mb)
Sushi: |                                                                 |                           (00:00.000 / 00:15.530, 115Mb)
Sushi: ===================================================================                           (00:00.000 / 00:15.530, 115Mb)
Sushi: | Something smells fishy...              0 Errors    196 Warnings |                           (00:00.000 / 00:15.531, 115Mb)
Sushi: ===================================================================                           (00:00.000 / 00:15.531, 115Mb)
Root directory: /tmp/ig-builds/dk.ehealth.sundhed.fhir.ig.core#10.0.1                                (00:00.028 / 00:15.560, 115Mb)
Unable to load IG as an r5 IG - try R4 (property code is a class com.google.gson.JsonPrimitive looking for an object) (00:00.350 / 00:15.910, 88Mb)
Load Template from #ig-template                                                                      (00:00.391 / 00:16.302, 106Mb)
 Load Template from fhir.base.template#current                                                       (00:00.002 / 00:16.305, 106Mb)
[33mThis content depends on fhir.base.template which is no longer considered secure to use
[0;39m[33mSee Security notification at https://www.fhir.org/guides/security-notices/2026-03-npm-dependencies.html
[0;39mScanning directory: /tmp/ig-builds/dk.ehealth.sundhed.fhir.ig.core#10.0.1/template
======================================================================
Terminology Cache is at /tmp/ig-builds/dk.ehealth.sundhed.fhir.ig.core#10.0.1/input-cache/txcache. Clearing now (00:07.394 / 00:23.699, 146Mb)
Core Package hl7.fhir.r4.core#4.0.1                                                                  (00:00.003 / 00:23.702, 146Mb)
Running Terminology Log: /tmp/ohfu-fhir-ig-13796880043301061183.html
Connect to Terminology Server at https://tx.fhir.org                                                 (00:03.033 / 00:26.735, 477Mb)
[39mLoad Package hl7.fhir.pubpack#0.2.5
[0;39m[39mLoad Package hl7.fhir.xver-extensions#0.1.0
[0;39m[39mLoad Package hl7.terminology.r4#7.3.0
[0;39m[39mLoad Package hl7.fhir.uv.extensions.r4#5.3.0
[0;39m[39mLoad Package hl7.fhir.uv.extensions.r4#5.2.0
[0;39m[39mLoad Package hl7.terminology.r4#7.1.0
[0;39m[39mLoad Package hl7.terminology.r4#6.5.0
[0;39m[39mLoad Package hl7.fhir.uv.extensions.r4#5.3.0-ballot-tc1
[0;39m[39mLoad Package hl7.terminology.r4#6.0.2
[0;39m[39mLoad Package hl7.fhir.uv.extensions.r4#5.1.0
[0;39m[39mLoad Package hl7.fhir.uv.pocd#0.3.0
[0;39m[39mLoad Package hl7.fhir.uv.phd#1.1.0
[0;39m[39mLoad Package hl7.terminology.r4#6.2.0
[0;39m[39mLoad Package hl7.fhir.uv.smart-app-launch#2.0.0
[0;39m[39mLoad Package hl7.fhir.uv.ipa#1.1.0
[0;39m[39mLoad Package ihe.iti.balp#1.1.4
[0;39m[39mLoad Package hl7.terminology.r4#6.3.0
[0;39m[39mLoad Package ihe.formatcode.fhir#1.4.0
[0;39m[39mLoad Package ihe.iti.mhd#4.2.3
[0;39m[39mLoad Package hl7.fhir.dk.core#3.6.0
[0;39m[39mLoad Package hl7.fhir.uv.sdc#2.7.0
[0;39m[39mLoad Package hl7.fhir.uv.tools.r4#1.1.2
[0;39mLoad R5 Specials
Initialization complete                                                                              (00:17.824 / 00:44.559, 957Mb)
Load IG                                                                                              (00:00.000 / 00:44.560, 957Mb)
Load Content                                                                                         (00:00.003 / 00:44.564, 958Mb)
Using da_DK as the default narrative language. (inferred from ImplementationGuide.jurisdiction=DK)   (00:00.117 / 00:44.681, 1001Mb)
[33mThe locale da-DK is not supported. Messages will default to en-US.
[0;39mProcess Loaded Resources                                                                             (00:00.887 / 00:45.568, 1Gb)
Generating Snapshots                                                                                 (00:11.575 / 00:57.144, 1Gb)

Signing Certificate: RSA key for Subject: OU=IG Publisher, L=Ann Arbor, CN=hl7.org, O=HL7, ST=Missouri, C=us from: OU=IG Publisher, L=Ann Arbor, CN=hl7.org, O=HL7, ST=Missouri, C=us
Fetch https://ehealth.sundhed.dk/fhir/package-list.json for version check                            (00:02.495 / 00:59.640, 1Gb)
Checking Language                                                                                    (00:00.179 / 00:59.819, 1Gb)
Load Dependency Info                                                                                 (00:00.015 / 00:59.834, 1Gb)
Load Info                                                                                            (00:00.002 / 00:59.837, 1Gb)
Load Paths                                                                                           (00:00.002 / 00:59.839, 1Gb)
Check R4 / R4B                                                                                       (00:00.001 / 00:59.840, 1Gb)
Assign Comparison Ids                                                                                (00:00.116 / 00:59.957, 1Gb)
Propagating status                                                                                   (00:00.001 / 00:59.958, 1Gb)
Generating Narratives                                                                                (00:00.000 / 00:59.959, 1Gb)
[33mThe resource type ValueSet cannot be treated as a CodeSystem
[0;39m[33mThe resource type ValueSet cannot be treated as a CodeSystem
[0;39m[33mThe resource type ValueSet cannot be treated as a CodeSystem
[0;39m[33mThe resource type ValueSet cannot be treated as a CodeSystem
[0;39m[33mThe resource type ValueSet cannot be treated as a CodeSystem
[0;39m[33mThe resource type ValueSet cannot be treated as a CodeSystem
[0;39m[33mThe resource type ValueSet cannot be treated as a CodeSystem
[0;39m[33mThe resource type ValueSet cannot be treated as a CodeSystem
[0;39m[33mThe resource type ValueSet cannot be treated as a CodeSystem
[0;39m[33mThe resource type ValueSet cannot be treated as a CodeSystem
[0;39m[33mThe resource type ValueSet cannot be treated as a CodeSystem
[0;39m[33mThe resource type ValueSet cannot be treated as a CodeSystem
[0;39m[33mThe resource type ValueSet cannot be treated as a CodeSystem
[0;39m[33mThe resource type ValueSet cannot be treated as a CodeSystem
[0;39m[33mThe resource type ValueSet cannot be treated as a CodeSystem
[0;39m[33mThe resource type ValueSet cannot be treated as a CodeSystem
[0;39m[33mThe resource type ValueSet cannot be treated as a CodeSystem
[0;39m[33mThe resource type ValueSet cannot be treated as a CodeSystem
[0;39m[33mThe resource type ValueSet cannot be treated as a CodeSystem
[0;39m[33mThe resource type ValueSet cannot be treated as a CodeSystem
[0;39m[33mThe resource type ValueSet cannot be treated as a CodeSystem
[0;39m[33mThe resource type ValueSet cannot be treated as a CodeSystem
[0;39m[33mThe resource type ValueSet cannot be treated as a CodeSystem
[0;39m[33mThe resource type ValueSet cannot be treated as a CodeSystem
[0;39m[33mThe resource type ValueSet cannot be treated as a CodeSystem
[0;39m[33mThe resource type ValueSet cannot be treated as a CodeSystem
[0;39m[33mThe resource type ValueSet cannot be treated as a CodeSystem
[0;39m[33mThe resource type ValueSet cannot be treated as a CodeSystem
[0;39m[33mThe resource type ValueSet cannot be treated as a CodeSystem
[0;39m[33mThe resource type ValueSet cannot be treated as a CodeSystem
[0;39m[33mThe resource type ValueSet cannot be treated as a CodeSystem
[0;39m[33mThe resource type ValueSet cannot be treated as a CodeSystem
[0;39m[33mThe resource type ValueSet cannot be treated as a CodeSystem
[0;39m[33mThe resource type ValueSet cannot be treated as a CodeSystem
[0;39m[33mThe resource type ValueSet cannot be treated as a CodeSystem
[0;39mValidating Conformance Resources                                                                     (00:15.014 / 01:14.973, 1Gb)
[33mThe resource type ValueSet cannot be treated as a CodeSystem
[0;39m[33mThe resource type ValueSet cannot be treated as a CodeSystem
[0;39mCheck profiles & code systems                                                                        (05:19.623 / 06:34.597, 2Gb)
Check realm rules                                                                                    (00:00.015 / 06:34.612, 2Gb)
Previous Version Comparison                                                                          (00:00.002 / 06:34.615, 2Gb)
Comparing previous version 10.0.0                                                                    (00:00.001 / 06:34.616, 2Gb)
.. loaded. Process                                                                                   (00:15.696 / 06:50.313, 2Gb)
finish previous version comparison                                                                   (00:00.002 / 06:50.315, 2Gb)
finish ipa version                                                                                   (00:03.467 / 06:53.782, 2Gb)
finish ips version                                                                                   (00:00.000 / 06:53.783, 2Gb)
comparisons done                                                                                     (00:00.001 / 06:53.785, 2Gb)
Checking for Bundles to sign                                                                         (00:00.087 / 06:53.872, 2Gb)
Validating Resources                                                                                 (00:00.001 / 06:53.874, 2Gb)
[33mGot error response with no Content-Type from https://terminologystandardsservice.ca/tx/fhir with status 401
[0;39m[33m
[0;39mProcessing Provenance Records                                                                        (00:40.061 / 07:33.935, 2Gb)
Generating Outputs in /tmp/ig-builds/dk.ehealth.sundhed.fhir.ig.core#10.0.1/output                   (00:00.002 / 07:33.937, 2Gb)
Generate Native Outputs                                                                              (00:00.310 / 07:34.247, 1Gb)
Run Template                                                                                         (00:37.777 / 08:12.025, 2Gb)
Generate HTML Outputs                                                                                (00:01.559 / 08:13.585, 3Gb)
[33mThe resource type ValueSet cannot be treated as a CodeSystem
[0;39m[33mThe resource type ValueSet cannot be treated as a CodeSystem
[0;39m[33mThe resource type ValueSet cannot be treated as a CodeSystem
[0;39m[33mThe resource type ValueSet cannot be treated as a CodeSystem
[0;39m[33mThe resource type ValueSet cannot be treated as a CodeSystem
[0;39m[33mThe resource type ValueSet cannot be treated as a CodeSystem
[0;39m[33mThe resource type ValueSet cannot be treated as a CodeSystem
[0;39m[33mThe resource type ValueSet cannot be treated as a CodeSystem
[0;39m[33mThe resource type ValueSet cannot be treated as a CodeSystem
[0;39m[33mThe resource type ValueSet cannot be treated as a CodeSystem
[0;39m[33mThe resource type ValueSet cannot be treated as a CodeSystem
[0;39m[33mThe resource type ValueSet cannot be treated as a CodeSystem
[0;39m[33mThe resource type ValueSet cannot be treated as a CodeSystem
[0;39m[33mThe resource type ValueSet cannot be treated as a CodeSystem
[0;39m[33mThe resource type ValueSet cannot be treated as a CodeSystem
[0;39m[33mThe resource type ValueSet cannot be treated as a CodeSystem
[0;39m[33mThe resource type ValueSet cannot be treated as a CodeSystem
[0;39m[33mThe resource type ValueSet cannot be treated as a CodeSystem
[0;39m[33mThe resource type ValueSet cannot be treated as a CodeSystem
[0;39m[33mThe resource type ValueSet cannot be treated as a CodeSystem
[0;39m[33mThe resource type ValueSet cannot be treated as a CodeSystem
[0;39m[33mThe resource type ValueSet cannot be treated as a CodeSystem
[0;39m[33mThe resource type ValueSet cannot be treated as a CodeSystem
[0;39m[33mThe resource type ValueSet cannot be treated as a CodeSystem
[0;39m[33mThe resource type ValueSet cannot be treated as a CodeSystem
[0;39m[33mThe resource type ValueSet cannot be treated as a CodeSystem
[0;39m[33mThe resource type ValueSet cannot be treated as a CodeSystem
[0;39m[33mThe resource type ValueSet cannot be treated as a CodeSystem
[0;39m[33mThe resource type ValueSet cannot be treated as a CodeSystem
[0;39m[33mThe resource type ValueSet cannot be treated as a CodeSystem
[0;39m[33mThe resource type ValueSet cannot be treated as a CodeSystem
[0;39m[33mThe resource type ValueSet cannot be treated as a CodeSystem
[0;39m[33mThe resource type ValueSet cannot be treated as a CodeSystem
[0;39m[33mThe resource type ValueSet cannot be treated as a CodeSystem
[0;39m[33mThe resource type ValueSet cannot be treated as a CodeSystem
[0;39m[33mThe resource type ValueSet cannot be treated as a CodeSystem
[0;39m[33mThe resource type ValueSet cannot be treated as a CodeSystem
[0;39m[33mThe resource type ValueSet cannot be treated as a CodeSystem
[0;39m[33mThe resource type ValueSet cannot be treated as a CodeSystem
[0;39m[33mThe resource type ValueSet cannot be treated as a CodeSystem
[0;39m[33mThe resource type ValueSet cannot be treated as a CodeSystem
[0;39m[33mThe resource type ValueSet cannot be treated as a CodeSystem
[0;39m[33mThe resource type ValueSet cannot be treated as a CodeSystem
[0;39m[33mThe resource type ValueSet cannot be treated as a CodeSystem
[0;39m[33mThe resource type ValueSet cannot be treated as a CodeSystem
[0;39m[33mThe resource type ValueSet cannot be treated as a CodeSystem
[0;39m[33mThe resource type ValueSet cannot be treated as a CodeSystem
[0;39m[33mThe resource type ValueSet cannot be treated as a CodeSystem
[0;39m[33mThe resource type ValueSet cannot be treated as a CodeSystem
[0;39m[33mThe resource type ValueSet cannot be treated as a CodeSystem
[0;39m[33mThe resource type ValueSet cannot be treated as a CodeSystem
[0;39m[33mThe resource type ValueSet cannot be treated as a CodeSystem
[0;39m[33mThe resource type ValueSet cannot be treated as a CodeSystem
[0;39m[33mThe resource type ValueSet cannot be treated as a CodeSystem
[0;39m[33mThe resource type ValueSet cannot be treated as a CodeSystem
[0;39m[33mThe resource type ValueSet cannot be treated as a CodeSystem
[0;39m[33mThe resource type ValueSet cannot be treated as a CodeSystem
[0;39m[33mThe resource type ValueSet cannot be treated as a CodeSystem
[0;39m[33mThe resource type ValueSet cannot be treated as a CodeSystem
[0;39m[33mThe resource type ValueSet cannot be treated as a CodeSystem
[0;39m[33mThe resource type ValueSet cannot be treated as a CodeSystem
[0;39m[33mThe resource type ValueSet cannot be treated as a CodeSystem
[0;39m[33mThe resource type ValueSet cannot be treated as a CodeSystem
[0;39m[33mThe resource type ValueSet cannot be treated as a CodeSystem
[0;39m[33mThe resource type ValueSet cannot be treated as a CodeSystem
[0;39m[33mThe resource type ValueSet cannot be treated as a CodeSystem
[0;39m[33mThe resource type ValueSet cannot be treated as a CodeSystem
[0;39m[33mThe resource type ValueSet cannot be treated as a CodeSystem
[0;39m[33mThe resource type ValueSet cannot be treated as a CodeSystem
[0;39m[33mThe resource type ValueSet cannot be treated as a CodeSystem
[0;39m[33mThe resource type ValueSet cannot be treated as a CodeSystem
[0;39m[33mThe resource type ValueSet cannot be treated as a CodeSystem
[0;39m[33mThe resource type ValueSet cannot be treated as a CodeSystem
[0;39m[33mThe resource type ValueSet cannot be treated as a CodeSystem
[0;39m[33mThe resource type ValueSet cannot be treated as a CodeSystem
[0;39m[33mThe resource type ValueSet cannot be treated as a CodeSystem
[0;39mGenerate Spreadsheets                                                                                (00:36.740 / 08:50.326, 2Gb)
Generate Summaries                                                                                   (00:06.639 / 08:56.965, 3Gb)
Generating Summary Outputs                                                                           (00:00.001 / 08:56.966, 3Gb)
[33mThe resource type ValueSet cannot be treated as a CodeSystem
[0;39m[33mThe resource type ValueSet cannot be treated as a CodeSystem
[0;39mTable of contents has a section with more than 222 entries.  Collapsing will not work reliably
DB Cumulative Time invested: 00:00:03.623
Sending Usage Stats to Server                                                                        (00:12.014 / 09:08.981, 3Gb)
## Memory (MB): Use = 3302, Free = 689, Total = 3992, Max = 3998                                     (00:00.001 / 09:08.983, 3Gb)
Reclaiming memory...                                                                                 (00:00.000 / 09:08.983, 3Gb)
Generating combined package                                                                          (00:00.090 / 09:09.073, 3Gb)
Error generating combined package: /tmp/ig-builds/dk.ehealth.sundhed.fhir.ig.core#10.0.1/output/package.tgz (No such file or directory) (00:00.003 / 09:09.076, 3Gb)
## Memory (MB): Use = 1974, Free = 2017, Total = 3992, Max = 3998                                    (00:00.892 / 09:09.969, 1Gb)
Run jekyll: jekyll build --destination "/tmp/ig-builds/dk.ehealth.sundhed.fhir.ig.core#10.0.1/output" (in folder /tmp/ig-builds/dk.ehealth.sundhed.fhir.ig.core#10.0.1/temp/pages) (00:00.001 / 09:09.971, 1Gb)
Troubleshooting Note: usual cases for Jekyll to fail are:                                            (00:00.000 / 09:09.971, 1Gb)
* A failure to produce a fragment that is already logged in the output above                         (00:00.000 / 09:09.972, 1Gb)
* A reference to a manually edited file that hasn't been provided                                    (00:00.000 / 09:09.973, 1Gb)
Jekyll: Source: /tmp/ig-builds/dk.ehealth.sundhed.fhir.ig.core#10.0.1/temp/pages                     (00:00.302 / 09:10.276, 1Gb)
Jekyll: Generating...                                                                                (00:00.000 / 09:10.277, 1Gb)
Jekyll: done in 15.958 seconds.                                                                      (00:15.957 / 09:26.234, 1Gb)
[39m
[0;39m[39mInstalling dk.ehealth.sundhed.fhir.ig.core#10.0.1
[0;39m[39m done.
[0;39m[39m loaded @ /root/.fhir/packages/dk.ehealth.sundhed.fhir.ig.core#10.0.1
[0;39mChecking Output HTML                                                                                 (00:08.920 / 09:35.154, 3Gb)
Processed /tmp/ig-builds/dk.ehealth.sundhed.fhir.ig.core#10.0.1/output - % reduction = 98 (374743740 ==> 8649539)
found 9392 files                                                                                     (00:05.235 / 09:40.389, 2Gb)
........................................
[33mThe locale da is not supported. Messages will default to en-US.
[0;39m........................................
  ... 9392 html files, 0 pages invalid xhtml (0%)                                                    (01:11.417 / 10:51.807, 2Gb)
  ... 1446697 links, 1216 broken links (0%)                                                          (00:00.001 / 10:51.808, 2Gb)
Generate fragment-usage-analysis.csv                                                                 (00:00.001 / 10:51.809, 2Gb)
Build final .zip                                                                                     (00:00.009 / 10:51.818, 2Gb)
Final .zip built                                                                                     (00:11.688 / 11:03.507, 2Gb)
Built. Times: loading: 00:15.256, generate: 10:16.331, narrative generation: 00:15.012, realm-rules: 00:00.002, previous-version: 00:19.169, jekyll: 00:16.361, validation: 05:53.704 (#689), template: 00:01.506 (#3) (00:12.644 / 11:16.151, 3Gb)
Generating QA                                                                                        (00:00.001 / 11:16.153, 3Gb)
Internal error in location for message: 'Error @1, 2: Found / expecting a token name', loc = '/tmp/ig-builds/dk.ehealth.sundhed.fhir.ig.core#10.0.1/output/OperationDefinition--s-submit-measureme', err = 'Illegal HTML: illegal html element: the (" or "urn:uuid:.".)'
Internal error in location for message: 'Error @1, 2: Found / expecting a token name', loc = '/tmp/ig-builds/dk.ehealth.sundhed.fhir.ig.core#10.0.1/output/StructureDefinition-ehealth-access-cons', err = 'The html source has duplicate anchor Ids: root'
Internal error in location for message: 'Error @1, 2: Found / expecting a token name', loc = '/tmp/ig-builds/dk.ehealth.sundhed.fhir.ig.core#10.0.1/output/StructureDefinition-ehealth-access-prov', err = 'The html source has duplicate anchor Ids: root'
Internal error in location for message: 'Error @1, 2: Found / expecting a token name', loc = '/tmp/ig-builds/dk.ehealth.sundhed.fhir.ig.core#10.0.1/output/StructureDefinition-ehealth-actionguida', err = 'The html source has duplicate anchor Ids: root'
Internal error in location for message: 'Error @1, 2: Found / expecting a token name', loc = '/tmp/ig-builds/dk.ehealth.sundhed.fhir.ig.core#10.0.1/output/StructureDefinition-ehealth-activitydef', err = 'The html source has duplicate anchor Ids: root'
Internal error in location for message: 'Error @1, 2: Found / expecting a token name', loc = '/tmp/ig-builds/dk.ehealth.sundhed.fhir.ig.core#10.0.1/output/StructureDefinition-ehealth-appointment', err = 'The html source has duplicate anchor Ids: root'
Internal error in location for message: 'Error @1, 2: Found / expecting a token name', loc = '/tmp/ig-builds/dk.ehealth.sundhed.fhir.ig.core#10.0.1/output/StructureDefinition-ehealth-auditevent-', err = 'The html source has duplicate anchor Ids: root'
Internal error in location for message: 'Error @1, 2: Found / expecting a token name', loc = '/tmp/ig-builds/dk.ehealth.sundhed.fhir.ig.core#10.0.1/output/StructureDefinition-ehealth-carecommuni', err = 'The html source has duplicate anchor Ids: root'
Internal error in location for message: 'Error @1, 2: Found / expecting a token name', loc = '/tmp/ig-builds/dk.ehealth.sundhed.fhir.ig.core#10.0.1/output/StructureDefinition-ehealth-carecommuni', err = 'Illegal HTML: illegal html element: uuid ().)'
Internal error in location for message: 'Error @1, 2: Found / expecting a token name', loc = '/tmp/ig-builds/dk.ehealth.sundhed.fhir.ig.core#10.0.1/output/StructureDefinition-ehealth-careplan-ex', err = 'The html source has duplicate anchor Ids: root'
Internal error in location for message: 'Error @1, 2: Found / expecting a token name', loc = '/tmp/ig-builds/dk.ehealth.sundhed.fhir.ig.core#10.0.1/output/StructureDefinition-ehealth-careteam-ex', err = 'The html source has duplicate anchor Ids: root'
Internal error in location for message: 'Error @1, 2: Found / expecting a token name', loc = '/tmp/ig-builds/dk.ehealth.sundhed.fhir.ig.core#10.0.1/output/StructureDefinition-ehealth-clinicalimp', err = 'The html source has duplicate anchor Ids: root'
Internal error in location for message: 'Error @1, 2: Found / expecting a token name', loc = '/tmp/ig-builds/dk.ehealth.sundhed.fhir.ig.core#10.0.1/output/StructureDefinition-ehealth-communicati', err = 'The html source has duplicate anchor Ids: root'
Internal error in location for message: 'Error @1, 2: Found / expecting a token name', loc = '/tmp/ig-builds/dk.ehealth.sundhed.fhir.ig.core#10.0.1/output/StructureDefinition-ehealth-communicati', err = 'The html source has duplicate anchor Ids: root'
Internal error in location for message: 'Error @1, 2: Found / expecting a token name', loc = '/tmp/ig-builds/dk.ehealth.sundhed.fhir.ig.core#10.0.1/output/StructureDefinition-ehealth-composition', err = 'The html source has duplicate anchor Ids: root'
Internal error in location for message: 'Error @1, 2: Found / expecting a token name', loc = '/tmp/ig-builds/dk.ehealth.sundhed.fhir.ig.core#10.0.1/output/StructureDefinition-ehealth-condition-e', err = 'The html source has duplicate anchor Ids: root'
Internal error in location for message: 'Error @1, 2: Found / expecting a token name', loc = '/tmp/ig-builds/dk.ehealth.sundhed.fhir.ig.core#10.0.1/output/StructureDefinition-ehealth-consent-exa', err = 'The html source has duplicate anchor Ids: root'
Internal error in location for message: 'Error @1, 2: Found / expecting a token name', loc = '/tmp/ig-builds/dk.ehealth.sundhed.fhir.ig.core#10.0.1/output/StructureDefinition-ehealth-definedques', err = 'The html source has duplicate anchor Ids: root'
Internal error in location for message: 'Error @1, 2: Found / expecting a token name', loc = '/tmp/ig-builds/dk.ehealth.sundhed.fhir.ig.core#10.0.1/output/StructureDefinition-ehealth-device-exam', err = 'The html source has duplicate anchor Ids: root'
Internal error in location for message: 'Error @1, 2: Found / expecting a token name', loc = '/tmp/ig-builds/dk.ehealth.sundhed.fhir.ig.core#10.0.1/output/StructureDefinition-ehealth-devicemetri', err = 'The html source has duplicate anchor Ids: root'
Internal error in location for message: 'Error @1, 2: Found / expecting a token name', loc = '/tmp/ig-builds/dk.ehealth.sundhed.fhir.ig.core#10.0.1/output/StructureDefinition-ehealth-deviceusest', err = 'The html source has duplicate anchor Ids: root'
Internal error in location for message: 'Error @1, 2: Found / expecting a token name', loc = '/tmp/ig-builds/dk.ehealth.sundhed.fhir.ig.core#10.0.1/output/StructureDefinition-ehealth-documentref', err = 'The html source has duplicate anchor Ids: root'
Internal error in location for message: 'Error @1, 2: Found / expecting a token name', loc = '/tmp/ig-builds/dk.ehealth.sundhed.fhir.ig.core#10.0.1/output/StructureDefinition-ehealth-endpoint-ex', err = 'The html source has duplicate anchor Ids: root'
Internal error in location for message: 'Error @1, 2: Found / expecting a token name', loc = '/tmp/ig-builds/dk.ehealth.sundhed.fhir.ig.core#10.0.1/output/StructureDefinition-ehealth-episodeofca', err = 'The html source has duplicate anchor Ids: root'
Internal error in location for message: 'Error @1, 2: Found / expecting a token name', loc = '/tmp/ig-builds/dk.ehealth.sundhed.fhir.ig.core#10.0.1/output/StructureDefinition-ehealth-goal-exampl', err = 'The html source has duplicate anchor Ids: root'
Internal error in location for message: 'Error @1, 2: Found / expecting a token name', loc = '/tmp/ig-builds/dk.ehealth.sundhed.fhir.ig.core#10.0.1/output/StructureDefinition-ehealth-group-appoi', err = 'The html source has duplicate anchor Ids: root'
Internal error in location for message: 'Error @1, 2: Found / expecting a token name', loc = '/tmp/ig-builds/dk.ehealth.sundhed.fhir.ig.core#10.0.1/output/StructureDefinition-ehealth-group-video', err = 'The html source has duplicate anchor Ids: root'
Internal error in location for message: 'Error @1, 2: Found / expecting a token name', loc = '/tmp/ig-builds/dk.ehealth.sundhed.fhir.ig.core#10.0.1/output/StructureDefinition-ehealth-guidanceres', err = 'The html source has duplicate anchor Ids: root'
Internal error in location for message: 'Error @1, 2: Found / expecting a token name', loc = '/tmp/ig-builds/dk.ehealth.sundhed.fhir.ig.core#10.0.1/output/StructureDefinition-ehealth-library-exa', err = 'The html source has duplicate anchor Ids: root'
Internal error in location for message: 'Error @1, 2: Found / expecting a token name', loc = '/tmp/ig-builds/dk.ehealth.sundhed.fhir.ig.core#10.0.1/output/StructureDefinition-ehealth-material-co', err = 'The html source has duplicate anchor Ids: root'
Internal error in location for message: 'Error @1, 2: Found / expecting a token name', loc = '/tmp/ig-builds/dk.ehealth.sundhed.fhir.ig.core#10.0.1/output/StructureDefinition-ehealth-media-examp', err = 'The html source has duplicate anchor Ids: root'
Internal error in location for message: 'Error @1, 2: Found / expecting a token name', loc = '/tmp/ig-builds/dk.ehealth.sundhed.fhir.ig.core#10.0.1/output/StructureDefinition-ehealth-message-exa', err = 'The html source has duplicate anchor Ids: root'
Internal error in location for message: 'Error @1, 2: Found / expecting a token name', loc = '/tmp/ig-builds/dk.ehealth.sundhed.fhir.ig.core#10.0.1/output/StructureDefinition-ehealth-observation', err = 'The html source has duplicate anchor Ids: root'
Internal error in location for message: 'Error @1, 2: Found / expecting a token name', loc = '/tmp/ig-builds/dk.ehealth.sundhed.fhir.ig.core#10.0.1/output/StructureDefinition-ehealth-observation', err = 'The html source has duplicate anchor Ids: root'
Internal error in location for message: 'Error @1, 2: Found / expecting a token name', loc = '/tmp/ig-builds/dk.ehealth.sundhed.fhir.ig.core#10.0.1/output/StructureDefinition-ehealth-organizatio', err = 'The html source has duplicate anchor Ids: root'
Internal error in location for message: 'Error @1, 2: Found / expecting a token name', loc = '/tmp/ig-builds/dk.ehealth.sundhed.fhir.ig.core#10.0.1/output/StructureDefinition-ehealth-patient-exa', err = 'The html source has duplicate anchor Ids: root'
Internal error in location for message: 'Error @1, 2: Found / expecting a token name', loc = '/tmp/ig-builds/dk.ehealth.sundhed.fhir.ig.core#10.0.1/output/StructureDefinition-ehealth-plandefinit', err = 'The html source has duplicate anchor Ids: root'
Internal error in location for message: 'Error @1, 2: Found / expecting a token name', loc = '/tmp/ig-builds/dk.ehealth.sundhed.fhir.ig.core#10.0.1/output/StructureDefinition-ehealth-practitione', err = 'The html source has duplicate anchor Ids: root'
Internal error in location for message: 'Error @1, 2: Found / expecting a token name', loc = '/tmp/ig-builds/dk.ehealth.sundhed.fhir.ig.core#10.0.1/output/StructureDefinition-ehealth-practitione', err = 'The html source has duplicate anchor Ids: root'
Internal error in location for message: 'Error @1, 2: Found / expecting a token name', loc = '/tmp/ig-builds/dk.ehealth.sundhed.fhir.ig.core#10.0.1/output/StructureDefinition-ehealth-provenance-', err = 'The html source has duplicate anchor Ids: root'
Internal error in location for message: 'Error @1, 2: Found / expecting a token name', loc = '/tmp/ig-builds/dk.ehealth.sundhed.fhir.ig.core#10.0.1/output/StructureDefinition-ehealth-questionnai', err = 'The html source has duplicate anchor Ids: root'
Internal error in location for message: 'Error @1, 2: Found / expecting a token name', loc = '/tmp/ig-builds/dk.ehealth.sundhed.fhir.ig.core#10.0.1/output/StructureDefinition-ehealth-questionnai', err = 'The html source has duplicate anchor Ids: root'
Internal error in location for message: 'Error @1, 2: Found / expecting a token name', loc = '/tmp/ig-builds/dk.ehealth.sundhed.fhir.ig.core#10.0.1/output/StructureDefinition-ehealth-questionnai', err = 'The html source has duplicate anchor Ids: root'
Internal error in location for message: 'Error @1, 2: Found / expecting a token name', loc = '/tmp/ig-builds/dk.ehealth.sundhed.fhir.ig.core#10.0.1/output/StructureDefinition-ehealth-relatedpers', err = 'The html source has duplicate anchor Ids: root'
Internal error in location for message: 'Error @1, 2: Found / expecting a token name', loc = '/tmp/ig-builds/dk.ehealth.sundhed.fhir.ig.core#10.0.1/output/StructureDefinition-ehealth-servicerequ', err = 'The html source has duplicate anchor Ids: root'
Internal error in location for message: 'Error @1, 2: Found / expecting a token name', loc = '/tmp/ig-builds/dk.ehealth.sundhed.fhir.ig.core#10.0.1/output/StructureDefinition-ehealth-skrs-patien', err = 'The html source has duplicate anchor Ids: root'
Internal error in location for message: 'Error @1, 2: Found / expecting a token name', loc = '/tmp/ig-builds/dk.ehealth.sundhed.fhir.ig.core#10.0.1/output/StructureDefinition-ehealth-task-exampl', err = 'The html source has duplicate anchor Ids: root'
Internal error in location for message: 'Error @1, 2: Found / expecting a token name', loc = '/tmp/ig-builds/dk.ehealth.sundhed.fhir.ig.core#10.0.1/output/StructureDefinition-ehealth-transformat', err = 'The html source has duplicate anchor Ids: root'
Internal error in location for message: 'Error @1, 2: Found / expecting a token name', loc = '/tmp/ig-builds/dk.ehealth.sundhed.fhir.ig.core#10.0.1/output/StructureDefinition-ehealth-videoappoin', err = 'The html source has duplicate anchor Ids: root'
Internal error in location for message: 'Error @1, 2: Found / expecting a token name', loc = '/tmp/ig-builds/dk.ehealth.sundhed.fhir.ig.core#10.0.1/output/StructureDefinition-ehealth-view-exampl', err = 'The html source has duplicate anchor Ids: root'
Internal error in location for message: 'Error @1, 2: Found / expecting a token name', loc = '/tmp/ig-builds/dk.ehealth.sundhed.fhir.ig.core#10.0.1/output/error-messages.html', err = 'Illegal HTML: illegal html element: DocumentEntry.uniqueId (__)'
Internal error in location for message: 'Error @1, 2: Found / expecting a token name', loc = '/tmp/ig-builds/dk.ehealth.sundhed.fhir.ig.core#10.0.1/output/systematic-error-messages.html', err = 'Illegal HTML: illegal html element: DocumentEntry.uniqueId (__)'
Validation output in /tmp/ig-builds/dk.ehealth.sundhed.fhir.ig.core#10.0.1/output/qa.html
Errors: 2381, Warnings: 1928, Info: 1176, Broken Links: 1216 (00:01.622 / 11:17.775, 2Gb)
Finished @ 11.08.2026 06.44. Max Memory Used = 3Gb. Log file saved in /tmp/fhir-ig-publisher-tmp.log (00:00.052 / 11:17.828, 2Gb)
Prepare Build space in /tmp/ig-builds/dk.ehealth.sundhed.fhir.ig.core#10.0.1-milestone
Build IG at /__w/implementation-guide/implementation-guide/ig: final copy suitable for publication (in /tmp/ig-builds/dk.ehealth.sundhed.fhir.ig.core#10.0.1-milestone) (milestone build)
FHIR IG Publisher Version 2.3.0 (Git# d845ec9ba68a). Built 2026-07-31T16:10:46.817Z (10 days old)   
Detected Java version: 25.0.3 from /opt/java/openjdk on Linux/amd64 (64bit). 3998MB available       
dir = /__w/implementation-guide/implementation-guide, path = /opt/java/openjdk/bin:/usr/local/sbin:/usr/local/bin:/usr/sbin:/usr/bin:/sbin:/bin
Parameters: -publish http://ehealth.sundhed.dk/fhir/10.0.1 -no-exit -ig /tmp/ig-builds/dk.ehealth.sundhed.fhir.ig.core#10.0.1-milestone -milestone
Character encoding = UTF-8 / UTF-8                                                                  
Start Clock @ Tuesday, August 11, 2026, 6:44:23 AM Coordinated Universal Time (2026-08-11T06:44:23Z)
                                                                                                    
Build FHIR IG from /tmp/ig-builds/dk.ehealth.sundhed.fhir.ig.core#10.0.1-milestone                   (00:00.002 / 00:00.002, 2Gb)
Build Formal Publication package, intended for http://ehealth.sundhed.dk/fhir/10.0.1                 (00:00.000 / 00:00.003, 2Gb)
No FHIR settings file at /root/.fhir/fhir-settings.json; using defaults (no API keys or npm path)    (00:00.000 / 00:00.004, 2Gb)
Package Cache: /root/.fhir/packages                                                                  (00:00.000 / 00:00.004, 2Gb)
Run Sushi on /tmp/ig-builds/dk.ehealth.sundhed.fhir.ig.core#10.0.1-milestone                         (00:00.001 / 00:00.005, 2Gb)
Sushi: info  Running SUSHI v3.20.0 (implements FHIR Shorthand specification v3.0.0)                  (00:03.589 / 00:03.595, 2Gb)
Sushi: info  Arguments:                                                                              (00:00.000 / 00:03.596, 2Gb)
Sushi: info    --require-latest                                                                      (00:00.000 / 00:03.596, 2Gb)
Sushi: info    --out /tmp/ig-builds/dk.ehealth.sundhed.fhir.ig.core#10.0.1-milestone                 (00:00.000 / 00:03.597, 2Gb)
Sushi: info    /tmp/ig-builds/dk.ehealth.sundhed.fhir.ig.core#10.0.1-milestone                       (00:00.000 / 00:03.598, 2Gb)
Sushi: info  Using configuration file: /tmp/ig-builds/dk.ehealth.sundhed.fhir.ig.core#10.0.1-milestone/sushi-config.yaml (00:00.407 / 00:04.005, 2Gb)
Sushi: info  Importing FSH text...                                                                   (00:00.071 / 00:04.076, 2Gb)
Sushi: info  Preprocessed 114 documents with 0 aliases.                                              (00:00.211 / 00:04.287, 2Gb)
Sushi: info  Imported 205 definitions and 24 instances.                                              (00:00.031 / 00:04.319, 2Gb)
Sushi: info  Loaded virtual package sushi-r5forR4#1.0.0 with 7 resources                             (00:00.075 / 00:04.394, 2Gb)
Sushi: info  Resolved hl7.fhir.uv.tools.r4#latest to concrete version 1.1.2                          (00:00.633 / 00:05.028, 2Gb)
Sushi: info  Loaded hl7.fhir.uv.tools.r4#1.1.2 with 119 resources                                    (00:00.038 / 00:05.067, 2Gb)
Sushi: info  Resolved hl7.terminology.r4#latest to concrete version 7.3.0                            (00:00.169 / 00:05.236, 2Gb)
Sushi: info  Loaded hl7.terminology.r4#7.3.0 with 4176 resources                                     (00:00.743 / 00:05.980, 2Gb)
Sushi: info  Loaded hl7.fhir.dk.core#3.6.0 with 73 resources                                         (00:00.020 / 00:06.000, 2Gb)
Sushi: info  Loaded hl7.fhir.uv.sdc#2.7.0 with 66 resources                                          (00:00.020 / 00:06.020, 2Gb)
Sushi: info  Loaded hl7.fhir.r4.core#4.0.1 with 4581 resources                                       (00:00.653 / 00:06.673, 2Gb)
Sushi: info  Resolved hl7.fhir.uv.extensions.r4#latest to concrete version 5.3.0                     (00:00.176 / 00:06.850, 2Gb)
Sushi: info  Loaded hl7.fhir.uv.extensions.r4#5.3.0 with 885 resources                               (00:00.143 / 00:06.994, 2Gb)
Sushi: info  Loaded virtual package sushi-local#LOCAL with 462 resources                             (00:00.080 / 00:07.075, 2Gb)
Sushi: info  Converting FSH to FHIR resources...                                                     (00:00.013 / 00:07.089, 2Gb)
Sushi: warn  The name "ehealth-access-consent" may not be suitable for machine processing applications such as code generation. Valid names start with an upper-case ASCII letter ('A'..'Z') followed by any combination of upper- or lower-case ASCII letters ('A'..'Z', and 'a'..'z'), numerals ('0'..'9') and '_', with a length limit of 255 characters. (00:00.020 / 00:07.109, 2Gb)
Sushi:   File: /tmp/ig-builds/dk.ehealth.sundhed.fhir.ig.core#10.0.1-milestone/input/fsh/ehealth-access-consent.fsh (00:00.001 / 00:07.110, 2Gb)
Sushi:   Line: 1 - 9                                                                                 (00:00.000 / 00:07.111, 2Gb)
Sushi: warn  The name "ehealth-access-provenance" may not be suitable for machine processing applications such as code generation. Valid names start with an upper-case ASCII letter ('A'..'Z') followed by any combination of upper- or lower-case ASCII letters ('A'..'Z', and 'a'..'z'), numerals ('0'..'9') and '_', with a length limit of 255 characters. (00:00.041 / 00:07.153, 2Gb)
Sushi:   File: /tmp/ig-builds/dk.ehealth.sundhed.fhir.ig.core#10.0.1-milestone/input/fsh/ehealth-access-provenance.fsh (00:00.001 / 00:07.154, 2Gb)
Sushi:   Line: 1 - 10                                                                                (00:00.002 / 00:07.157, 2Gb)
Sushi: warn  The name "ehealth-actionguidance" may not be suitable for machine processing applications such as code generation. Valid names start with an upper-case ASCII letter ('A'..'Z') followed by any combination of upper- or lower-case ASCII letters ('A'..'Z', and 'a'..'z'), numerals ('0'..'9') and '_', with a length limit of 255 characters. (00:00.052 / 00:07.210, 2Gb)
Sushi:   File: /tmp/ig-builds/dk.ehealth.sundhed.fhir.ig.core#10.0.1-milestone/input/fsh/ehealth-actionguidance.fsh (00:00.001 / 00:07.211, 2Gb)
Sushi:   Line: 1 - 17                                                                                (00:00.000 / 00:07.211, 2Gb)
Sushi: warn  The name "ehealth-recommendation" may not be suitable for machine processing applications such as code generation. Valid names start with an upper-case ASCII letter ('A'..'Z') followed by any combination of upper- or lower-case ASCII letters ('A'..'Z', and 'a'..'z'), numerals ('0'..'9') and '_', with a length limit of 255 characters. (00:00.006 / 00:07.218, 2Gb)
Sushi:   File: /tmp/ig-builds/dk.ehealth.sundhed.fhir.ig.core#10.0.1-milestone/input/fsh/ehealth-ext-recommendation.fsh (00:00.001 / 00:07.220, 2Gb)
Sushi:   Line: 1 - 7                                                                                 (00:00.000 / 00:07.221, 2Gb)
Sushi: warn  The name "ehealth-intendedAudience" may not be suitable for machine processing applications such as code generation. Valid names start with an upper-case ASCII letter ('A'..'Z') followed by any combination of upper- or lower-case ASCII letters ('A'..'Z', and 'a'..'z'), numerals ('0'..'9') and '_', with a length limit of 255 characters. (00:00.057 / 00:07.279, 2Gb)
Sushi:   File: /tmp/ig-builds/dk.ehealth.sundhed.fhir.ig.core#10.0.1-milestone/input/fsh/ehealth-ext-intendedAudience.fsh (00:00.001 / 00:07.280, 2Gb)
Sushi:   Line: 1 - 7                                                                                 (00:00.000 / 00:07.281, 2Gb)
Sushi: warn  The name "ehealth-modifier-role" may not be suitable for machine processing applications such as code generation. Valid names start with an upper-case ASCII letter ('A'..'Z') followed by any combination of upper- or lower-case ASCII letters ('A'..'Z', and 'a'..'z'), numerals ('0'..'9') and '_', with a length limit of 255 characters. (00:00.027 / 00:07.308, 2Gb)
Sushi:   File: /tmp/ig-builds/dk.ehealth.sundhed.fhir.ig.core#10.0.1-milestone/input/fsh/ehealth-ext-modifier-role.fsh (00:00.001 / 00:07.309, 2Gb)
Sushi:   Line: 1 - 13                                                                                (00:00.000 / 00:07.310, 2Gb)
Sushi: warn  The name "ehealth-basic-title" may not be suitable for machine processing applications such as code generation. Valid names start with an upper-case ASCII letter ('A'..'Z') followed by any combination of upper- or lower-case ASCII letters ('A'..'Z', and 'a'..'z'), numerals ('0'..'9') and '_', with a length limit of 255 characters. (00:00.056 / 00:07.367, 2Gb)
Sushi:   File: /tmp/ig-builds/dk.ehealth.sundhed.fhir.ig.core#10.0.1-milestone/input/fsh/ehealth-ext-actionguidance-view-title.fsh (00:00.001 / 00:07.368, 2Gb)
Sushi:   Line: 1 - 6                                                                                 (00:00.000 / 00:07.368, 2Gb)
Sushi: warn  The name "ehealth-version" may not be suitable for machine processing applications such as code generation. Valid names start with an upper-case ASCII letter ('A'..'Z') followed by any combination of upper- or lower-case ASCII letters ('A'..'Z', and 'a'..'z'), numerals ('0'..'9') and '_', with a length limit of 255 characters. (00:00.028 / 00:07.397, 2Gb)
Sushi:   File: /tmp/ig-builds/dk.ehealth.sundhed.fhir.ig.core#10.0.1-milestone/input/fsh/ehealth-ext-version.fsh (00:00.001 / 00:07.399, 2Gb)
Sushi:   Line: 1 - 6                                                                                 (00:00.000 / 00:07.399, 2Gb)
Sushi: warn  The name "ehealth-description" may not be suitable for machine processing applications such as code generation. Valid names start with an upper-case ASCII letter ('A'..'Z') followed by any combination of upper- or lower-case ASCII letters ('A'..'Z', and 'a'..'z'), numerals ('0'..'9') and '_', with a length limit of 255 characters. (00:00.034 / 00:07.434, 2Gb)
Sushi:   File: /tmp/ig-builds/dk.ehealth.sundhed.fhir.ig.core#10.0.1-milestone/input/fsh/ehealth-ext-actionguidance-view-description.fsh (00:00.001 / 00:07.435, 2Gb)
Sushi:   Line: 1 - 5                                                                                 (00:00.000 / 00:07.436, 2Gb)
Sushi: warn  The name "ehealth-purpose" may not be suitable for machine processing applications such as code generation. Valid names start with an upper-case ASCII letter ('A'..'Z') followed by any combination of upper- or lower-case ASCII letters ('A'..'Z', and 'a'..'z'), numerals ('0'..'9') and '_', with a length limit of 255 characters. (00:00.038 / 00:07.474, 2Gb)
Sushi:   File: /tmp/ig-builds/dk.ehealth.sundhed.fhir.ig.core#10.0.1-milestone/input/fsh/ehealth-ext-actionguidance-view-purpose.fsh (00:00.001 / 00:07.476, 2Gb)
Sushi:   Line: 1 - 5                                                                                 (00:00.001 / 00:07.477, 2Gb)
Sushi: warn  The name "ehealth-useContext" may not be suitable for machine processing applications such as code generation. Valid names start with an upper-case ASCII letter ('A'..'Z') followed by any combination of upper- or lower-case ASCII letters ('A'..'Z', and 'a'..'z'), numerals ('0'..'9') and '_', with a length limit of 255 characters. (00:00.030 / 00:07.508, 2Gb)
Sushi:   File: /tmp/ig-builds/dk.ehealth.sundhed.fhir.ig.core#10.0.1-milestone/input/fsh/ehealth-ext-usecontext.fsh (00:00.001 / 00:07.509, 2Gb)
Sushi:   Line: 1 - 5                                                                                 (00:00.000 / 00:07.509, 2Gb)
Sushi: warn  The name "ehealth-status" may not be suitable for machine processing applications such as code generation. Valid names start with an upper-case ASCII letter ('A'..'Z') followed by any combination of upper- or lower-case ASCII letters ('A'..'Z', and 'a'..'z'), numerals ('0'..'9') and '_', with a length limit of 255 characters. (00:00.060 / 00:07.570, 2Gb)
Sushi:   File: /tmp/ig-builds/dk.ehealth.sundhed.fhir.ig.core#10.0.1-milestone/input/fsh/ehealth-ext-actionguidance-view-status.fsh (00:00.001 / 00:07.572, 2Gb)
Sushi:   Line: 1 - 7                                                                                 (00:00.000 / 00:07.572, 2Gb)
Sushi: warn  The name "ehealth-content" may not be suitable for machine processing applications such as code generation. Valid names start with an upper-case ASCII letter ('A'..'Z') followed by any combination of upper- or lower-case ASCII letters ('A'..'Z', and 'a'..'z'), numerals ('0'..'9') and '_', with a length limit of 255 characters. (00:00.039 / 00:07.611, 2Gb)
Sushi:   File: /tmp/ig-builds/dk.ehealth.sundhed.fhir.ig.core#10.0.1-milestone/input/fsh/ehealth-ext-actionguidance-view-content.fsh (00:00.001 / 00:07.613, 2Gb)
Sushi:   Line: 1 - 7                                                                                 (00:00.000 / 00:07.614, 2Gb)
Sushi: warn  The name "ehealth-actionguidance-type" may not be suitable for machine processing applications such as code generation. Valid names start with an upper-case ASCII letter ('A'..'Z') followed by any combination of upper- or lower-case ASCII letters ('A'..'Z', and 'a'..'z'), numerals ('0'..'9') and '_', with a length limit of 255 characters. (00:00.021 / 00:07.635, 2Gb)
Sushi:   File: /tmp/ig-builds/dk.ehealth.sundhed.fhir.ig.core#10.0.1-milestone/input/fsh/ehealth-actionguidance.fsh (00:00.001 / 00:07.637, 2Gb)
Sushi:   Line: 20 - 26                                                                               (00:00.000 / 00:07.638, 2Gb)
Sushi: warn  The name "ehealth-actionguidance-for" may not be suitable for machine processing applications such as code generation. Valid names start with an upper-case ASCII letter ('A'..'Z') followed by any combination of upper- or lower-case ASCII letters ('A'..'Z', and 'a'..'z'), numerals ('0'..'9') and '_', with a length limit of 255 characters. (00:00.039 / 00:07.677, 2Gb)
Sushi:   File: /tmp/ig-builds/dk.ehealth.sundhed.fhir.ig.core#10.0.1-milestone/input/fsh/ehealth-actionguidance.fsh (00:00.001 / 00:07.679, 2Gb)
Sushi:   Line: 29 - 40                                                                               (00:00.000 / 00:07.680, 2Gb)
Sushi: warn  The name "ehealth-activitydefinition" may not be suitable for machine processing applications such as code generation. Valid names start with an upper-case ASCII letter ('A'..'Z') followed by any combination of upper- or lower-case ASCII letters ('A'..'Z', and 'a'..'z'), numerals ('0'..'9') and '_', with a length limit of 255 characters. (00:00.042 / 00:07.722, 2Gb)
Sushi:   File: /tmp/ig-builds/dk.ehealth.sundhed.fhir.ig.core#10.0.1-milestone/input/fsh/ehealth-activitydefinition.fsh (00:00.001 / 00:07.724, 2Gb)
Sushi:   Line: 1 - 24                                                                                (00:00.000 / 00:07.725, 2Gb)
Sushi: warn  The name "ehealth-reuseCriteria" may not be suitable for machine processing applications such as code generation. Valid names start with an upper-case ASCII letter ('A'..'Z') followed by any combination of upper- or lower-case ASCII letters ('A'..'Z', and 'a'..'z'), numerals ('0'..'9') and '_', with a length limit of 255 characters. (00:00.000 / 00:07.725, 2Gb)
Sushi:   File: /tmp/ig-builds/dk.ehealth.sundhed.fhir.ig.core#10.0.1-milestone/input/fsh/ehealth-ext-reuseCriteria.fsh (00:00.001 / 00:07.727, 2Gb)
Sushi:   Line: 1 - 20                                                                                (00:00.000 / 00:07.727, 2Gb)
Sushi: warn  The name "ehealth-referenceRange" may not be suitable for machine processing applications such as code generation. Valid names start with an upper-case ASCII letter ('A'..'Z') followed by any combination of upper- or lower-case ASCII letters ('A'..'Z', and 'a'..'z'), numerals ('0'..'9') and '_', with a length limit of 255 characters. (00:00.140 / 00:07.868, 2Gb)
Sushi:   File: /tmp/ig-builds/dk.ehealth.sundhed.fhir.ig.core#10.0.1-milestone/input/fsh/ehealth-ext-referenceRange.fsh (00:00.001 / 00:07.869, 2Gb)
Sushi:   Line: 1 - 15                                                                                (00:00.000 / 00:07.870, 2Gb)
Sushi: warn  The name "ehealth-quality" may not be suitable for machine processing applications such as code generation. Valid names start with an upper-case ASCII letter ('A'..'Z') followed by any combination of upper- or lower-case ASCII letters ('A'..'Z', and 'a'..'z'), numerals ('0'..'9') and '_', with a length limit of 255 characters. (00:00.202 / 00:08.073, 2Gb)
Sushi:   File: /tmp/ig-builds/dk.ehealth.sundhed.fhir.ig.core#10.0.1-milestone/input/fsh/ehealth-ext-quality.fsh (00:00.001 / 00:08.075, 2Gb)
Sushi:   Line: 1 - 13                                                                                (00:00.000 / 00:08.075, 2Gb)
Sushi: warn  The name "ehealth-sharingPolicy" may not be suitable for machine processing applications such as code generation. Valid names start with an upper-case ASCII letter ('A'..'Z') followed by any combination of upper- or lower-case ASCII letters ('A'..'Z', and 'a'..'z'), numerals ('0'..'9') and '_', with a length limit of 255 characters. (00:00.085 / 00:08.160, 2Gb)
Sushi:   File: /tmp/ig-builds/dk.ehealth.sundhed.fhir.ig.core#10.0.1-milestone/input/fsh/ehealth-ext-sharingPolicy.fsh (00:00.001 / 00:08.162, 2Gb)
Sushi:   Line: 1 - 7                                                                                 (00:00.000 / 00:08.163, 2Gb)
Sushi: warn  The name "ehealth-sharingApprovalPolicy" may not be suitable for machine processing applications such as code generation. Valid names start with an upper-case ASCII letter ('A'..'Z') followed by any combination of upper- or lower-case ASCII letters ('A'..'Z', and 'a'..'z'), numerals ('0'..'9') and '_', with a length limit of 255 characters. (00:00.035 / 00:08.198, 2Gb)
Sushi:   File: /tmp/ig-builds/dk.ehealth.sundhed.fhir.ig.core#10.0.1-milestone/input/fsh/ehealth-ext-sharingApprovalPolicy.fsh (00:00.001 / 00:08.200, 2Gb)
Sushi:   Line: 1 - 7                                                                                 (00:00.000 / 00:08.200, 2Gb)
Sushi: warn  The name "ehealth-employee-title" may not be suitable for machine processing applications such as code generation. Valid names start with an upper-case ASCII letter ('A'..'Z') followed by any combination of upper- or lower-case ASCII letters ('A'..'Z', and 'a'..'z'), numerals ('0'..'9') and '_', with a length limit of 255 characters. (00:00.034 / 00:08.235, 2Gb)
Sushi:   File: /tmp/ig-builds/dk.ehealth.sundhed.fhir.ig.core#10.0.1-milestone/input/fsh/ehealth-ext-employee-title.fsh (00:00.001 / 00:08.237, 2Gb)
Sushi:   Line: 1 - 5                                                                                 (00:00.000 / 00:08.238, 2Gb)
Sushi: warn  The name "ehealth-predecessor" may not be suitable for machine processing applications such as code generation. Valid names start with an upper-case ASCII letter ('A'..'Z') followed by any combination of upper- or lower-case ASCII letters ('A'..'Z', and 'a'..'z'), numerals ('0'..'9') and '_', with a length limit of 255 characters. (00:00.027 / 00:08.266, 2Gb)
Sushi:   File: /tmp/ig-builds/dk.ehealth.sundhed.fhir.ig.core#10.0.1-milestone/input/fsh/ehealth-ext-predecessor.fsh (00:00.001 / 00:08.267, 2Gb)
Sushi:   Line: 1 - 6                                                                                 (00:00.000 / 00:08.268, 2Gb)
Sushi: warn  The name "ehealth-base" may not be suitable for machine processing applications such as code generation. Valid names start with an upper-case ASCII letter ('A'..'Z') followed by any combination of upper- or lower-case ASCII letters ('A'..'Z', and 'a'..'z'), numerals ('0'..'9') and '_', with a length limit of 255 characters. (00:00.043 / 00:08.311, 2Gb)
Sushi:   File: /tmp/ig-builds/dk.ehealth.sundhed.fhir.ig.core#10.0.1-milestone/input/fsh/ehealth-ext-base.fsh (00:00.001 / 00:08.313, 2Gb)
Sushi:   Line: 1 - 6                                                                                 (00:00.000 / 00:08.313, 2Gb)
Sushi: warn  The name "ehealth-base-environment" may not be suitable for machine processing applications such as code generation. Valid names start with an upper-case ASCII letter ('A'..'Z') followed by any combination of upper- or lower-case ASCII letters ('A'..'Z', and 'a'..'z'), numerals ('0'..'9') and '_', with a length limit of 255 characters. (00:00.042 / 00:08.356, 2Gb)
Sushi:   File: /tmp/ig-builds/dk.ehealth.sundhed.fhir.ig.core#10.0.1-milestone/input/fsh/ehealth-ext-base-environment.fsh (00:00.001 / 00:08.358, 2Gb)
Sushi:   Line: 1 - 6                                                                                 (00:00.000 / 00:08.358, 2Gb)
Sushi: warn  The name "ehealth-appointment" may not be suitable for machine processing applications such as code generation. Valid names start with an upper-case ASCII letter ('A'..'Z') followed by any combination of upper- or lower-case ASCII letters ('A'..'Z', and 'a'..'z'), numerals ('0'..'9') and '_', with a length limit of 255 characters. (00:00.061 / 00:08.420, 2Gb)
Sushi:   File: /tmp/ig-builds/dk.ehealth.sundhed.fhir.ig.core#10.0.1-milestone/input/fsh/ehealth-appointment.fsh (00:00.001 / 00:08.422, 2Gb)
Sushi:   Line: 1 - 31                                                                                (00:00.000 / 00:08.422, 2Gb)
Sushi: warn  The name "ehealth-responsible" may not be suitable for machine processing applications such as code generation. Valid names start with an upper-case ASCII letter ('A'..'Z') followed by any combination of upper- or lower-case ASCII letters ('A'..'Z', and 'a'..'z'), numerals ('0'..'9') and '_', with a length limit of 255 characters. (00:00.000 / 00:08.423, 2Gb)
Sushi:   File: /tmp/ig-builds/dk.ehealth.sundhed.fhir.ig.core#10.0.1-milestone/input/fsh/ehealth-ext-responsible.fsh (00:00.001 / 00:08.425, 2Gb)
Sushi:   Line: 1 - 6                                                                                 (00:00.000 / 00:08.425, 2Gb)
Sushi: warn  The name "ehealth-group-id" may not be suitable for machine processing applications such as code generation. Valid names start with an upper-case ASCII letter ('A'..'Z') followed by any combination of upper- or lower-case ASCII letters ('A'..'Z', and 'a'..'z'), numerals ('0'..'9') and '_', with a length limit of 255 characters. (00:00.022 / 00:08.447, 2Gb)
Sushi:   File: /tmp/ig-builds/dk.ehealth.sundhed.fhir.ig.core#10.0.1-milestone/input/fsh/ehealth-ext-group-id.fsh (00:00.001 / 00:08.449, 2Gb)
Sushi:   Line: 1 - 5                                                                                 (00:00.000 / 00:08.450, 2Gb)
Sushi: warn  The name "ehealth-legalBasis" may not be suitable for machine processing applications such as code generation. Valid names start with an upper-case ASCII letter ('A'..'Z') followed by any combination of upper- or lower-case ASCII letters ('A'..'Z', and 'a'..'z'), numerals ('0'..'9') and '_', with a length limit of 255 characters. (00:00.025 / 00:08.475, 2Gb)
Sushi:   File: /tmp/ig-builds/dk.ehealth.sundhed.fhir.ig.core#10.0.1-milestone/input/fsh/ehealth-ext-legalBasis.fsh (00:00.001 / 00:08.477, 2Gb)
Sushi:   Line: 1 - 6                                                                                 (00:00.000 / 00:08.478, 2Gb)
Sushi: warn  The name "ehealth-releasableResource" may not be suitable for machine processing applications such as code generation. Valid names start with an upper-case ASCII letter ('A'..'Z') followed by any combination of upper- or lower-case ASCII letters ('A'..'Z', and 'a'..'z'), numerals ('0'..'9') and '_', with a length limit of 255 characters. (00:00.035 / 00:08.513, 2Gb)
Sushi:   File: /tmp/ig-builds/dk.ehealth.sundhed.fhir.ig.core#10.0.1-milestone/input/fsh/ehealth-ext-releasableResource.fsh (00:00.001 / 00:08.515, 2Gb)
Sushi:   Line: 1 - 5                                                                                 (00:00.000 / 00:08.515, 2Gb)
Sushi: warn  The name "ehealth-responsible-organization" may not be suitable for machine processing applications such as code generation. Valid names start with an upper-case ASCII letter ('A'..'Z') followed by any combination of upper- or lower-case ASCII letters ('A'..'Z', and 'a'..'z'), numerals ('0'..'9') and '_', with a length limit of 255 characters. (00:00.014 / 00:08.530, 2Gb)
Sushi:   File: /tmp/ig-builds/dk.ehealth.sundhed.fhir.ig.core#10.0.1-milestone/input/fsh/ehealth-ext-responsible-organization.fsh (00:00.001 / 00:08.532, 2Gb)
Sushi:   Line: 1 - 6                                                                                 (00:00.000 / 00:08.532, 2Gb)
Sushi: warn  The name "ehealth-performer" may not be suitable for machine processing applications such as code generation. Valid names start with an upper-case ASCII letter ('A'..'Z') followed by any combination of upper- or lower-case ASCII letters ('A'..'Z', and 'a'..'z'), numerals ('0'..'9') and '_', with a length limit of 255 characters. (00:00.023 / 00:08.556, 2Gb)
Sushi:   File: /tmp/ig-builds/dk.ehealth.sundhed.fhir.ig.core#10.0.1-milestone/input/fsh/ehealth-ext-performer.fsh (00:00.001 / 00:08.557, 2Gb)
Sushi:   Line: 1 - 6                                                                                 (00:00.000 / 00:08.558, 2Gb)
Sushi: warn  The name "ehealth-performing-organization" may not be suitable for machine processing applications such as code generation. Valid names start with an upper-case ASCII letter ('A'..'Z') followed by any combination of upper- or lower-case ASCII letters ('A'..'Z', and 'a'..'z'), numerals ('0'..'9') and '_', with a length limit of 255 characters. (00:00.022 / 00:08.580, 2Gb)
Sushi:   File: /tmp/ig-builds/dk.ehealth.sundhed.fhir.ig.core#10.0.1-milestone/input/fsh/ehealth-ext-performing-organization.fsh (00:00.001 / 00:08.582, 2Gb)
Sushi:   Line: 1 - 6                                                                                 (00:00.000 / 00:08.582, 2Gb)
Sushi: warn  The name "ehealth-ext-careteam" may not be suitable for machine processing applications such as code generation. Valid names start with an upper-case ASCII letter ('A'..'Z') followed by any combination of upper- or lower-case ASCII letters ('A'..'Z', and 'a'..'z'), numerals ('0'..'9') and '_', with a length limit of 255 characters. (00:00.032 / 00:08.615, 2Gb)
Sushi:   File: /tmp/ig-builds/dk.ehealth.sundhed.fhir.ig.core#10.0.1-milestone/input/fsh/ehealth-ext-careteam.fsh (00:00.001 / 00:08.616, 2Gb)
Sushi:   Line: 1 - 6                                                                                 (00:00.000 / 00:08.617, 2Gb)
Sushi: warn  The name "ehealth-auditevent" may not be suitable for machine processing applications such as code generation. Valid names start with an upper-case ASCII letter ('A'..'Z') followed by any combination of upper- or lower-case ASCII letters ('A'..'Z', and 'a'..'z'), numerals ('0'..'9') and '_', with a length limit of 255 characters. (00:00.066 / 00:08.683, 2Gb)
Sushi:   File: /tmp/ig-builds/dk.ehealth.sundhed.fhir.ig.core#10.0.1-milestone/input/fsh/ehealth-auditevent.fsh (00:00.001 / 00:08.684, 2Gb)
Sushi:   Line: 1 - 4                                                                                 (00:00.000 / 00:08.685, 2Gb)
Sushi: warn  The name "ehealth-carecommunication" may not be suitable for machine processing applications such as code generation. Valid names start with an upper-case ASCII letter ('A'..'Z') followed by any combination of upper- or lower-case ASCII letters ('A'..'Z', and 'a'..'z'), numerals ('0'..'9') and '_', with a length limit of 255 characters. (00:00.006 / 00:08.691, 2Gb)
Sushi:   File: /tmp/ig-builds/dk.ehealth.sundhed.fhir.ig.core#10.0.1-milestone/input/fsh/ehealth-carecommunication.fsh (00:00.001 / 00:08.693, 2Gb)
Sushi:   Line: 6 - 120                                                                               (00:00.000 / 00:08.693, 2Gb)
Sushi: warn  The name "ehealth-carecommunication-sender" may not be suitable for machine processing applications such as code generation. Valid names start with an upper-case ASCII letter ('A'..'Z') followed by any combination of upper- or lower-case ASCII letters ('A'..'Z', and 'a'..'z'), numerals ('0'..'9') and '_', with a length limit of 255 characters. (00:00.065 / 00:08.759, 2Gb)
Sushi:   File: /tmp/ig-builds/dk.ehealth.sundhed.fhir.ig.core#10.0.1-milestone/input/fsh/ehealth-carecommunication.fsh (00:00.001 / 00:08.760, 2Gb)
Sushi:   Line: 124 - 140                                                                             (00:00.000 / 00:08.760, 2Gb)
Sushi: warn  The name "ehealth-carecommunication-destination" may not be suitable for machine processing applications such as code generation. Valid names start with an upper-case ASCII letter ('A'..'Z') followed by any combination of upper- or lower-case ASCII letters ('A'..'Z', and 'a'..'z'), numerals ('0'..'9') and '_', with a length limit of 255 characters. (00:00.072 / 00:08.833, 2Gb)
Sushi:   File: /tmp/ig-builds/dk.ehealth.sundhed.fhir.ig.core#10.0.1-milestone/input/fsh/ehealth-carecommunication.fsh (00:00.001 / 00:08.834, 2Gb)
Sushi:   Line: 142 - 147                                                                             (00:00.000 / 00:08.835, 2Gb)
Sushi: warn  The name "ehealth-carecommunication-origin" may not be suitable for machine processing applications such as code generation. Valid names start with an upper-case ASCII letter ('A'..'Z') followed by any combination of upper- or lower-case ASCII letters ('A'..'Z', and 'a'..'z'), numerals ('0'..'9') and '_', with a length limit of 255 characters. (00:00.012 / 00:08.847, 2Gb)
Sushi:   File: /tmp/ig-builds/dk.ehealth.sundhed.fhir.ig.core#10.0.1-milestone/input/fsh/ehealth-carecommunication.fsh (00:00.001 / 00:08.848, 2Gb)
Sushi:   Line: 161 - 165                                                                             (00:00.000 / 00:08.849, 2Gb)
Sushi: warn  The name "ehealth-carecommunication-message-Type" may not be suitable for machine processing applications such as code generation. Valid names start with an upper-case ASCII letter ('A'..'Z') followed by any combination of upper- or lower-case ASCII letters ('A'..'Z', and 'a'..'z'), numerals ('0'..'9') and '_', with a length limit of 255 characters. (00:00.013 / 00:08.862, 2Gb)
Sushi:   File: /tmp/ig-builds/dk.ehealth.sundhed.fhir.ig.core#10.0.1-milestone/input/fsh/ehealth-carecommunication.fsh (00:00.001 / 00:08.863, 2Gb)
Sushi:   Line: 167 - 172                                                                             (00:00.000 / 00:08.864, 2Gb)
Sushi: warn  The name "ehealth-administrative-status" may not be suitable for machine processing applications such as code generation. Valid names start with an upper-case ASCII letter ('A'..'Z') followed by any combination of upper- or lower-case ASCII letters ('A'..'Z', and 'a'..'z'), numerals ('0'..'9') and '_', with a length limit of 255 characters. (00:00.049 / 00:08.913, 2Gb)
Sushi:   File: /tmp/ig-builds/dk.ehealth.sundhed.fhir.ig.core#10.0.1-milestone/input/fsh/ehealth-message.fsh (00:00.001 / 00:08.914, 2Gb)
Sushi:   Line: 67 - 73                                                                               (00:00.000 / 00:08.915, 2Gb)
Sushi: warn  The name "ehealth-carecommunication-datetime" may not be suitable for machine processing applications such as code generation. Valid names start with an upper-case ASCII letter ('A'..'Z') followed by any combination of upper- or lower-case ASCII letters ('A'..'Z', and 'a'..'z'), numerals ('0'..'9') and '_', with a length limit of 255 characters. (00:00.053 / 00:08.968, 2Gb)
Sushi:   File: /tmp/ig-builds/dk.ehealth.sundhed.fhir.ig.core#10.0.1-milestone/input/fsh/ehealth-carecommunication.fsh (00:00.001 / 00:08.970, 2Gb)
Sushi:   Line: 149 - 153                                                                             (00:00.000 / 00:08.970, 2Gb)
Sushi: warn  The name "ehealth-carecommunication-payload-identifier" may not be suitable for machine processing applications such as code generation. Valid names start with an upper-case ASCII letter ('A'..'Z') followed by any combination of upper- or lower-case ASCII letters ('A'..'Z', and 'a'..'z'), numerals ('0'..'9') and '_', with a length limit of 255 characters. (00:00.019 / 00:08.990, 2Gb)
Sushi:   File: /tmp/ig-builds/dk.ehealth.sundhed.fhir.ig.core#10.0.1-milestone/input/fsh/ehealth-carecommunication.fsh (00:00.001 / 00:08.991, 2Gb)
Sushi:   Line: 155 - 159                                                                             (00:00.000 / 00:08.992, 2Gb)
Sushi: warn  The name "ehealth-careplan" may not be suitable for machine processing applications such as code generation. Valid names start with an upper-case ASCII letter ('A'..'Z') followed by any combination of upper- or lower-case ASCII letters ('A'..'Z', and 'a'..'z'), numerals ('0'..'9') and '_', with a length limit of 255 characters. (00:00.129 / 00:09.122, 2Gb)
Sushi:   File: /tmp/ig-builds/dk.ehealth.sundhed.fhir.ig.core#10.0.1-milestone/input/fsh/ehealth-careplan.fsh (00:00.001 / 00:09.123, 2Gb)
Sushi:   Line: 1 - 56                                                                                (00:00.000 / 00:09.124, 2Gb)
Sushi: warn  The name "ehealth-careplan-statusHistory" may not be suitable for machine processing applications such as code generation. Valid names start with an upper-case ASCII letter ('A'..'Z') followed by any combination of upper- or lower-case ASCII letters ('A'..'Z', and 'a'..'z'), numerals ('0'..'9') and '_', with a length limit of 255 characters. (00:00.009 / 00:09.133, 2Gb)
Sushi:   File: /tmp/ig-builds/dk.ehealth.sundhed.fhir.ig.core#10.0.1-milestone/input/fsh/ehealth-careplan.fsh (00:00.001 / 00:09.135, 2Gb)
Sushi:   Line: 58 - 66                                                                               (00:00.000 / 00:09.135, 2Gb)
Sushi: warn  The name "ehealth-teamHistory" may not be suitable for machine processing applications such as code generation. Valid names start with an upper-case ASCII letter ('A'..'Z') followed by any combination of upper- or lower-case ASCII letters ('A'..'Z', and 'a'..'z'), numerals ('0'..'9') and '_', with a length limit of 255 characters. (00:00.068 / 00:09.204, 2Gb)
Sushi:   File: /tmp/ig-builds/dk.ehealth.sundhed.fhir.ig.core#10.0.1-milestone/input/fsh/ehealth-ext-teamHistory.fsh (00:00.001 / 00:09.205, 2Gb)
Sushi:   Line: 1 - 12                                                                                (00:00.000 / 00:09.206, 2Gb)
Sushi: warn  The name "ehealth-careplan-statusschedule" may not be suitable for machine processing applications such as code generation. Valid names start with an upper-case ASCII letter ('A'..'Z') followed by any combination of upper- or lower-case ASCII letters ('A'..'Z', and 'a'..'z'), numerals ('0'..'9') and '_', with a length limit of 255 characters. (00:00.056 / 00:09.263, 2Gb)
Sushi:   File: /tmp/ig-builds/dk.ehealth.sundhed.fhir.ig.core#10.0.1-milestone/input/fsh/ehealth-careplan.fsh (00:00.001 / 00:09.264, 2Gb)
Sushi:   Line: 68 - 77                                                                               (00:00.000 / 00:09.265, 2Gb)
Sushi: warn  The name "ehealth-teamschedule" may not be suitable for machine processing applications such as code generation. Valid names start with an upper-case ASCII letter ('A'..'Z') followed by any combination of upper- or lower-case ASCII letters ('A'..'Z', and 'a'..'z'), numerals ('0'..'9') and '_', with a length limit of 255 characters. (00:00.025 / 00:09.291, 2Gb)
Sushi:   File: /tmp/ig-builds/dk.ehealth.sundhed.fhir.ig.core#10.0.1-milestone/input/fsh/ehealth-ext-teamschedule.fsh (00:00.001 / 00:09.292, 2Gb)
Sushi:   Line: 1 - 15                                                                                (00:00.000 / 00:09.293, 2Gb)
Sushi: warn  The name "ehealth-participant" may not be suitable for machine processing applications such as code generation. Valid names start with an upper-case ASCII letter ('A'..'Z') followed by any combination of upper- or lower-case ASCII letters ('A'..'Z', and 'a'..'z'), numerals ('0'..'9') and '_', with a length limit of 255 characters. (00:00.162 / 00:09.455, 2Gb)
Sushi:   File: /tmp/ig-builds/dk.ehealth.sundhed.fhir.ig.core#10.0.1-milestone/input/fsh/ehealth-ext-participant.fsh (00:00.001 / 00:09.456, 2Gb)
Sushi:   Line: 1 - 21                                                                                (00:00.000 / 00:09.457, 2Gb)
Sushi: warn  The name "ehealth-careteam" may not be suitable for machine processing applications such as code generation. Valid names start with an upper-case ASCII letter ('A'..'Z') followed by any combination of upper- or lower-case ASCII letters ('A'..'Z', and 'a'..'z'), numerals ('0'..'9') and '_', with a length limit of 255 characters. (00:00.136 / 00:09.593, 2Gb)
Sushi:   File: /tmp/ig-builds/dk.ehealth.sundhed.fhir.ig.core#10.0.1-milestone/input/fsh/ehealth-careteam.fsh (00:00.001 / 00:09.594, 2Gb)
Sushi:   Line: 1 - 23                                                                                (00:00.000 / 00:09.595, 2Gb)
Sushi: warn  The name "ehealth-clinicalimpression" may not be suitable for machine processing applications such as code generation. Valid names start with an upper-case ASCII letter ('A'..'Z') followed by any combination of upper- or lower-case ASCII letters ('A'..'Z', and 'a'..'z'), numerals ('0'..'9') and '_', with a length limit of 255 characters. (00:00.059 / 00:09.654, 2Gb)
Sushi:   File: /tmp/ig-builds/dk.ehealth.sundhed.fhir.ig.core#10.0.1-milestone/input/fsh/ehealth-clinicalimpression.fsh (00:00.001 / 00:09.655, 2Gb)
Sushi:   Line: 1 - 35                                                                                (00:00.000 / 00:09.656, 2Gb)
Sushi: warn  The name "ehealth-clinicalimpression-assessor-organization" may not be suitable for machine processing applications such as code generation. Valid names start with an upper-case ASCII letter ('A'..'Z') followed by any combination of upper- or lower-case ASCII letters ('A'..'Z', and 'a'..'z'), numerals ('0'..'9') and '_', with a length limit of 255 characters. (00:00.000 / 00:09.656, 2Gb)
Sushi:   File: /tmp/ig-builds/dk.ehealth.sundhed.fhir.ig.core#10.0.1-milestone/input/fsh/ehealth-clinicalimpression.fsh (00:00.001 / 00:09.657, 2Gb)
Sushi:   Line: 37 - 43                                                                               (00:00.000 / 00:09.658, 2Gb)
Sushi: warn  The name "ehealth-clinicalimpression-assessor-other" may not be suitable for machine processing applications such as code generation. Valid names start with an upper-case ASCII letter ('A'..'Z') followed by any combination of upper- or lower-case ASCII letters ('A'..'Z', and 'a'..'z'), numerals ('0'..'9') and '_', with a length limit of 255 characters. (00:00.020 / 00:09.679, 2Gb)
Sushi:   File: /tmp/ig-builds/dk.ehealth.sundhed.fhir.ig.core#10.0.1-milestone/input/fsh/ehealth-clinicalimpression.fsh (00:00.001 / 00:09.680, 2Gb)
Sushi:   Line: 45 - 51                                                                               (00:00.000 / 00:09.681, 2Gb)
Sushi: warn  The name "ehealth-clinicalimpression-careplan" may not be suitable for machine processing applications such as code generation. Valid names start with an upper-case ASCII letter ('A'..'Z') followed by any combination of upper- or lower-case ASCII letters ('A'..'Z', and 'a'..'z'), numerals ('0'..'9') and '_', with a length limit of 255 characters. (00:00.023 / 00:09.704, 2Gb)
Sushi:   File: /tmp/ig-builds/dk.ehealth.sundhed.fhir.ig.core#10.0.1-milestone/input/fsh/ehealth-clinicalimpression.fsh (00:00.001 / 00:09.705, 2Gb)
Sushi:   Line: 53 - 59                                                                               (00:00.000 / 00:09.706, 2Gb)
Sushi: warn  The name "ehealth-clinicalimpression-decisionContext" may not be suitable for machine processing applications such as code generation. Valid names start with an upper-case ASCII letter ('A'..'Z') followed by any combination of upper- or lower-case ASCII letters ('A'..'Z', and 'a'..'z'), numerals ('0'..'9') and '_', with a length limit of 255 characters. (00:00.020 / 00:09.726, 2Gb)
Sushi:   File: /tmp/ig-builds/dk.ehealth.sundhed.fhir.ig.core#10.0.1-milestone/input/fsh/ehealth-clinicalimpression.fsh (00:00.001 / 00:09.728, 2Gb)
Sushi:   Line: 61 - 68                                                                               (00:00.000 / 00:09.728, 2Gb)
Sushi: warn  The name "ehealth-clinicalimpression-decision" may not be suitable for machine processing applications such as code generation. Valid names start with an upper-case ASCII letter ('A'..'Z') followed by any combination of upper- or lower-case ASCII letters ('A'..'Z', and 'a'..'z'), numerals ('0'..'9') and '_', with a length limit of 255 characters. (00:00.026 / 00:09.755, 2Gb)
Sushi:   File: /tmp/ig-builds/dk.ehealth.sundhed.fhir.ig.core#10.0.1-milestone/input/fsh/ehealth-clinicalimpression.fsh (00:00.001 / 00:09.756, 2Gb)
Sushi:   Line: 70 - 75                                                                               (00:00.000 / 00:09.757, 2Gb)
Sushi: warn  The name "ehealth-questionnaireresponse-finding-basis" may not be suitable for machine processing applications such as code generation. Valid names start with an upper-case ASCII letter ('A'..'Z') followed by any combination of upper- or lower-case ASCII letters ('A'..'Z', and 'a'..'z'), numerals ('0'..'9') and '_', with a length limit of 255 characters. (00:00.044 / 00:09.801, 2Gb)
Sushi:   File: /tmp/ig-builds/dk.ehealth.sundhed.fhir.ig.core#10.0.1-milestone/input/fsh/ehealth-clinicalimpression.fsh (00:00.001 / 00:09.803, 2Gb)
Sushi:   Line: 100 - 116                                                                             (00:00.000 / 00:09.803, 2Gb)
Sushi: warn  The name "ehealth-questionnaire-answerSignificance" may not be suitable for machine processing applications such as code generation. Valid names start with an upper-case ASCII letter ('A'..'Z') followed by any combination of upper- or lower-case ASCII letters ('A'..'Z', and 'a'..'z'), numerals ('0'..'9') and '_', with a length limit of 255 characters. (00:00.099 / 00:09.903, 2Gb)
Sushi:   File: /tmp/ig-builds/dk.ehealth.sundhed.fhir.ig.core#10.0.1-milestone/input/fsh/ehealth-ext-questionnaire-answerSignificance.fsh (00:00.001 / 00:09.904, 2Gb)
Sushi:   Line: 1 - 9                                                                                 (00:00.000 / 00:09.905, 2Gb)
Sushi: warn  The name "ehealth-answer-Condition" may not be suitable for machine processing applications such as code generation. Valid names start with an upper-case ASCII letter ('A'..'Z') followed by any combination of upper- or lower-case ASCII letters ('A'..'Z', and 'a'..'z'), numerals ('0'..'9') and '_', with a length limit of 255 characters. (00:00.005 / 00:09.910, 2Gb)
Sushi:   File: /tmp/ig-builds/dk.ehealth.sundhed.fhir.ig.core#10.0.1-milestone/input/fsh/ehealth-questionnaire.fsh (00:00.001 / 00:09.911, 2Gb)
Sushi:   Line: 98 - 107                                                                              (00:00.000 / 00:09.912, 2Gb)
Sushi: warn  The name "ehealth-clinicalimpression-viewInvestigationItem" may not be suitable for machine processing applications such as code generation. Valid names start with an upper-case ASCII letter ('A'..'Z') followed by any combination of upper- or lower-case ASCII letters ('A'..'Z', and 'a'..'z'), numerals ('0'..'9') and '_', with a length limit of 255 characters. (00:00.133 / 00:10.046, 2Gb)
Sushi:   File: /tmp/ig-builds/dk.ehealth.sundhed.fhir.ig.core#10.0.1-milestone/input/fsh/ehealth-clinicalimpression.fsh (00:00.001 / 00:10.047, 2Gb)
Sushi:   Line: 85 - 91                                                                               (00:00.000 / 00:10.048, 2Gb)
Sushi: warn  The name "ehealth-clinicalimpression-otherItem" may not be suitable for machine processing applications such as code generation. Valid names start with an upper-case ASCII letter ('A'..'Z') followed by any combination of upper- or lower-case ASCII letters ('A'..'Z', and 'a'..'z'), numerals ('0'..'9') and '_', with a length limit of 255 characters. (00:00.018 / 00:10.066, 2Gb)
Sushi:   File: /tmp/ig-builds/dk.ehealth.sundhed.fhir.ig.core#10.0.1-milestone/input/fsh/ehealth-clinicalimpression.fsh (00:00.001 / 00:10.068, 2Gb)
Sushi:   Line: 93 - 98                                                                               (00:00.000 / 00:10.068, 2Gb)
Sushi: warn  The name "ehealth-communication-request" may not be suitable for machine processing applications such as code generation. Valid names start with an upper-case ASCII letter ('A'..'Z') followed by any combination of upper- or lower-case ASCII letters ('A'..'Z', and 'a'..'z'), numerals ('0'..'9') and '_', with a length limit of 255 characters. (00:00.078 / 00:10.147, 2Gb)
Sushi:   File: /tmp/ig-builds/dk.ehealth.sundhed.fhir.ig.core#10.0.1-milestone/input/fsh/ehealth-communication-request.fsh (00:00.001 / 00:10.149, 2Gb)
Sushi:   Line: 1 - 15                                                                                (00:00.000 / 00:10.149, 2Gb)
Sushi: warn  The name "ehealth-communication" may not be suitable for machine processing applications such as code generation. Valid names start with an upper-case ASCII letter ('A'..'Z') followed by any combination of upper- or lower-case ASCII letters ('A'..'Z', and 'a'..'z'), numerals ('0'..'9') and '_', with a length limit of 255 characters. (00:00.029 / 00:10.179, 2Gb)
Sushi:   File: /tmp/ig-builds/dk.ehealth.sundhed.fhir.ig.core#10.0.1-milestone/input/fsh/ehealth-communication.fsh (00:00.001 / 00:10.180, 2Gb)
Sushi:   Line: 1 - 28                                                                                (00:00.000 / 00:10.181, 2Gb)
Sushi: warn  The name "ehealth-communication-recipientCareTeam" may not be suitable for machine processing applications such as code generation. Valid names start with an upper-case ASCII letter ('A'..'Z') followed by any combination of upper- or lower-case ASCII letters ('A'..'Z', and 'a'..'z'), numerals ('0'..'9') and '_', with a length limit of 255 characters. (00:00.008 / 00:10.189, 2Gb)
Sushi:   File: /tmp/ig-builds/dk.ehealth.sundhed.fhir.ig.core#10.0.1-milestone/input/fsh/ehealth-ext-communication-recipientCareTeam.fsh (00:00.001 / 00:10.190, 2Gb)
Sushi:   Line: 1 - 7                                                                                 (00:00.000 / 00:10.191, 2Gb)
Sushi: warn  The name "ehealth-communication-senderCareTeam" may not be suitable for machine processing applications such as code generation. Valid names start with an upper-case ASCII letter ('A'..'Z') followed by any combination of upper- or lower-case ASCII letters ('A'..'Z', and 'a'..'z'), numerals ('0'..'9') and '_', with a length limit of 255 characters. (00:00.022 / 00:10.214, 2Gb)
Sushi:   File: /tmp/ig-builds/dk.ehealth.sundhed.fhir.ig.core#10.0.1-milestone/input/fsh/ehealth-ext-communication-senderCareTeam.fsh (00:00.001 / 00:10.216, 2Gb)
Sushi:   Line: 1 - 7                                                                                 (00:00.000 / 00:10.216, 2Gb)
Sushi: warn  The name "ehealth-restriction-category" may not be suitable for machine processing applications such as code generation. Valid names start with an upper-case ASCII letter ('A'..'Z') followed by any combination of upper- or lower-case ASCII letters ('A'..'Z', and 'a'..'z'), numerals ('0'..'9') and '_', with a length limit of 255 characters. (00:00.019 / 00:10.236, 2Gb)
Sushi:   File: /tmp/ig-builds/dk.ehealth.sundhed.fhir.ig.core#10.0.1-milestone/input/fsh/ehealth-ext-restriction-category.fsh (00:00.001 / 00:10.237, 2Gb)
Sushi:   Line: 1 - 6                                                                                 (00:00.000 / 00:10.238, 2Gb)
Sushi: warn  The name "ehealth-composition" may not be suitable for machine processing applications such as code generation. Valid names start with an upper-case ASCII letter ('A'..'Z') followed by any combination of upper- or lower-case ASCII letters ('A'..'Z', and 'a'..'z'), numerals ('0'..'9') and '_', with a length limit of 255 characters. (00:00.122 / 00:10.361, 2Gb)
Sushi:   File: /tmp/ig-builds/dk.ehealth.sundhed.fhir.ig.core#10.0.1-milestone/input/fsh/ehealth-composition.fsh (00:00.001 / 00:10.362, 2Gb)
Sushi:   Line: 1 - 20                                                                                (00:00.000 / 00:10.363, 2Gb)
Sushi: warn  The name "ehealth-composition-authorOrganization" may not be suitable for machine processing applications such as code generation. Valid names start with an upper-case ASCII letter ('A'..'Z') followed by any combination of upper- or lower-case ASCII letters ('A'..'Z', and 'a'..'z'), numerals ('0'..'9') and '_', with a length limit of 255 characters. (00:00.000 / 00:10.364, 2Gb)
Sushi:   File: /tmp/ig-builds/dk.ehealth.sundhed.fhir.ig.core#10.0.1-milestone/input/fsh/ehealth-composition.fsh (00:00.001 / 00:10.365, 2Gb)
Sushi:   Line: 22 - 29                                                                               (00:00.000 / 00:10.366, 2Gb)
Sushi: warn  The name "ehealth-condition" may not be suitable for machine processing applications such as code generation. Valid names start with an upper-case ASCII letter ('A'..'Z') followed by any combination of upper- or lower-case ASCII letters ('A'..'Z', and 'a'..'z'), numerals ('0'..'9') and '_', with a length limit of 255 characters. (00:00.070 / 00:10.436, 2Gb)
Sushi:   File: /tmp/ig-builds/dk.ehealth.sundhed.fhir.ig.core#10.0.1-milestone/input/fsh/ehealth-condition.fsh (00:00.001 / 00:10.438, 2Gb)
Sushi:   Line: 1 - 17                                                                                (00:00.000 / 00:10.438, 2Gb)
Sushi: warn  The name "ehealth-code-qualification" may not be suitable for machine processing applications such as code generation. Valid names start with an upper-case ASCII letter ('A'..'Z') followed by any combination of upper- or lower-case ASCII letters ('A'..'Z', and 'a'..'z'), numerals ('0'..'9') and '_', with a length limit of 255 characters. (00:00.008 / 00:10.447, 2Gb)
Sushi:   File: /tmp/ig-builds/dk.ehealth.sundhed.fhir.ig.core#10.0.1-milestone/input/fsh/ehealth-condition.fsh (00:00.001 / 00:10.448, 2Gb)
Sushi:   Line: 19 - 24                                                                               (00:00.000 / 00:10.449, 2Gb)
Sushi: warn  The name "ehealth-consent" may not be suitable for machine processing applications such as code generation. Valid names start with an upper-case ASCII letter ('A'..'Z') followed by any combination of upper- or lower-case ASCII letters ('A'..'Z', and 'a'..'z'), numerals ('0'..'9') and '_', with a length limit of 255 characters. (00:00.097 / 00:10.546, 2Gb)
Sushi:   File: /tmp/ig-builds/dk.ehealth.sundhed.fhir.ig.core#10.0.1-milestone/input/fsh/ehealth-consent.fsh (00:00.001 / 00:10.547, 2Gb)
Sushi:   Line: 1 - 21                                                                                (00:00.000 / 00:10.548, 2Gb)
Sushi: warn  The name "ehealth-consent-affiliation" may not be suitable for machine processing applications such as code generation. Valid names start with an upper-case ASCII letter ('A'..'Z') followed by any combination of upper- or lower-case ASCII letters ('A'..'Z', and 'a'..'z'), numerals ('0'..'9') and '_', with a length limit of 255 characters. (00:00.000 / 00:10.549, 2Gb)
Sushi:   File: /tmp/ig-builds/dk.ehealth.sundhed.fhir.ig.core#10.0.1-milestone/input/fsh/ehealth-consent.fsh (00:00.001 / 00:10.550, 2Gb)
Sushi:   Line: 23 - 29                                                                               (00:00.000 / 00:10.551, 2Gb)
Sushi: warn  The name "ehealth-definedquestion" may not be suitable for machine processing applications such as code generation. Valid names start with an upper-case ASCII letter ('A'..'Z') followed by any combination of upper- or lower-case ASCII letters ('A'..'Z', and 'a'..'z'), numerals ('0'..'9') and '_', with a length limit of 255 characters. (00:00.080 / 00:10.631, 2Gb)
Sushi:   File: /tmp/ig-builds/dk.ehealth.sundhed.fhir.ig.core#10.0.1-milestone/input/fsh/ehealth-definedquestion.fsh (00:00.001 / 00:10.632, 2Gb)
Sushi:   Line: 1 - 3                                                                                 (00:00.000 / 00:10.633, 2Gb)
Sushi: warn  The name "ehealth-device" may not be suitable for machine processing applications such as code generation. Valid names start with an upper-case ASCII letter ('A'..'Z') followed by any combination of upper- or lower-case ASCII letters ('A'..'Z', and 'a'..'z'), numerals ('0'..'9') and '_', with a length limit of 255 characters. (00:00.006 / 00:10.639, 2Gb)
Sushi:   File: /tmp/ig-builds/dk.ehealth.sundhed.fhir.ig.core#10.0.1-milestone/input/fsh/ehealth-device.fsh (00:00.001 / 00:10.640, 2Gb)
Sushi:   Line: 1 - 14                                                                                (00:00.000 / 00:10.641, 2Gb)
Sushi: warn  The name "ehealth-device-privatelyOwned" may not be suitable for machine processing applications such as code generation. Valid names start with an upper-case ASCII letter ('A'..'Z') followed by any combination of upper- or lower-case ASCII letters ('A'..'Z', and 'a'..'z'), numerals ('0'..'9') and '_', with a length limit of 255 characters. (00:00.000 / 00:10.642, 2Gb)
Sushi:   File: /tmp/ig-builds/dk.ehealth.sundhed.fhir.ig.core#10.0.1-milestone/input/fsh/ehealth-device.fsh (00:00.001 / 00:10.643, 2Gb)
Sushi:   Line: 16 - 20                                                                               (00:00.000 / 00:10.643, 2Gb)
Sushi: warn  The name "ehealth-device-suppliers" may not be suitable for machine processing applications such as code generation. Valid names start with an upper-case ASCII letter ('A'..'Z') followed by any combination of upper- or lower-case ASCII letters ('A'..'Z', and 'a'..'z'), numerals ('0'..'9') and '_', with a length limit of 255 characters. (00:00.020 / 00:10.663, 2Gb)
Sushi:   File: /tmp/ig-builds/dk.ehealth.sundhed.fhir.ig.core#10.0.1-milestone/input/fsh/ehealth-device.fsh (00:00.001 / 00:10.665, 2Gb)
Sushi:   Line: 22 - 32                                                                               (00:00.000 / 00:10.666, 2Gb)
Sushi: warn  The name "ehealth-device-registrationToken" may not be suitable for machine processing applications such as code generation. Valid names start with an upper-case ASCII letter ('A'..'Z') followed by any combination of upper- or lower-case ASCII letters ('A'..'Z', and 'a'..'z'), numerals ('0'..'9') and '_', with a length limit of 255 characters. (00:00.054 / 00:10.720, 2Gb)
Sushi:   File: /tmp/ig-builds/dk.ehealth.sundhed.fhir.ig.core#10.0.1-milestone/input/fsh/ehealth-device.fsh (00:00.001 / 00:10.722, 2Gb)
Sushi:   Line: 34 - 38                                                                               (00:00.000 / 00:10.722, 2Gb)
Sushi: warn  The name "ehealth-device-platform" may not be suitable for machine processing applications such as code generation. Valid names start with an upper-case ASCII letter ('A'..'Z') followed by any combination of upper- or lower-case ASCII letters ('A'..'Z', and 'a'..'z'), numerals ('0'..'9') and '_', with a length limit of 255 characters. (00:00.026 / 00:10.748, 2Gb)
Sushi:   File: /tmp/ig-builds/dk.ehealth.sundhed.fhir.ig.core#10.0.1-milestone/input/fsh/ehealth-device.fsh (00:00.001 / 00:10.750, 2Gb)
Sushi:   Line: 40 - 45                                                                               (00:00.000 / 00:10.751, 2Gb)
Sushi: warn  The name "ehealth-devicemetric" may not be suitable for machine processing applications such as code generation. Valid names start with an upper-case ASCII letter ('A'..'Z') followed by any combination of upper- or lower-case ASCII letters ('A'..'Z', and 'a'..'z'), numerals ('0'..'9') and '_', with a length limit of 255 characters. (00:00.043 / 00:10.794, 2Gb)
Sushi:   File: /tmp/ig-builds/dk.ehealth.sundhed.fhir.ig.core#10.0.1-milestone/input/fsh/ehealth-devicemetric.fsh (00:00.001 / 00:10.795, 2Gb)
Sushi:   Line: 1 - 14                                                                                (00:00.000 / 00:10.796, 2Gb)
Sushi: warn  The name "ehealth-devicemetric-properties" may not be suitable for machine processing applications such as code generation. Valid names start with an upper-case ASCII letter ('A'..'Z') followed by any combination of upper- or lower-case ASCII letters ('A'..'Z', and 'a'..'z'), numerals ('0'..'9') and '_', with a length limit of 255 characters. (00:00.000 / 00:10.797, 2Gb)
Sushi:   File: /tmp/ig-builds/dk.ehealth.sundhed.fhir.ig.core#10.0.1-milestone/input/fsh/ehealth-devicemetric.fsh (00:00.001 / 00:10.798, 2Gb)
Sushi:   Line: 16 - 26                                                                               (00:00.000 / 00:10.799, 2Gb)
Sushi: warn  The name "ehealth-devicemetric-qualities" may not be suitable for machine processing applications such as code generation. Valid names start with an upper-case ASCII letter ('A'..'Z') followed by any combination of upper- or lower-case ASCII letters ('A'..'Z', and 'a'..'z'), numerals ('0'..'9') and '_', with a length limit of 255 characters. (00:00.194 / 00:10.994, 2Gb)
Sushi:   File: /tmp/ig-builds/dk.ehealth.sundhed.fhir.ig.core#10.0.1-milestone/input/fsh/ehealth-devicemetric.fsh (00:00.001 / 00:10.996, 2Gb)
Sushi:   Line: 28 - 38                                                                               (00:00.000 / 00:10.996, 2Gb)
Sushi: warn  The name "ehealth-devicemetric-qualityHistory" may not be suitable for machine processing applications such as code generation. Valid names start with an upper-case ASCII letter ('A'..'Z') followed by any combination of upper- or lower-case ASCII letters ('A'..'Z', and 'a'..'z'), numerals ('0'..'9') and '_', with a length limit of 255 characters. (00:00.077 / 00:11.074, 2Gb)
Sushi:   File: /tmp/ig-builds/dk.ehealth.sundhed.fhir.ig.core#10.0.1-milestone/input/fsh/ehealth-devicemetric.fsh (00:00.001 / 00:11.076, 2Gb)
Sushi:   Line: 40 - 53                                                                               (00:00.000 / 00:11.076, 2Gb)
Sushi: warn  The name "ehealth-devicemetric-templateQualities" may not be suitable for machine processing applications such as code generation. Valid names start with an upper-case ASCII letter ('A'..'Z') followed by any combination of upper- or lower-case ASCII letters ('A'..'Z', and 'a'..'z'), numerals ('0'..'9') and '_', with a length limit of 255 characters. (00:00.126 / 00:11.202, 2Gb)
Sushi:   File: /tmp/ig-builds/dk.ehealth.sundhed.fhir.ig.core#10.0.1-milestone/input/fsh/ehealth-devicemetric.fsh (00:00.001 / 00:11.204, 2Gb)
Sushi:   Line: 55 - 64                                                                               (00:00.000 / 00:11.204, 2Gb)
Sushi: warn  The name "ehealth-devicemetric-calibrationExpires" may not be suitable for machine processing applications such as code generation. Valid names start with an upper-case ASCII letter ('A'..'Z') followed by any combination of upper- or lower-case ASCII letters ('A'..'Z', and 'a'..'z'), numerals ('0'..'9') and '_', with a length limit of 255 characters. (00:00.084 / 00:11.289, 2Gb)
Sushi:   File: /tmp/ig-builds/dk.ehealth.sundhed.fhir.ig.core#10.0.1-milestone/input/fsh/ehealth-devicemetric.fsh (00:00.001 / 00:11.290, 2Gb)
Sushi:   Line: 66 - 70                                                                               (00:00.000 / 00:11.291, 2Gb)
Sushi: warn  The name "ehealth-deviceusestatement" may not be suitable for machine processing applications such as code generation. Valid names start with an upper-case ASCII letter ('A'..'Z') followed by any combination of upper- or lower-case ASCII letters ('A'..'Z', and 'a'..'z'), numerals ('0'..'9') and '_', with a length limit of 255 characters. (00:00.023 / 00:11.314, 2Gb)
Sushi:   File: /tmp/ig-builds/dk.ehealth.sundhed.fhir.ig.core#10.0.1-milestone/input/fsh/ehealth-deviceusestatement.fsh (00:00.001 / 00:11.315, 2Gb)
Sushi:   Line: 1 - 13                                                                                (00:00.000 / 00:11.316, 2Gb)
Sushi: warn  The name "ehealth-deviceusestatement-context" may not be suitable for machine processing applications such as code generation. Valid names start with an upper-case ASCII letter ('A'..'Z') followed by any combination of upper- or lower-case ASCII letters ('A'..'Z', and 'a'..'z'), numerals ('0'..'9') and '_', with a length limit of 255 characters. (00:00.000 / 00:11.317, 2Gb)
Sushi:   File: /tmp/ig-builds/dk.ehealth.sundhed.fhir.ig.core#10.0.1-milestone/input/fsh/ehealth-deviceusestatement.fsh (00:00.001 / 00:11.318, 2Gb)
Sushi:   Line: 15 - 21                                                                               (00:00.000 / 00:11.319, 2Gb)
Sushi: warn  The name "ehealth-documentreference" may not be suitable for machine processing applications such as code generation. Valid names start with an upper-case ASCII letter ('A'..'Z') followed by any combination of upper- or lower-case ASCII letters ('A'..'Z', and 'a'..'z'), numerals ('0'..'9') and '_', with a length limit of 255 characters. (00:00.063 / 00:11.382, 2Gb)
Sushi:   File: /tmp/ig-builds/dk.ehealth.sundhed.fhir.ig.core#10.0.1-milestone/input/fsh/ehealth-documentreference.fsh (00:00.001 / 00:11.383, 2Gb)
Sushi:   Line: 1 - 30                                                                                (00:00.000 / 00:11.384, 2Gb)
Sushi: warn  The name "ehealth-intendedOrganization" may not be suitable for machine processing applications such as code generation. Valid names start with an upper-case ASCII letter ('A'..'Z') followed by any combination of upper- or lower-case ASCII letters ('A'..'Z', and 'a'..'z'), numerals ('0'..'9') and '_', with a length limit of 255 characters. (00:00.056 / 00:11.440, 2Gb)
Sushi:   File: /tmp/ig-builds/dk.ehealth.sundhed.fhir.ig.core#10.0.1-milestone/input/fsh/ehealth-ext-intendedOrganization.fsh (00:00.001 / 00:11.442, 2Gb)
Sushi:   Line: 1 - 7                                                                                 (00:00.000 / 00:11.442, 2Gb)
Sushi: warn  The name "ehealth-artifact-date" may not be suitable for machine processing applications such as code generation. Valid names start with an upper-case ASCII letter ('A'..'Z') followed by any combination of upper- or lower-case ASCII letters ('A'..'Z', and 'a'..'z'), numerals ('0'..'9') and '_', with a length limit of 255 characters. (00:00.021 / 00:11.464, 2Gb)
Sushi:   File: /tmp/ig-builds/dk.ehealth.sundhed.fhir.ig.core#10.0.1-milestone/input/fsh/ehealth-ext-artifact-date.fsh (00:00.001 / 00:11.465, 2Gb)
Sushi:   Line: 1 - 6                                                                                 (00:00.000 / 00:11.465, 2Gb)
Sushi: warn  The name "ehealth-usage" may not be suitable for machine processing applications such as code generation. Valid names start with an upper-case ASCII letter ('A'..'Z') followed by any combination of upper- or lower-case ASCII letters ('A'..'Z', and 'a'..'z'), numerals ('0'..'9') and '_', with a length limit of 255 characters. (00:00.023 / 00:11.489, 2Gb)
Sushi:   File: /tmp/ig-builds/dk.ehealth.sundhed.fhir.ig.core#10.0.1-milestone/input/fsh/ehealth-ext-usage.fsh (00:00.001 / 00:11.491, 2Gb)
Sushi:   Line: 1 - 5                                                                                 (00:00.000 / 00:11.491, 2Gb)
Sushi: warn  The name "ehealth-endpoint" may not be suitable for machine processing applications such as code generation. Valid names start with an upper-case ASCII letter ('A'..'Z') followed by any combination of upper- or lower-case ASCII letters ('A'..'Z', and 'a'..'z'), numerals ('0'..'9') and '_', with a length limit of 255 characters. (00:00.041 / 00:11.533, 2Gb)
Sushi:   File: /tmp/ig-builds/dk.ehealth.sundhed.fhir.ig.core#10.0.1-milestone/input/fsh/ehealth-endpoint.fsh (00:00.001 / 00:11.534, 2Gb)
Sushi:   Line: 1 - 7                                                                                 (00:00.000 / 00:11.535, 2Gb)
Sushi: warn  The name "ehealth-episodeofcare" may not be suitable for machine processing applications such as code generation. Valid names start with an upper-case ASCII letter ('A'..'Z') followed by any combination of upper- or lower-case ASCII letters ('A'..'Z', and 'a'..'z'), numerals ('0'..'9') and '_', with a length limit of 255 characters. (00:00.005 / 00:11.540, 2Gb)
Sushi:   File: /tmp/ig-builds/dk.ehealth.sundhed.fhir.ig.core#10.0.1-milestone/input/fsh/ehealth-episodeofcare.fsh (00:00.001 / 00:11.541, 2Gb)
Sushi:   Line: 1 - 23                                                                                (00:00.000 / 00:11.541, 2Gb)
Sushi: warn  The name "ehealth-episodeofcare-caremanagerOrganization" may not be suitable for machine processing applications such as code generation. Valid names start with an upper-case ASCII letter ('A'..'Z') followed by any combination of upper- or lower-case ASCII letters ('A'..'Z', and 'a'..'z'), numerals ('0'..'9') and '_', with a length limit of 255 characters. (00:00.000 / 00:11.542, 2Gb)
Sushi:   File: /tmp/ig-builds/dk.ehealth.sundhed.fhir.ig.core#10.0.1-milestone/input/fsh/ehealth-episodeofcare.fsh (00:00.001 / 00:11.543, 2Gb)
Sushi:   Line: 25 - 31                                                                               (00:00.000 / 00:11.544, 2Gb)
Sushi: warn  The name "ehealth-episodeofcare-statusschedule" may not be suitable for machine processing applications such as code generation. Valid names start with an upper-case ASCII letter ('A'..'Z') followed by any combination of upper- or lower-case ASCII letters ('A'..'Z', and 'a'..'z'), numerals ('0'..'9') and '_', with a length limit of 255 characters. (00:00.026 / 00:11.570, 2Gb)
Sushi:   File: /tmp/ig-builds/dk.ehealth.sundhed.fhir.ig.core#10.0.1-milestone/input/fsh/ehealth-episodeofcare.fsh (00:00.001 / 00:11.571, 2Gb)
Sushi:   Line: 33 - 43                                                                               (00:00.000 / 00:11.571, 2Gb)
Sushi: warn  The name "ehealth-managing-organization" may not be suitable for machine processing applications such as code generation. Valid names start with an upper-case ASCII letter ('A'..'Z') followed by any combination of upper- or lower-case ASCII letters ('A'..'Z', and 'a'..'z'), numerals ('0'..'9') and '_', with a length limit of 255 characters. (00:00.032 / 00:11.604, 2Gb)
Sushi:   File: /tmp/ig-builds/dk.ehealth.sundhed.fhir.ig.core#10.0.1-milestone/input/fsh/ehealth-episodeofcare.fsh (00:00.001 / 00:11.605, 2Gb)
Sushi:   Line: 45 - 59                                                                               (00:00.000 / 00:11.606, 2Gb)
Sushi: warn  The name "ehealth-goal" may not be suitable for machine processing applications such as code generation. Valid names start with an upper-case ASCII letter ('A'..'Z') followed by any combination of upper- or lower-case ASCII letters ('A'..'Z', and 'a'..'z'), numerals ('0'..'9') and '_', with a length limit of 255 characters. (00:00.094 / 00:11.700, 2Gb)
Sushi:   File: /tmp/ig-builds/dk.ehealth.sundhed.fhir.ig.core#10.0.1-milestone/input/fsh/ehealth-goal.fsh (00:00.001 / 00:11.702, 2Gb)
Sushi:   Line: 1 - 13                                                                                (00:00.000 / 00:11.702, 2Gb)
Sushi: warn  The name "ehealth-group-appointment" may not be suitable for machine processing applications such as code generation. Valid names start with an upper-case ASCII letter ('A'..'Z') followed by any combination of upper- or lower-case ASCII letters ('A'..'Z', and 'a'..'z'), numerals ('0'..'9') and '_', with a length limit of 255 characters. (00:00.049 / 00:11.751, 2Gb)
Sushi:   File: /tmp/ig-builds/dk.ehealth.sundhed.fhir.ig.core#10.0.1-milestone/input/fsh/ehealth-group-appointment.fsh (00:00.001 / 00:11.752, 2Gb)
Sushi:   Line: 1 - 34                                                                                (00:00.000 / 00:11.753, 2Gb)
Sushi: warn  The name "ehealth-creator" may not be suitable for machine processing applications such as code generation. Valid names start with an upper-case ASCII letter ('A'..'Z') followed by any combination of upper- or lower-case ASCII letters ('A'..'Z', and 'a'..'z'), numerals ('0'..'9') and '_', with a length limit of 255 characters. (00:00.005 / 00:11.758, 2Gb)
Sushi:   File: /tmp/ig-builds/dk.ehealth.sundhed.fhir.ig.core#10.0.1-milestone/input/fsh/ehealth-ext-creator.fsh (00:00.001 / 00:11.759, 2Gb)
Sushi:   Line: 1 - 6                                                                                 (00:00.000 / 00:11.760, 2Gb)
Sushi: warn  The name "ehealth-registration-deadline" may not be suitable for machine processing applications such as code generation. Valid names start with an upper-case ASCII letter ('A'..'Z') followed by any combination of upper- or lower-case ASCII letters ('A'..'Z', and 'a'..'z'), numerals ('0'..'9') and '_', with a length limit of 255 characters. (00:00.020 / 00:11.781, 2Gb)
Sushi:   File: /tmp/ig-builds/dk.ehealth.sundhed.fhir.ig.core#10.0.1-milestone/input/fsh/ehealth-ext-registration-deadline.fsh (00:00.001 / 00:11.782, 2Gb)
Sushi:   Line: 1 - 5                                                                                 (00:00.000 / 00:11.783, 2Gb)
Sushi: warn  The name "ehealth-assigning-careteam" may not be suitable for machine processing applications such as code generation. Valid names start with an upper-case ASCII letter ('A'..'Z') followed by any combination of upper- or lower-case ASCII letters ('A'..'Z', and 'a'..'z'), numerals ('0'..'9') and '_', with a length limit of 255 characters. (00:00.046 / 00:11.829, 2Gb)
Sushi:   File: /tmp/ig-builds/dk.ehealth.sundhed.fhir.ig.core#10.0.1-milestone/input/fsh/ehealth-ext-assigning-careteam.fsh (00:00.001 / 00:11.830, 2Gb)
Sushi:   Line: 1 - 5                                                                                 (00:00.000 / 00:11.831, 2Gb)
Sushi: warn  The name "ehealth-group-videoappointment" may not be suitable for machine processing applications such as code generation. Valid names start with an upper-case ASCII letter ('A'..'Z') followed by any combination of upper- or lower-case ASCII letters ('A'..'Z', and 'a'..'z'), numerals ('0'..'9') and '_', with a length limit of 255 characters. (00:00.038 / 00:11.870, 2Gb)
Sushi:   File: /tmp/ig-builds/dk.ehealth.sundhed.fhir.ig.core#10.0.1-milestone/input/fsh/ehealth-group-videoappointment.fsh (00:00.001 / 00:11.871, 2Gb)
Sushi:   Line: 1 - 43                                                                                (00:00.000 / 00:11.871, 2Gb)
Sushi: warn  The name "ehealth-end-meeting-on-end-time" may not be suitable for machine processing applications such as code generation. Valid names start with an upper-case ASCII letter ('A'..'Z') followed by any combination of upper- or lower-case ASCII letters ('A'..'Z', and 'a'..'z'), numerals ('0'..'9') and '_', with a length limit of 255 characters. (00:00.000 / 00:11.872, 2Gb)
Sushi:   File: /tmp/ig-builds/dk.ehealth.sundhed.fhir.ig.core#10.0.1-milestone/input/fsh/ehealth-ext-end-meeting-on-end-time.fsh (00:00.001 / 00:11.873, 2Gb)
Sushi:   Line: 1 - 5                                                                                 (00:00.000 / 00:11.874, 2Gb)
Sushi: warn  The name "ehealth-max-participants" may not be suitable for machine processing applications such as code generation. Valid names start with an upper-case ASCII letter ('A'..'Z') followed by any combination of upper- or lower-case ASCII letters ('A'..'Z', and 'a'..'z'), numerals ('0'..'9') and '_', with a length limit of 255 characters. (00:00.013 / 00:11.888, 2Gb)
Sushi:   File: /tmp/ig-builds/dk.ehealth.sundhed.fhir.ig.core#10.0.1-milestone/input/fsh/ehealth-ext-max-participants.fsh (00:00.001 / 00:11.889, 2Gb)
Sushi:   Line: 1 - 5                                                                                 (00:00.000 / 00:11.889, 2Gb)
Sushi: warn  The name "ehealth-meeting-url" may not be suitable for machine processing applications such as code generation. Valid names start with an upper-case ASCII letter ('A'..'Z') followed by any combination of upper- or lower-case ASCII letters ('A'..'Z', and 'a'..'z'), numerals ('0'..'9') and '_', with a length limit of 255 characters. (00:00.021 / 00:11.911, 2Gb)
Sushi:   File: /tmp/ig-builds/dk.ehealth.sundhed.fhir.ig.core#10.0.1-milestone/input/fsh/ehealth-ext-meeting-url.fsh (00:00.001 / 00:11.912, 2Gb)
Sushi:   Line: 1 - 5                                                                                 (00:00.000 / 00:11.913, 2Gb)
Sushi: warn  The name "ehealth-vmr-uri" may not be suitable for machine processing applications such as code generation. Valid names start with an upper-case ASCII letter ('A'..'Z') followed by any combination of upper- or lower-case ASCII letters ('A'..'Z', and 'a'..'z'), numerals ('0'..'9') and '_', with a length limit of 255 characters. (00:00.027 / 00:11.940, 2Gb)
Sushi:   File: /tmp/ig-builds/dk.ehealth.sundhed.fhir.ig.core#10.0.1-milestone/input/fsh/ehealth-ext-vmr-uri.fsh (00:00.001 / 00:11.941, 2Gb)
Sushi:   Line: 1 - 5                                                                                 (00:00.000 / 00:11.941, 2Gb)
Sushi: warn  The name "ehealth-guest-pin-code" may not be suitable for machine processing applications such as code generation. Valid names start with an upper-case ASCII letter ('A'..'Z') followed by any combination of upper- or lower-case ASCII letters ('A'..'Z', and 'a'..'z'), numerals ('0'..'9') and '_', with a length limit of 255 characters. (00:00.027 / 00:11.969, 2Gb)
Sushi:   File: /tmp/ig-builds/dk.ehealth.sundhed.fhir.ig.core#10.0.1-milestone/input/fsh/ehealth-ext-guest-pin-code.fsh (00:00.001 / 00:11.970, 2Gb)
Sushi:   Line: 1 - 5                                                                                 (00:00.000 / 00:11.971, 2Gb)
Sushi: warn  The name "ehealth-host-pin-code" may not be suitable for machine processing applications such as code generation. Valid names start with an upper-case ASCII letter ('A'..'Z') followed by any combination of upper- or lower-case ASCII letters ('A'..'Z', and 'a'..'z'), numerals ('0'..'9') and '_', with a length limit of 255 characters. (00:00.025 / 00:11.996, 2Gb)
Sushi:   File: /tmp/ig-builds/dk.ehealth.sundhed.fhir.ig.core#10.0.1-milestone/input/fsh/ehealth-ext-host-pin-code.fsh (00:00.001 / 00:11.998, 2Gb)
Sushi:   Line: 1 - 5                                                                                 (00:00.000 / 00:11.998, 2Gb)
Sushi: warn  The name "ehealth-guidanceresponse" may not be suitable for machine processing applications such as code generation. Valid names start with an upper-case ASCII letter ('A'..'Z') followed by any combination of upper- or lower-case ASCII letters ('A'..'Z', and 'a'..'z'), numerals ('0'..'9') and '_', with a length limit of 255 characters. (00:00.091 / 00:12.089, 2Gb)
Sushi:   File: /tmp/ig-builds/dk.ehealth.sundhed.fhir.ig.core#10.0.1-milestone/input/fsh/ehealth-guidanceresponse.fsh (00:00.001 / 00:12.091, 2Gb)
Sushi:   Line: 1 - 15                                                                                (00:00.000 / 00:12.091, 2Gb)
Sushi: warn  The name "ehealth-guidanceresponse-episodeOfCare" may not be suitable for machine processing applications such as code generation. Valid names start with an upper-case ASCII letter ('A'..'Z') followed by any combination of upper- or lower-case ASCII letters ('A'..'Z', and 'a'..'z'), numerals ('0'..'9') and '_', with a length limit of 255 characters. (00:00.000 / 00:12.092, 2Gb)
Sushi:   File: /tmp/ig-builds/dk.ehealth.sundhed.fhir.ig.core#10.0.1-milestone/input/fsh/ehealth-guidanceresponse.fsh (00:00.001 / 00:12.093, 2Gb)
Sushi:   Line: 17 - 22                                                                               (00:00.000 / 00:12.093, 2Gb)
Sushi: warn  The name "ehealth-library" may not be suitable for machine processing applications such as code generation. Valid names start with an upper-case ASCII letter ('A'..'Z') followed by any combination of upper- or lower-case ASCII letters ('A'..'Z', and 'a'..'z'), numerals ('0'..'9') and '_', with a length limit of 255 characters. (00:00.074 / 00:12.168, 2Gb)
Sushi:   File: /tmp/ig-builds/dk.ehealth.sundhed.fhir.ig.core#10.0.1-milestone/input/fsh/ehealth-library.fsh (00:00.001 / 00:12.169, 2Gb)
Sushi:   Line: 1 - 12                                                                                (00:00.000 / 00:12.170, 2Gb)
Sushi: warn  The name "ehealth-revision" may not be suitable for machine processing applications such as code generation. Valid names start with an upper-case ASCII letter ('A'..'Z') followed by any combination of upper- or lower-case ASCII letters ('A'..'Z', and 'a'..'z'), numerals ('0'..'9') and '_', with a length limit of 255 characters. (00:00.001 / 00:12.172, 2Gb)
Sushi:   File: /tmp/ig-builds/dk.ehealth.sundhed.fhir.ig.core#10.0.1-milestone/input/fsh/ehealth-ext-revision.fsh (00:00.001 / 00:12.173, 2Gb)
Sushi:   Line: 1 - 6                                                                                 (00:00.000 / 00:12.173, 2Gb)
Sushi: warn  The name "ehealth-aggregation-mode" may not be suitable for machine processing applications such as code generation. Valid names start with an upper-case ASCII letter ('A'..'Z') followed by any combination of upper- or lower-case ASCII letters ('A'..'Z', and 'a'..'z'), numerals ('0'..'9') and '_', with a length limit of 255 characters. (00:00.026 / 00:12.200, 2Gb)
Sushi:   File: /tmp/ig-builds/dk.ehealth.sundhed.fhir.ig.core#10.0.1-milestone/input/fsh/ehealth-ext-aggregation-mode.fsh (00:00.001 / 00:12.201, 2Gb)
Sushi:   Line: 1 - 7                                                                                 (00:00.000 / 00:12.202, 2Gb)
Sushi: warn  The name "ehealth-material-communication" may not be suitable for machine processing applications such as code generation. Valid names start with an upper-case ASCII letter ('A'..'Z') followed by any combination of upper- or lower-case ASCII letters ('A'..'Z', and 'a'..'z'), numerals ('0'..'9') and '_', with a length limit of 255 characters. (00:00.040 / 00:12.242, 2Gb)
Sushi:   File: /tmp/ig-builds/dk.ehealth.sundhed.fhir.ig.core#10.0.1-milestone/input/fsh/ehealth-material-communication.fsh (00:00.001 / 00:12.243, 2Gb)
Sushi:   Line: 1 - 21                                                                                (00:00.000 / 00:12.244, 2Gb)
Sushi: warn  The name "ehealth-period" may not be suitable for machine processing applications such as code generation. Valid names start with an upper-case ASCII letter ('A'..'Z') followed by any combination of upper- or lower-case ASCII letters ('A'..'Z', and 'a'..'z'), numerals ('0'..'9') and '_', with a length limit of 255 characters. (00:00.024 / 00:12.268, 2Gb)
Sushi:   File: /tmp/ig-builds/dk.ehealth.sundhed.fhir.ig.core#10.0.1-milestone/input/fsh/ehealth-ext-period.fsh (00:00.001 / 00:12.269, 2Gb)
Sushi:   Line: 1 - 6                                                                                 (00:00.000 / 00:12.270, 2Gb)
Sushi: warn  The name "ehealth-media" may not be suitable for machine processing applications such as code generation. Valid names start with an upper-case ASCII letter ('A'..'Z') followed by any combination of upper- or lower-case ASCII letters ('A'..'Z', and 'a'..'z'), numerals ('0'..'9') and '_', with a length limit of 255 characters. (00:00.063 / 00:12.334, 2Gb)
Sushi:   File: /tmp/ig-builds/dk.ehealth.sundhed.fhir.ig.core#10.0.1-milestone/input/fsh/ehealth-media.fsh (00:00.001 / 00:12.335, 2Gb)
Sushi:   Line: 1 - 33                                                                                (00:00.000 / 00:12.335, 2Gb)
Sushi: warn  The name "ehealth-resolved-timing" may not be suitable for machine processing applications such as code generation. Valid names start with an upper-case ASCII letter ('A'..'Z') followed by any combination of upper- or lower-case ASCII letters ('A'..'Z', and 'a'..'z'), numerals ('0'..'9') and '_', with a length limit of 255 characters. (00:00.009 / 00:12.345, 2Gb)
Sushi:   File: /tmp/ig-builds/dk.ehealth.sundhed.fhir.ig.core#10.0.1-milestone/input/fsh/ehealth-ext-resolved-timing.fsh (00:00.001 / 00:12.346, 2Gb)
Sushi:   Line: 1 - 18                                                                                (00:00.000 / 00:12.347, 2Gb)
Sushi: warn  The name "ehealth-media-thumbnail" may not be suitable for machine processing applications such as code generation. Valid names start with an upper-case ASCII letter ('A'..'Z') followed by any combination of upper- or lower-case ASCII letters ('A'..'Z', and 'a'..'z'), numerals ('0'..'9') and '_', with a length limit of 255 characters. (00:00.064 / 00:12.412, 2Gb)
Sushi:   File: /tmp/ig-builds/dk.ehealth.sundhed.fhir.ig.core#10.0.1-milestone/input/fsh/ehealth-media.fsh (00:00.001 / 00:12.413, 2Gb)
Sushi:   Line: 55 - 76                                                                               (00:00.000 / 00:12.414, 2Gb)
Sushi: warn  The name "ehealth-media-usage-mode" may not be suitable for machine processing applications such as code generation. Valid names start with an upper-case ASCII letter ('A'..'Z') followed by any combination of upper- or lower-case ASCII letters ('A'..'Z', and 'a'..'z'), numerals ('0'..'9') and '_', with a length limit of 255 characters. (00:00.126 / 00:12.541, 2Gb)
Sushi:   File: /tmp/ig-builds/dk.ehealth.sundhed.fhir.ig.core#10.0.1-milestone/input/fsh/ehealth-media.fsh (00:00.001 / 00:12.542, 2Gb)
Sushi:   Line: 35 - 40                                                                               (00:00.000 / 00:12.542, 2Gb)
Sushi: warn  The name "ehealth-media-related-to" may not be suitable for machine processing applications such as code generation. Valid names start with an upper-case ASCII letter ('A'..'Z') followed by any combination of upper- or lower-case ASCII letters ('A'..'Z', and 'a'..'z'), numerals ('0'..'9') and '_', with a length limit of 255 characters. (00:00.011 / 00:12.554, 2Gb)
Sushi:   File: /tmp/ig-builds/dk.ehealth.sundhed.fhir.ig.core#10.0.1-milestone/input/fsh/ehealth-media.fsh (00:00.001 / 00:12.555, 2Gb)
Sushi:   Line: 42 - 47                                                                               (00:00.000 / 00:12.555, 2Gb)
Sushi: warn  The name "ehealth-media-series-id" may not be suitable for machine processing applications such as code generation. Valid names start with an upper-case ASCII letter ('A'..'Z') followed by any combination of upper- or lower-case ASCII letters ('A'..'Z', and 'a'..'z'), numerals ('0'..'9') and '_', with a length limit of 255 characters. (00:00.011 / 00:12.567, 2Gb)
Sushi:   File: /tmp/ig-builds/dk.ehealth.sundhed.fhir.ig.core#10.0.1-milestone/input/fsh/ehealth-media.fsh (00:00.001 / 00:12.568, 2Gb)
Sushi:   Line: 49 - 53                                                                               (00:00.000 / 00:12.569, 2Gb)
Sushi: warn  The name "ehealth-message" may not be suitable for machine processing applications such as code generation. Valid names start with an upper-case ASCII letter ('A'..'Z') followed by any combination of upper- or lower-case ASCII letters ('A'..'Z', and 'a'..'z'), numerals ('0'..'9') and '_', with a length limit of 255 characters. (00:00.083 / 00:12.652, 2Gb)
Sushi:   File: /tmp/ig-builds/dk.ehealth.sundhed.fhir.ig.core#10.0.1-milestone/input/fsh/ehealth-message.fsh (00:00.001 / 00:12.653, 2Gb)
Sushi:   Line: 1 - 59                                                                                (00:00.000 / 00:12.654, 2Gb)
Sushi: warn  The name "ehealth-thread-id" may not be suitable for machine processing applications such as code generation. Valid names start with an upper-case ASCII letter ('A'..'Z') followed by any combination of upper- or lower-case ASCII letters ('A'..'Z', and 'a'..'z'), numerals ('0'..'9') and '_', with a length limit of 255 characters. (00:00.008 / 00:12.662, 2Gb)
Sushi:   File: /tmp/ig-builds/dk.ehealth.sundhed.fhir.ig.core#10.0.1-milestone/input/fsh/ehealth-message.fsh (00:00.001 / 00:12.663, 2Gb)
Sushi:   Line: 61 - 65                                                                               (00:00.000 / 00:12.664, 2Gb)
Sushi: warn  The name "ehealth-title" may not be suitable for machine processing applications such as code generation. Valid names start with an upper-case ASCII letter ('A'..'Z') followed by any combination of upper- or lower-case ASCII letters ('A'..'Z', and 'a'..'z'), numerals ('0'..'9') and '_', with a length limit of 255 characters. (00:00.025 / 00:12.689, 2Gb)
Sushi:   File: /tmp/ig-builds/dk.ehealth.sundhed.fhir.ig.core#10.0.1-milestone/input/fsh/ehealth-message.fsh (00:00.001 / 00:12.690, 2Gb)
Sushi:   Line: 75 - 79                                                                               (00:00.000 / 00:12.691, 2Gb)
Sushi: warn  The name "ehealth-priority" may not be suitable for machine processing applications such as code generation. Valid names start with an upper-case ASCII letter ('A'..'Z') followed by any combination of upper- or lower-case ASCII letters ('A'..'Z', and 'a'..'z'), numerals ('0'..'9') and '_', with a length limit of 255 characters. (00:00.024 / 00:12.716, 2Gb)
Sushi:   File: /tmp/ig-builds/dk.ehealth.sundhed.fhir.ig.core#10.0.1-milestone/input/fsh/ehealth-message.fsh (00:00.001 / 00:12.717, 2Gb)
Sushi:   Line: 81 - 86                                                                               (00:00.000 / 00:12.717, 2Gb)
Sushi: warn  The name "ehealth-on-behalf-of" may not be suitable for machine processing applications such as code generation. Valid names start with an upper-case ASCII letter ('A'..'Z') followed by any combination of upper- or lower-case ASCII letters ('A'..'Z', and 'a'..'z'), numerals ('0'..'9') and '_', with a length limit of 255 characters. (00:00.022 / 00:12.740, 2Gb)
Sushi:   File: /tmp/ig-builds/dk.ehealth.sundhed.fhir.ig.core#10.0.1-milestone/input/fsh/ehealth-message.fsh (00:00.001 / 00:12.741, 2Gb)
Sushi:   Line: 88 - 94                                                                               (00:00.000 / 00:12.741, 2Gb)
Sushi: warn  The name "ehealth-message-author" may not be suitable for machine processing applications such as code generation. Valid names start with an upper-case ASCII letter ('A'..'Z') followed by any combination of upper- or lower-case ASCII letters ('A'..'Z', and 'a'..'z'), numerals ('0'..'9') and '_', with a length limit of 255 characters. (00:00.018 / 00:12.760, 2Gb)
Sushi:   File: /tmp/ig-builds/dk.ehealth.sundhed.fhir.ig.core#10.0.1-milestone/input/fsh/ehealth-ext-message-author.fsh (00:00.001 / 00:12.761, 2Gb)
Sushi:   Line: 1 - 7                                                                                 (00:00.000 / 00:12.761, 2Gb)
Sushi: warn  The name "ehealth-observation" may not be suitable for machine processing applications such as code generation. Valid names start with an upper-case ASCII letter ('A'..'Z') followed by any combination of upper- or lower-case ASCII letters ('A'..'Z', and 'a'..'z'), numerals ('0'..'9') and '_', with a length limit of 255 characters. (00:00.135 / 00:12.897, 2Gb)
Sushi:   File: /tmp/ig-builds/dk.ehealth.sundhed.fhir.ig.core#10.0.1-milestone/input/fsh/ehealth-observation.fsh (00:00.001 / 00:12.898, 2Gb)
Sushi:   Line: 1 - 27                                                                                (00:00.000 / 00:12.899, 2Gb)
Sushi: warn  The name "ehealth-observation-wound-dimensions" may not be suitable for machine processing applications such as code generation. Valid names start with an upper-case ASCII letter ('A'..'Z') followed by any combination of upper- or lower-case ASCII letters ('A'..'Z', and 'a'..'z'), numerals ('0'..'9') and '_', with a length limit of 255 characters. (00:00.075 / 00:12.974, 2Gb)
Sushi:   File: /tmp/ig-builds/dk.ehealth.sundhed.fhir.ig.core#10.0.1-milestone/input/fsh/ehealth-observation-wound-dimensions.fsh (00:00.001 / 00:12.975, 2Gb)
Sushi:   Line: 1 - 42                                                                                (00:00.000 / 00:12.976, 2Gb)
Sushi: warn  The name "ehealth-observation-method" may not be suitable for machine processing applications such as code generation. Valid names start with an upper-case ASCII letter ('A'..'Z') followed by any combination of upper- or lower-case ASCII letters ('A'..'Z', and 'a'..'z'), numerals ('0'..'9') and '_', with a length limit of 255 characters. (00:00.009 / 00:12.985, 2Gb)
Sushi:   File: /tmp/ig-builds/dk.ehealth.sundhed.fhir.ig.core#10.0.1-milestone/input/fsh/ehealth-observation-wound-dimensions.fsh (00:00.001 / 00:12.986, 2Gb)
Sushi:   Line: 44 - 49                                                                               (00:00.000 / 00:12.987, 2Gb)
Sushi: warn  The name "ehealth-organization" may not be suitable for machine processing applications such as code generation. Valid names start with an upper-case ASCII letter ('A'..'Z') followed by any combination of upper- or lower-case ASCII letters ('A'..'Z', and 'a'..'z'), numerals ('0'..'9') and '_', with a length limit of 255 characters. (00:00.134 / 00:13.121, 2Gb)
Sushi:   File: /tmp/ig-builds/dk.ehealth.sundhed.fhir.ig.core#10.0.1-milestone/input/fsh/ehealth-organization.fsh (00:00.001 / 00:13.122, 2Gb)
Sushi:   Line: 1 - 30                                                                                (00:00.000 / 00:13.123, 2Gb)
Sushi: warn  The name "ehealth-organization-cvrNumber" may not be suitable for machine processing applications such as code generation. Valid names start with an upper-case ASCII letter ('A'..'Z') followed by any combination of upper- or lower-case ASCII letters ('A'..'Z', and 'a'..'z'), numerals ('0'..'9') and '_', with a length limit of 255 characters. (00:00.000 / 00:13.123, 2Gb)
Sushi:   File: /tmp/ig-builds/dk.ehealth.sundhed.fhir.ig.core#10.0.1-milestone/input/fsh/ehealth-organization.fsh (00:00.001 / 00:13.125, 2Gb)
Sushi:   Line: 49 - 54                                                                               (00:00.000 / 00:13.125, 2Gb)
Sushi: warn  The name "ehealth-organization-regionCode" may not be suitable for machine processing applications such as code generation. Valid names start with an upper-case ASCII letter ('A'..'Z') followed by any combination of upper- or lower-case ASCII letters ('A'..'Z', and 'a'..'z'), numerals ('0'..'9') and '_', with a length limit of 255 characters. (00:00.024 / 00:13.150, 2Gb)
Sushi:   File: /tmp/ig-builds/dk.ehealth.sundhed.fhir.ig.core#10.0.1-milestone/input/fsh/ehealth-organization.fsh (00:00.001 / 00:13.151, 2Gb)
Sushi:   Line: 64 - 69                                                                               (00:00.000 / 00:13.152, 2Gb)
Sushi: warn  The name "ehealth-organization-municipalityCode" may not be suitable for machine processing applications such as code generation. Valid names start with an upper-case ASCII letter ('A'..'Z') followed by any combination of upper- or lower-case ASCII letters ('A'..'Z', and 'a'..'z'), numerals ('0'..'9') and '_', with a length limit of 255 characters. (00:00.028 / 00:13.180, 2Gb)
Sushi:   File: /tmp/ig-builds/dk.ehealth.sundhed.fhir.ig.core#10.0.1-milestone/input/fsh/ehealth-organization.fsh (00:00.001 / 00:13.182, 2Gb)
Sushi:   Line: 71 - 75                                                                               (00:00.000 / 00:13.182, 2Gb)
Sushi: warn  The name "ehealth-organization-source" may not be suitable for machine processing applications such as code generation. Valid names start with an upper-case ASCII letter ('A'..'Z') followed by any combination of upper- or lower-case ASCII letters ('A'..'Z', and 'a'..'z'), numerals ('0'..'9') and '_', with a length limit of 255 characters. (00:00.024 / 00:13.207, 2Gb)
Sushi:   File: /tmp/ig-builds/dk.ehealth.sundhed.fhir.ig.core#10.0.1-milestone/input/fsh/ehealth-organization.fsh (00:00.001 / 00:13.208, 2Gb)
Sushi:   Line: 84 - 90                                                                               (00:00.000 / 00:13.209, 2Gb)
Sushi: warn  The name "ehealth-organization-synchronizationStatus" may not be suitable for machine processing applications such as code generation. Valid names start with an upper-case ASCII letter ('A'..'Z') followed by any combination of upper- or lower-case ASCII letters ('A'..'Z', and 'a'..'z'), numerals ('0'..'9') and '_', with a length limit of 255 characters. (00:00.034 / 00:13.243, 2Gb)
Sushi:   File: /tmp/ig-builds/dk.ehealth.sundhed.fhir.ig.core#10.0.1-milestone/input/fsh/ehealth-organization.fsh (00:00.001 / 00:13.244, 2Gb)
Sushi:   Line: 108 - 114                                                                             (00:00.000 / 00:13.245, 2Gb)
Sushi: warn  The name "ehealth-organization-providerIdentifier" may not be suitable for machine processing applications such as code generation. Valid names start with an upper-case ASCII letter ('A'..'Z') followed by any combination of upper- or lower-case ASCII letters ('A'..'Z', and 'a'..'z'), numerals ('0'..'9') and '_', with a length limit of 255 characters. (00:00.034 / 00:13.279, 2Gb)
Sushi:   File: /tmp/ig-builds/dk.ehealth.sundhed.fhir.ig.core#10.0.1-milestone/input/fsh/ehealth-organization.fsh (00:00.001 / 00:13.280, 2Gb)
Sushi:   Line: 77 - 82                                                                               (00:00.000 / 00:13.281, 2Gb)
Sushi: warn  The name "ehealth-organization-specialty" may not be suitable for machine processing applications such as code generation. Valid names start with an upper-case ASCII letter ('A'..'Z') followed by any combination of upper- or lower-case ASCII letters ('A'..'Z', and 'a'..'z'), numerals ('0'..'9') and '_', with a length limit of 255 characters. (00:00.025 / 00:13.306, 2Gb)
Sushi:   File: /tmp/ig-builds/dk.ehealth.sundhed.fhir.ig.core#10.0.1-milestone/input/fsh/ehealth-organization.fsh (00:00.001 / 00:13.307, 2Gb)
Sushi:   Line: 116 - 131                                                                             (00:00.000 / 00:13.308, 2Gb)
Sushi: warn  The name "ehealth-organization-relatedTo" may not be suitable for machine processing applications such as code generation. Valid names start with an upper-case ASCII letter ('A'..'Z') followed by any combination of upper- or lower-case ASCII letters ('A'..'Z', and 'a'..'z'), numerals ('0'..'9') and '_', with a length limit of 255 characters. (00:00.063 / 00:13.371, 2Gb)
Sushi:   File: /tmp/ig-builds/dk.ehealth.sundhed.fhir.ig.core#10.0.1-milestone/input/fsh/ehealth-organization.fsh (00:00.001 / 00:13.372, 2Gb)
Sushi:   Line: 33 - 47                                                                               (00:00.000 / 00:13.372, 2Gb)
Sushi: warn  The name "ehealth-organization-telecomValue" may not be suitable for machine processing applications such as code generation. Valid names start with an upper-case ASCII letter ('A'..'Z') followed by any combination of upper- or lower-case ASCII letters ('A'..'Z', and 'a'..'z'), numerals ('0'..'9') and '_', with a length limit of 255 characters. (00:00.087 / 00:13.460, 2Gb)
Sushi:   File: /tmp/ig-builds/dk.ehealth.sundhed.fhir.ig.core#10.0.1-milestone/input/fsh/ehealth-organization.fsh (00:00.001 / 00:13.462, 2Gb)
Sushi:   Line: 56 - 61                                                                               (00:00.000 / 00:13.462, 2Gb)
Sushi: warn  The name "ehealth-organization-telecomSystem" may not be suitable for machine processing applications such as code generation. Valid names start with an upper-case ASCII letter ('A'..'Z') followed by any combination of upper- or lower-case ASCII letters ('A'..'Z', and 'a'..'z'), numerals ('0'..'9') and '_', with a length limit of 255 characters. (00:00.024 / 00:13.487, 2Gb)
Sushi:   File: /tmp/ig-builds/dk.ehealth.sundhed.fhir.ig.core#10.0.1-milestone/input/fsh/ehealth-organization.fsh (00:00.001 / 00:13.488, 2Gb)
Sushi:   Line: 92 - 98                                                                               (00:00.000 / 00:13.489, 2Gb)
Sushi: warn  The name "ehealth-organization-telecomCustodian" may not be suitable for machine processing applications such as code generation. Valid names start with an upper-case ASCII letter ('A'..'Z') followed by any combination of upper- or lower-case ASCII letters ('A'..'Z', and 'a'..'z'), numerals ('0'..'9') and '_', with a length limit of 255 characters. (00:00.034 / 00:13.523, 2Gb)
Sushi:   File: /tmp/ig-builds/dk.ehealth.sundhed.fhir.ig.core#10.0.1-milestone/input/fsh/ehealth-organization.fsh (00:00.001 / 00:13.525, 2Gb)
Sushi:   Line: 100 - 106                                                                             (00:00.000 / 00:13.526, 2Gb)
Sushi: warn  The name "ehealth-patient" may not be suitable for machine processing applications such as code generation. Valid names start with an upper-case ASCII letter ('A'..'Z') followed by any combination of upper- or lower-case ASCII letters ('A'..'Z', and 'a'..'z'), numerals ('0'..'9') and '_', with a length limit of 255 characters. (00:00.053 / 00:13.580, 2Gb)
Sushi:   File: /tmp/ig-builds/dk.ehealth.sundhed.fhir.ig.core#10.0.1-milestone/input/fsh/ehealth-patient.fsh (00:00.001 / 00:13.581, 2Gb)
Sushi:   Line: 1 - 52                                                                                (00:00.000 / 00:13.582, 2Gb)
Sushi: warn  The name "ehealth-itcompetencelevel" may not be suitable for machine processing applications such as code generation. Valid names start with an upper-case ASCII letter ('A'..'Z') followed by any combination of upper- or lower-case ASCII letters ('A'..'Z', and 'a'..'z'), numerals ('0'..'9') and '_', with a length limit of 255 characters. (00:00.000 / 00:13.582, 2Gb)
Sushi:   File: /tmp/ig-builds/dk.ehealth.sundhed.fhir.ig.core#10.0.1-milestone/input/fsh/ehealth-patient.fsh (00:00.001 / 00:13.584, 2Gb)
Sushi:   Line: 54 - 66                                                                               (00:00.000 / 00:13.585, 2Gb)
Sushi: warn  Extension ehealth-itcompetencelevel has a description field that should not be empty.   (00:00.000 / 00:13.585, 2Gb)
Sushi: warn  The name "patient-interpreterRequired" may not be suitable for machine processing applications such as code generation. Valid names start with an upper-case ASCII letter ('A'..'Z') followed by any combination of upper- or lower-case ASCII letters ('A'..'Z', and 'a'..'z'), numerals ('0'..'9') and '_', with a length limit of 255 characters. (00:00.078 / 00:13.664, 2Gb)
Sushi:   File: /tmp/ig-builds/dk.ehealth.sundhed.fhir.ig.core#10.0.1-milestone/input/fsh/ehealth-patient.fsh (00:00.001 / 00:13.665, 2Gb)
Sushi:   Line: 68 - 72                                                                               (00:00.000 / 00:13.665, 2Gb)
Sushi: warn  The name "ehealth-general-health-condition" may not be suitable for machine processing applications such as code generation. Valid names start with an upper-case ASCII letter ('A'..'Z') followed by any combination of upper- or lower-case ASCII letters ('A'..'Z', and 'a'..'z'), numerals ('0'..'9') and '_', with a length limit of 255 characters. (00:00.013 / 00:13.679, 2Gb)
Sushi:   File: /tmp/ig-builds/dk.ehealth.sundhed.fhir.ig.core#10.0.1-milestone/input/fsh/ehealth-patient.fsh (00:00.001 / 00:13.681, 2Gb)
Sushi:   Line: 74 - 83                                                                               (00:00.000 / 00:13.681, 2Gb)
Sushi: warn  The name "ehealth-nameandaddressprotection" may not be suitable for machine processing applications such as code generation. Valid names start with an upper-case ASCII letter ('A'..'Z') followed by any combination of upper- or lower-case ASCII letters ('A'..'Z', and 'a'..'z'), numerals ('0'..'9') and '_', with a length limit of 255 characters. (00:00.052 / 00:13.733, 2Gb)
Sushi:   File: /tmp/ig-builds/dk.ehealth.sundhed.fhir.ig.core#10.0.1-milestone/input/fsh/ehealth-ext-nameandaddressprotection.fsh (00:00.001 / 00:13.735, 2Gb)
Sushi:   Line: 1 - 6                                                                                 (00:00.000 / 00:13.735, 2Gb)
Sushi: warn  The name "ehealth-patient-contactnote" may not be suitable for machine processing applications such as code generation. Valid names start with an upper-case ASCII letter ('A'..'Z') followed by any combination of upper- or lower-case ASCII letters ('A'..'Z', and 'a'..'z'), numerals ('0'..'9') and '_', with a length limit of 255 characters. (00:00.072 / 00:13.808, 2Gb)
Sushi:   File: /tmp/ig-builds/dk.ehealth.sundhed.fhir.ig.core#10.0.1-milestone/input/fsh/ehealth-ext-patient-contactnote.fsh (00:00.001 / 00:13.809, 2Gb)
Sushi:   Line: 1 - 5                                                                                 (00:00.000 / 00:13.809, 2Gb)
Sushi: warn  At least one slice of Patient.generalPractitioner has a max greater than the overall element max. The max of the following slice(s) has been reduced to match the max of Patient.generalPractitioner: referencedSORUnit (00:00.031 / 00:13.841, 2Gb)
Sushi: warn  The name "ehealth-plandefinition" may not be suitable for machine processing applications such as code generation. Valid names start with an upper-case ASCII letter ('A'..'Z') followed by any combination of upper- or lower-case ASCII letters ('A'..'Z', and 'a'..'z'), numerals ('0'..'9') and '_', with a length limit of 255 characters. (00:00.074 / 00:13.916, 2Gb)
Sushi:   File: /tmp/ig-builds/dk.ehealth.sundhed.fhir.ig.core#10.0.1-milestone/input/fsh/ehealth-plandefinition.fsh (00:00.001 / 00:13.917, 2Gb)
Sushi:   Line: 1 - 20                                                                                (00:00.000 / 00:13.918, 2Gb)
Sushi: warn  The name "ehealth-overviewUsageMode" may not be suitable for machine processing applications such as code generation. Valid names start with an upper-case ASCII letter ('A'..'Z') followed by any combination of upper- or lower-case ASCII letters ('A'..'Z', and 'a'..'z'), numerals ('0'..'9') and '_', with a length limit of 255 characters. (00:00.014 / 00:13.932, 2Gb)
Sushi:   File: /tmp/ig-builds/dk.ehealth.sundhed.fhir.ig.core#10.0.1-milestone/input/fsh/ehealth-ext-overviewUsageMode.fsh (00:00.001 / 00:13.933, 2Gb)
Sushi:   Line: 1 - 7                                                                                 (00:00.000 / 00:13.934, 2Gb)
Sushi: warn  The name "ehealth-actionTrigger" may not be suitable for machine processing applications such as code generation. Valid names start with an upper-case ASCII letter ('A'..'Z') followed by any combination of upper- or lower-case ASCII letters ('A'..'Z', and 'a'..'z'), numerals ('0'..'9') and '_', with a length limit of 255 characters. (00:00.037 / 00:13.971, 2Gb)
Sushi:   File: /tmp/ig-builds/dk.ehealth.sundhed.fhir.ig.core#10.0.1-milestone/input/fsh/ehealth-plandefinition.fsh (00:00.001 / 00:13.973, 2Gb)
Sushi:   Line: 22 - 42                                                                               (00:00.000 / 00:13.973, 2Gb)
Sushi: warn  The name "ehealth-triggerCondition" may not be suitable for machine processing applications such as code generation. Valid names start with an upper-case ASCII letter ('A'..'Z') followed by any combination of upper- or lower-case ASCII letters ('A'..'Z', and 'a'..'z'), numerals ('0'..'9') and '_', with a length limit of 255 characters. (00:00.005 / 00:13.978, 2Gb)
Sushi:   File: /tmp/ig-builds/dk.ehealth.sundhed.fhir.ig.core#10.0.1-milestone/input/fsh/ehealth-ext-triggerCondition.fsh (00:00.001 / 00:13.980, 2Gb)
Sushi:   Line: 1 - 12                                                                                (00:00.000 / 00:13.980, 2Gb)
Sushi: warn  The name "ehealth-include-as-extra" may not be suitable for machine processing applications such as code generation. Valid names start with an upper-case ASCII letter ('A'..'Z') followed by any combination of upper- or lower-case ASCII letters ('A'..'Z', and 'a'..'z'), numerals ('0'..'9') and '_', with a length limit of 255 characters. (00:00.081 / 00:14.062, 2Gb)
Sushi:   File: /tmp/ig-builds/dk.ehealth.sundhed.fhir.ig.core#10.0.1-milestone/input/fsh/ehealth-ext-include-as-extra.fsh (00:00.001 / 00:14.063, 2Gb)
Sushi:   Line: 1 - 6                                                                                 (00:00.000 / 00:14.064, 2Gb)
Sushi: warn  The name "ehealth-aggregate-group-id" may not be suitable for machine processing applications such as code generation. Valid names start with an upper-case ASCII letter ('A'..'Z') followed by any combination of upper- or lower-case ASCII letters ('A'..'Z', and 'a'..'z'), numerals ('0'..'9') and '_', with a length limit of 255 characters. (00:00.015 / 00:14.079, 2Gb)
Sushi:   File: /tmp/ig-builds/dk.ehealth.sundhed.fhir.ig.core#10.0.1-milestone/input/fsh/ehealth-ext-aggregate-group-id.fsh (00:00.001 / 00:14.080, 2Gb)
Sushi:   Line: 1 - 5                                                                                 (00:00.000 / 00:14.080, 2Gb)
Sushi: warn  The name "ehealth-practitioner" may not be suitable for machine processing applications such as code generation. Valid names start with an upper-case ASCII letter ('A'..'Z') followed by any combination of upper- or lower-case ASCII letters ('A'..'Z', and 'a'..'z'), numerals ('0'..'9') and '_', with a length limit of 255 characters. (00:00.031 / 00:14.112, 2Gb)
Sushi:   File: /tmp/ig-builds/dk.ehealth.sundhed.fhir.ig.core#10.0.1-milestone/input/fsh/ehealth-practitioner.fsh (00:00.001 / 00:14.114, 2Gb)
Sushi:   Line: 1 - 13                                                                                (00:00.000 / 00:14.114, 2Gb)
Sushi: warn  The name "ehealth-provider-affiliation" may not be suitable for machine processing applications such as code generation. Valid names start with an upper-case ASCII letter ('A'..'Z') followed by any combination of upper- or lower-case ASCII letters ('A'..'Z', and 'a'..'z'), numerals ('0'..'9') and '_', with a length limit of 255 characters. (00:00.005 / 00:14.120, 2Gb)
Sushi:   File: /tmp/ig-builds/dk.ehealth.sundhed.fhir.ig.core#10.0.1-milestone/input/fsh/ehealth-practitioner.fsh (00:00.001 / 00:14.121, 2Gb)
Sushi:   Line: 15 - 28                                                                               (00:00.000 / 00:14.122, 2Gb)
Sushi: warn  The name "ehealth-practitionerrole" may not be suitable for machine processing applications such as code generation. Valid names start with an upper-case ASCII letter ('A'..'Z') followed by any combination of upper- or lower-case ASCII letters ('A'..'Z', and 'a'..'z'), numerals ('0'..'9') and '_', with a length limit of 255 characters. (00:00.053 / 00:14.175, 2Gb)
Sushi:   File: /tmp/ig-builds/dk.ehealth.sundhed.fhir.ig.core#10.0.1-milestone/input/fsh/ehealth-practitionerrole.fsh (00:00.001 / 00:14.176, 2Gb)
Sushi:   Line: 1 - 8                                                                                 (00:00.000 / 00:14.177, 2Gb)
Sushi: warn  The name "ehealth-provenance" may not be suitable for machine processing applications such as code generation. Valid names start with an upper-case ASCII letter ('A'..'Z') followed by any combination of upper- or lower-case ASCII letters ('A'..'Z', and 'a'..'z'), numerals ('0'..'9') and '_', with a length limit of 255 characters. (00:00.022 / 00:14.199, 2Gb)
Sushi:   File: /tmp/ig-builds/dk.ehealth.sundhed.fhir.ig.core#10.0.1-milestone/input/fsh/ehealth-provenance.fsh (00:00.001 / 00:14.200, 2Gb)
Sushi:   Line: 1 - 8                                                                                 (00:00.000 / 00:14.200, 2Gb)
Sushi: warn  The name "ehealth-provenance-dateTimeOfReusedEntity" may not be suitable for machine processing applications such as code generation. Valid names start with an upper-case ASCII letter ('A'..'Z') followed by any combination of upper- or lower-case ASCII letters ('A'..'Z', and 'a'..'z'), numerals ('0'..'9') and '_', with a length limit of 255 characters. (00:00.000 / 00:14.201, 2Gb)
Sushi:   File: /tmp/ig-builds/dk.ehealth.sundhed.fhir.ig.core#10.0.1-milestone/input/fsh/ehealth-provenance.fsh (00:00.001 / 00:14.202, 2Gb)
Sushi:   Line: 10 - 15                                                                               (00:00.000 / 00:14.203, 2Gb)
Sushi: warn  The name "ehealth-questionnaire" may not be suitable for machine processing applications such as code generation. Valid names start with an upper-case ASCII letter ('A'..'Z') followed by any combination of upper- or lower-case ASCII letters ('A'..'Z', and 'a'..'z'), numerals ('0'..'9') and '_', with a length limit of 255 characters. (00:00.078 / 00:14.281, 2Gb)
Sushi:   File: /tmp/ig-builds/dk.ehealth.sundhed.fhir.ig.core#10.0.1-milestone/input/fsh/ehealth-questionnaire.fsh (00:00.001 / 00:14.282, 2Gb)
Sushi:   Line: 1 - 39                                                                                (00:00.000 / 00:14.283, 2Gb)
Sushi: warn  The name "ehealth-questionnaire-recommendation" may not be suitable for machine processing applications such as code generation. Valid names start with an upper-case ASCII letter ('A'..'Z') followed by any combination of upper- or lower-case ASCII letters ('A'..'Z', and 'a'..'z'), numerals ('0'..'9') and '_', with a length limit of 255 characters. (00:00.000 / 00:14.284, 2Gb)
Sushi:   File: /tmp/ig-builds/dk.ehealth.sundhed.fhir.ig.core#10.0.1-milestone/input/fsh/ehealth-questionnaire.fsh (00:00.001 / 00:14.285, 2Gb)
Sushi:   Line: 48 - 54                                                                               (00:00.000 / 00:14.286, 2Gb)
Sushi: warn  The name "ehealth-questionnaire-intendedOrganization" may not be suitable for machine processing applications such as code generation. Valid names start with an upper-case ASCII letter ('A'..'Z') followed by any combination of upper- or lower-case ASCII letters ('A'..'Z', and 'a'..'z'), numerals ('0'..'9') and '_', with a length limit of 255 characters. (00:00.034 / 00:14.321, 2Gb)
Sushi:   File: /tmp/ig-builds/dk.ehealth.sundhed.fhir.ig.core#10.0.1-milestone/input/fsh/ehealth-questionnaire.fsh (00:00.001 / 00:14.322, 2Gb)
Sushi:   Line: 56 - 62                                                                               (00:00.000 / 00:14.323, 2Gb)
Sushi: warn  The name "ehealth-questionnaire-type" may not be suitable for machine processing applications such as code generation. Valid names start with an upper-case ASCII letter ('A'..'Z') followed by any combination of upper- or lower-case ASCII letters ('A'..'Z', and 'a'..'z'), numerals ('0'..'9') and '_', with a length limit of 255 characters. (00:00.023 / 00:14.346, 2Gb)
Sushi:   File: /tmp/ig-builds/dk.ehealth.sundhed.fhir.ig.core#10.0.1-milestone/input/fsh/ehealth-questionnaire.fsh (00:00.001 / 00:14.348, 2Gb)
Sushi:   Line: 64 - 70                                                                               (00:00.000 / 00:14.348, 2Gb)
Sushi: warn  The name "ehealth-questionnaire-sliderStepValueDecimal" may not be suitable for machine processing applications such as code generation. Valid names start with an upper-case ASCII letter ('A'..'Z') followed by any combination of upper- or lower-case ASCII letters ('A'..'Z', and 'a'..'z'), numerals ('0'..'9') and '_', with a length limit of 255 characters. (00:00.051 / 00:14.400, 2Gb)
Sushi:   File: /tmp/ig-builds/dk.ehealth.sundhed.fhir.ig.core#10.0.1-milestone/input/fsh/ehealth-questionnaire.fsh (00:00.001 / 00:14.401, 2Gb)
Sushi:   Line: 41 - 46                                                                               (00:00.000 / 00:14.402, 2Gb)
Sushi: warn  The name "ehealth-questionnaire-feedback" may not be suitable for machine processing applications such as code generation. Valid names start with an upper-case ASCII letter ('A'..'Z') followed by any combination of upper- or lower-case ASCII letters ('A'..'Z', and 'a'..'z'), numerals ('0'..'9') and '_', with a length limit of 255 characters. (00:00.018 / 00:14.421, 2Gb)
Sushi:   File: /tmp/ig-builds/dk.ehealth.sundhed.fhir.ig.core#10.0.1-milestone/input/fsh/ehealth-questionnaire.fsh (00:00.001 / 00:14.422, 2Gb)
Sushi:   Line: 72 - 85                                                                               (00:00.000 / 00:14.423, 2Gb)
Sushi: warn  The name "ehealth-questionnaire-image" may not be suitable for machine processing applications such as code generation. Valid names start with an upper-case ASCII letter ('A'..'Z') followed by any combination of upper- or lower-case ASCII letters ('A'..'Z', and 'a'..'z'), numerals ('0'..'9') and '_', with a length limit of 255 characters. (00:00.051 / 00:14.475, 2Gb)
Sushi:   File: /tmp/ig-builds/dk.ehealth.sundhed.fhir.ig.core#10.0.1-milestone/input/fsh/ehealth-questionnaire.fsh (00:00.001 / 00:14.476, 2Gb)
Sushi:   Line: 87 - 96                                                                               (00:00.000 / 00:14.477, 2Gb)
Sushi: warn  The name "ehealth-questionnaire-shortText" may not be suitable for machine processing applications such as code generation. Valid names start with an upper-case ASCII letter ('A'..'Z') followed by any combination of upper- or lower-case ASCII letters ('A'..'Z', and 'a'..'z'), numerals ('0'..'9') and '_', with a length limit of 255 characters. (00:00.039 / 00:14.516, 2Gb)
Sushi:   File: /tmp/ig-builds/dk.ehealth.sundhed.fhir.ig.core#10.0.1-milestone/input/fsh/ehealth-ext-questionnaire-shortText.fsh (00:00.001 / 00:14.517, 2Gb)
Sushi:   Line: 1 - 5                                                                                 (00:00.000 / 00:14.518, 2Gb)
Sushi: warn  The name "ehealth-questionnaire-helpText" may not be suitable for machine processing applications such as code generation. Valid names start with an upper-case ASCII letter ('A'..'Z') followed by any combination of upper- or lower-case ASCII letters ('A'..'Z', and 'a'..'z'), numerals ('0'..'9') and '_', with a length limit of 255 characters. (00:00.024 / 00:14.542, 2Gb)
Sushi:   File: /tmp/ig-builds/dk.ehealth.sundhed.fhir.ig.core#10.0.1-milestone/input/fsh/ehealth-questionnaire.fsh (00:00.001 / 00:14.544, 2Gb)
Sushi:   Line: 109 - 120                                                                             (00:00.000 / 00:14.544, 2Gb)
Sushi: warn  The name "ehealth-external-identifier" may not be suitable for machine processing applications such as code generation. Valid names start with an upper-case ASCII letter ('A'..'Z') followed by any combination of upper- or lower-case ASCII letters ('A'..'Z', and 'a'..'z'), numerals ('0'..'9') and '_', with a length limit of 255 characters. (00:00.046 / 00:14.591, 2Gb)
Sushi:   File: /tmp/ig-builds/dk.ehealth.sundhed.fhir.ig.core#10.0.1-milestone/input/fsh/ehealth-questionnaire.fsh (00:00.001 / 00:14.592, 2Gb)
Sushi:   Line: 128 - 132                                                                             (00:00.000 / 00:14.592, 2Gb)
Sushi: warn  The name "ehealth-questionnaire-item-is-copyright" may not be suitable for machine processing applications such as code generation. Valid names start with an upper-case ASCII letter ('A'..'Z') followed by any combination of upper- or lower-case ASCII letters ('A'..'Z', and 'a'..'z'), numerals ('0'..'9') and '_', with a length limit of 255 characters. (00:00.040 / 00:14.633, 2Gb)
Sushi:   File: /tmp/ig-builds/dk.ehealth.sundhed.fhir.ig.core#10.0.1-milestone/input/fsh/ehealth-questionnaire.fsh (00:00.001 / 00:14.634, 2Gb)
Sushi:   Line: 134 - 139                                                                             (00:00.000 / 00:14.635, 2Gb)
Sushi: warn  The name "ehealth-enableBehavior-conditionId" may not be suitable for machine processing applications such as code generation. Valid names start with an upper-case ASCII letter ('A'..'Z') followed by any combination of upper- or lower-case ASCII letters ('A'..'Z', and 'a'..'z'), numerals ('0'..'9') and '_', with a length limit of 255 characters. (00:00.043 / 00:14.678, 2Gb)
Sushi:   File: /tmp/ig-builds/dk.ehealth.sundhed.fhir.ig.core#10.0.1-milestone/input/fsh/ehealth-questionnaire.fsh (00:00.001 / 00:14.680, 2Gb)
Sushi:   Line: 122 - 126                                                                             (00:00.000 / 00:14.681, 2Gb)
Sushi: warn  The name "ehealth-questionnaire-advanced" may not be suitable for machine processing applications such as code generation. Valid names start with an upper-case ASCII letter ('A'..'Z') followed by any combination of upper- or lower-case ASCII letters ('A'..'Z', and 'a'..'z'), numerals ('0'..'9') and '_', with a length limit of 255 characters. (00:00.045 / 00:14.727, 2Gb)
Sushi:   File: /tmp/ig-builds/dk.ehealth.sundhed.fhir.ig.core#10.0.1-milestone/input/fsh/ehealth-questionnaire-advanced.fsh (00:00.001 / 00:14.728, 2Gb)
Sushi:   Line: 1 - 9                                                                                 (00:00.000 / 00:14.729, 2Gb)
Sushi: warn  The name "ehealth-questionnaireresponse" may not be suitable for machine processing applications such as code generation. Valid names start with an upper-case ASCII letter ('A'..'Z') followed by any combination of upper- or lower-case ASCII letters ('A'..'Z', and 'a'..'z'), numerals ('0'..'9') and '_', with a length limit of 255 characters. (00:00.010 / 00:14.739, 2Gb)
Sushi:   File: /tmp/ig-builds/dk.ehealth.sundhed.fhir.ig.core#10.0.1-milestone/input/fsh/ehealth-questionnaireresponse.fsh (00:00.001 / 00:14.740, 2Gb)
Sushi:   Line: 1 - 25                                                                                (00:00.000 / 00:14.741, 2Gb)
Sushi: warn  The name "ehealth-effectivePeriod" may not be suitable for machine processing applications such as code generation. Valid names start with an upper-case ASCII letter ('A'..'Z') followed by any combination of upper- or lower-case ASCII letters ('A'..'Z', and 'a'..'z'), numerals ('0'..'9') and '_', with a length limit of 255 characters. (00:00.013 / 00:14.754, 2Gb)
Sushi:   File: /tmp/ig-builds/dk.ehealth.sundhed.fhir.ig.core#10.0.1-milestone/input/fsh/ehealth-questionnaireresponse.fsh (00:00.001 / 00:14.755, 2Gb)
Sushi:   Line: 27 - 32                                                                               (00:00.000 / 00:14.756, 2Gb)
Sushi: warn  The name "ehealth-relatedperson" may not be suitable for machine processing applications such as code generation. Valid names start with an upper-case ASCII letter ('A'..'Z') followed by any combination of upper- or lower-case ASCII letters ('A'..'Z', and 'a'..'z'), numerals ('0'..'9') and '_', with a length limit of 255 characters. (00:00.111 / 00:14.867, 2Gb)
Sushi:   File: /tmp/ig-builds/dk.ehealth.sundhed.fhir.ig.core#10.0.1-milestone/input/fsh/ehealth-relatedperson.fsh (00:00.001 / 00:14.868, 2Gb)
Sushi:   Line: 1 - 26                                                                                (00:00.000 / 00:14.869, 2Gb)
Sushi: warn  The name "ehealth-telecom-purpose" may not be suitable for machine processing applications such as code generation. Valid names start with an upper-case ASCII letter ('A'..'Z') followed by any combination of upper- or lower-case ASCII letters ('A'..'Z', and 'a'..'z'), numerals ('0'..'9') and '_', with a length limit of 255 characters. (00:00.033 / 00:14.903, 2Gb)
Sushi:   File: /tmp/ig-builds/dk.ehealth.sundhed.fhir.ig.core#10.0.1-milestone/input/fsh/ehealth-ext-telecom-purpose.fsh (00:00.001 / 00:14.904, 2Gb)
Sushi:   Line: 1 - 11                                                                                (00:00.000 / 00:14.905, 2Gb)
Sushi: warn  The name "ehealth-servicerequest" may not be suitable for machine processing applications such as code generation. Valid names start with an upper-case ASCII letter ('A'..'Z') followed by any combination of upper- or lower-case ASCII letters ('A'..'Z', and 'a'..'z'), numerals ('0'..'9') and '_', with a length limit of 255 characters. (00:00.072 / 00:14.977, 2Gb)
Sushi:   File: /tmp/ig-builds/dk.ehealth.sundhed.fhir.ig.core#10.0.1-milestone/input/fsh/ehealth-servicerequest.fsh (00:00.001 / 00:14.978, 2Gb)
Sushi:   Line: 1 - 31                                                                                (00:00.000 / 00:14.979, 2Gb)
Sushi: warn  The name "ehealth-trigger-enablement-code" may not be suitable for machine processing applications such as code generation. Valid names start with an upper-case ASCII letter ('A'..'Z') followed by any combination of upper- or lower-case ASCII letters ('A'..'Z', and 'a'..'z'), numerals ('0'..'9') and '_', with a length limit of 255 characters. (00:00.015 / 00:14.994, 2Gb)
Sushi:   File: /tmp/ig-builds/dk.ehealth.sundhed.fhir.ig.core#10.0.1-milestone/input/fsh/ehealth-servicerequest.fsh (00:00.001 / 00:14.995, 2Gb)
Sushi:   Line: 33 - 39                                                                               (00:00.000 / 00:14.996, 2Gb)
Sushi: warn  The name "ehealth-servicerequest-statusHistory" may not be suitable for machine processing applications such as code generation. Valid names start with an upper-case ASCII letter ('A'..'Z') followed by any combination of upper- or lower-case ASCII letters ('A'..'Z', and 'a'..'z'), numerals ('0'..'9') and '_', with a length limit of 255 characters. (00:00.019 / 00:15.016, 2Gb)
Sushi:   File: /tmp/ig-builds/dk.ehealth.sundhed.fhir.ig.core#10.0.1-milestone/input/fsh/ehealth-servicerequest.fsh (00:00.001 / 00:15.017, 2Gb)
Sushi:   Line: 41 - 49                                                                               (00:00.000 / 00:15.018, 2Gb)
Sushi: warn  The name "ehealth-servicerequest-statusSchedule" may not be suitable for machine processing applications such as code generation. Valid names start with an upper-case ASCII letter ('A'..'Z') followed by any combination of upper- or lower-case ASCII letters ('A'..'Z', and 'a'..'z'), numerals ('0'..'9') and '_', with a length limit of 255 characters. (00:00.060 / 00:15.078, 2Gb)
Sushi:   File: /tmp/ig-builds/dk.ehealth.sundhed.fhir.ig.core#10.0.1-milestone/input/fsh/ehealth-servicerequest.fsh (00:00.001 / 00:15.079, 2Gb)
Sushi:   Line: 51 - 60                                                                               (00:00.000 / 00:15.080, 2Gb)
Sushi: warn  The name "ehealth-aggregate-id" may not be suitable for machine processing applications such as code generation. Valid names start with an upper-case ASCII letter ('A'..'Z') followed by any combination of upper- or lower-case ASCII letters ('A'..'Z', and 'a'..'z'), numerals ('0'..'9') and '_', with a length limit of 255 characters. (00:00.022 / 00:15.102, 2Gb)
Sushi:   File: /tmp/ig-builds/dk.ehealth.sundhed.fhir.ig.core#10.0.1-milestone/input/fsh/ehealth-servicerequest.fsh (00:00.001 / 00:15.103, 2Gb)
Sushi:   Line: 62 - 67                                                                               (00:00.000 / 00:15.104, 2Gb)
Sushi: warn  The name "ehealth-skrs-patient" may not be suitable for machine processing applications such as code generation. Valid names start with an upper-case ASCII letter ('A'..'Z') followed by any combination of upper- or lower-case ASCII letters ('A'..'Z', and 'a'..'z'), numerals ('0'..'9') and '_', with a length limit of 255 characters. (00:00.099 / 00:15.204, 2Gb)
Sushi:   File: /tmp/ig-builds/dk.ehealth.sundhed.fhir.ig.core#10.0.1-milestone/input/fsh/ehealth-skrs-patient.fsh (00:00.001 / 00:15.205, 2Gb)
Sushi:   Line: 1 - 28                                                                                (00:00.000 / 00:15.206, 2Gb)
Sushi: warn  The name "ehealth-task" may not be suitable for machine processing applications such as code generation. Valid names start with an upper-case ASCII letter ('A'..'Z') followed by any combination of upper- or lower-case ASCII letters ('A'..'Z', and 'a'..'z'), numerals ('0'..'9') and '_', with a length limit of 255 characters. (00:00.078 / 00:15.284, 2Gb)
Sushi:   File: /tmp/ig-builds/dk.ehealth.sundhed.fhir.ig.core#10.0.1-milestone/input/fsh/ehealth-task.fsh (00:00.001 / 00:15.285, 2Gb)
Sushi:   Line: 1 - 28                                                                                (00:00.000 / 00:15.285, 2Gb)
Sushi: warn  The name "ehealth-task-episodeOfCare" may not be suitable for machine processing applications such as code generation. Valid names start with an upper-case ASCII letter ('A'..'Z') followed by any combination of upper- or lower-case ASCII letters ('A'..'Z', and 'a'..'z'), numerals ('0'..'9') and '_', with a length limit of 255 characters. (00:00.000 / 00:15.286, 2Gb)
Sushi:   File: /tmp/ig-builds/dk.ehealth.sundhed.fhir.ig.core#10.0.1-milestone/input/fsh/ehealth-task.fsh (00:00.001 / 00:15.288, 2Gb)
Sushi:   Line: 46 - 49                                                                               (00:00.000 / 00:15.288, 2Gb)
Sushi: warn  The name "ehealth-task-category" may not be suitable for machine processing applications such as code generation. Valid names start with an upper-case ASCII letter ('A'..'Z') followed by any combination of upper- or lower-case ASCII letters ('A'..'Z', and 'a'..'z'), numerals ('0'..'9') and '_', with a length limit of 255 characters. (00:00.012 / 00:15.301, 2Gb)
Sushi:   File: /tmp/ig-builds/dk.ehealth.sundhed.fhir.ig.core#10.0.1-milestone/input/fsh/ehealth-task.fsh (00:00.001 / 00:15.302, 2Gb)
Sushi:   Line: 30 - 36                                                                               (00:00.000 / 00:15.303, 2Gb)
Sushi: warn  The name "ehealth-task-responsible" may not be suitable for machine processing applications such as code generation. Valid names start with an upper-case ASCII letter ('A'..'Z') followed by any combination of upper- or lower-case ASCII letters ('A'..'Z', and 'a'..'z'), numerals ('0'..'9') and '_', with a length limit of 255 characters. (00:00.035 / 00:15.338, 2Gb)
Sushi:   File: /tmp/ig-builds/dk.ehealth.sundhed.fhir.ig.core#10.0.1-milestone/input/fsh/ehealth-task.fsh (00:00.001 / 00:15.339, 2Gb)
Sushi:   Line: 38 - 44                                                                               (00:00.000 / 00:15.340, 2Gb)
Sushi: warn  The name "ehealth-reference-careplan" may not be suitable for machine processing applications such as code generation. Valid names start with an upper-case ASCII letter ('A'..'Z') followed by any combination of upper- or lower-case ASCII letters ('A'..'Z', and 'a'..'z'), numerals ('0'..'9') and '_', with a length limit of 255 characters. (00:00.026 / 00:15.367, 2Gb)
Sushi:   File: /tmp/ig-builds/dk.ehealth.sundhed.fhir.ig.core#10.0.1-milestone/input/fsh/ehealth-ext-reference-careplan.fsh (00:00.001 / 00:15.368, 2Gb)
Sushi:   Line: 1 - 6                                                                                 (00:00.000 / 00:15.368, 2Gb)
Sushi: warn  The name "ehealth-transformation-documentreference" may not be suitable for machine processing applications such as code generation. Valid names start with an upper-case ASCII letter ('A'..'Z') followed by any combination of upper- or lower-case ASCII letters ('A'..'Z', and 'a'..'z'), numerals ('0'..'9') and '_', with a length limit of 255 characters. (00:00.109 / 00:15.478, 2Gb)
Sushi:   File: /tmp/ig-builds/dk.ehealth.sundhed.fhir.ig.core#10.0.1-milestone/input/fsh/ehealth-transformation-documentreference.fsh (00:00.001 / 00:15.480, 2Gb)
Sushi:   Line: 1 - 22                                                                                (00:00.000 / 00:15.481, 2Gb)
Sushi: warn  The name "ehealth-manuallydeprecated-type" may not be suitable for machine processing applications such as code generation. Valid names start with an upper-case ASCII letter ('A'..'Z') followed by any combination of upper- or lower-case ASCII letters ('A'..'Z', and 'a'..'z'), numerals ('0'..'9') and '_', with a length limit of 255 characters. (00:00.044 / 00:15.525, 2Gb)
Sushi:   File: /tmp/ig-builds/dk.ehealth.sundhed.fhir.ig.core#10.0.1-milestone/input/fsh/ehealth-transformation-documentreference.fsh (00:00.001 / 00:15.527, 2Gb)
Sushi:   Line: 24 - 29                                                                               (00:00.000 / 00:15.528, 2Gb)
Sushi: warn  The name "ehealth-document-sharing-state" may not be suitable for machine processing applications such as code generation. Valid names start with an upper-case ASCII letter ('A'..'Z') followed by any combination of upper- or lower-case ASCII letters ('A'..'Z', and 'a'..'z'), numerals ('0'..'9') and '_', with a length limit of 255 characters. (00:00.014 / 00:15.542, 2Gb)
Sushi:   File: /tmp/ig-builds/dk.ehealth.sundhed.fhir.ig.core#10.0.1-milestone/input/fsh/ehealth-transformation-documentreference.fsh (00:00.001 / 00:15.544, 2Gb)
Sushi:   Line: 31 - 37                                                                               (00:00.000 / 00:15.545, 2Gb)
Sushi: warn  The name "ehealth-videoappointment" may not be suitable for machine processing applications such as code generation. Valid names start with an upper-case ASCII letter ('A'..'Z') followed by any combination of upper- or lower-case ASCII letters ('A'..'Z', and 'a'..'z'), numerals ('0'..'9') and '_', with a length limit of 255 characters. (00:00.050 / 00:15.595, 2Gb)
Sushi:   File: /tmp/ig-builds/dk.ehealth.sundhed.fhir.ig.core#10.0.1-milestone/input/fsh/ehealth-videoappointment.fsh (00:00.001 / 00:15.597, 2Gb)
Sushi:   Line: 1 - 45                                                                                (00:00.000 / 00:15.598, 2Gb)
Sushi: warn  The name "ehealth-view" may not be suitable for machine processing applications such as code generation. Valid names start with an upper-case ASCII letter ('A'..'Z') followed by any combination of upper- or lower-case ASCII letters ('A'..'Z', and 'a'..'z'), numerals ('0'..'9') and '_', with a length limit of 255 characters. (00:00.083 / 00:15.681, 2Gb)
Sushi:   File: /tmp/ig-builds/dk.ehealth.sundhed.fhir.ig.core#10.0.1-milestone/input/fsh/ehealth-view.fsh (00:00.001 / 00:15.683, 2Gb)
Sushi:   Line: 1 - 17                                                                                (00:00.000 / 00:15.684, 2Gb)
Sushi: warn  The name "ehealth-view-type" may not be suitable for machine processing applications such as code generation. Valid names start with an upper-case ASCII letter ('A'..'Z') followed by any combination of upper- or lower-case ASCII letters ('A'..'Z', and 'a'..'z'), numerals ('0'..'9') and '_', with a length limit of 255 characters. (00:00.010 / 00:15.694, 2Gb)
Sushi:   File: /tmp/ig-builds/dk.ehealth.sundhed.fhir.ig.core#10.0.1-milestone/input/fsh/ehealth-view.fsh (00:00.001 / 00:15.696, 2Gb)
Sushi:   Line: 20 - 26                                                                               (00:00.000 / 00:15.697, 2Gb)
Sushi: warn  The name "ehealth-view-for" may not be suitable for machine processing applications such as code generation. Valid names start with an upper-case ASCII letter ('A'..'Z') followed by any combination of upper- or lower-case ASCII letters ('A'..'Z', and 'a'..'z'), numerals ('0'..'9') and '_', with a length limit of 255 characters. (00:00.039 / 00:15.736, 2Gb)
Sushi:   File: /tmp/ig-builds/dk.ehealth.sundhed.fhir.ig.core#10.0.1-milestone/input/fsh/ehealth-view.fsh (00:00.001 / 00:15.737, 2Gb)
Sushi:   Line: 29 - 40                                                                               (00:00.000 / 00:15.737, 2Gb)
Sushi: warn  The name "ehealth-clinicalimpression-mediaInvestigationItem" may not be suitable for machine processing applications such as code generation. Valid names start with an upper-case ASCII letter ('A'..'Z') followed by any combination of upper- or lower-case ASCII letters ('A'..'Z', and 'a'..'z'), numerals ('0'..'9') and '_', with a length limit of 255 characters. (00:00.031 / 00:15.768, 2Gb)
Sushi:   File: /tmp/ig-builds/dk.ehealth.sundhed.fhir.ig.core#10.0.1-milestone/input/fsh/ehealth-clinicalimpression.fsh (00:00.001 / 00:15.770, 2Gb)
Sushi:   Line: 77 - 83                                                                               (00:00.000 / 00:15.770, 2Gb)
Sushi: info  Converted 194 FHIR StructureDefinitions.                                                (00:00.016 / 00:15.787, 2Gb)
Sushi: info  Converted 5 FHIR CodeSystems.                                                           (00:00.029 / 00:15.816, 2Gb)
Sushi: info  Converted 6 FHIR ValueSets.                                                             (00:00.150 / 00:15.967, 2Gb)
Sushi: info  Converted 24 FHIR instances.                                                            (00:01.243 / 00:17.211, 2Gb)
Sushi: info  Exporting FHIR resources as JSON...                                                     (00:00.000 / 00:17.212, 2Gb)
Sushi: info  Exported 226 FHIR resources as JSON.                                                    (00:00.223 / 00:17.436, 2Gb)
Sushi: info  Assembling Implementation Guide sources...                                              (00:00.004 / 00:17.440, 2Gb)
Sushi: info  Generated ImplementationGuide-dk.ehealth.sundhed.fhir.ig.core.json                      (00:00.070 / 00:17.511, 2Gb)
Sushi: info  Assembled Implementation Guide sources; ready for IG Publisher.                         (00:00.000 / 00:17.511, 2Gb)
Sushi: ========================= SUSHI RESULTS ===========================                           (00:00.000 / 00:17.512, 2Gb)
Sushi: |  -------------------------------------------------------------  |                           (00:00.000 / 00:17.512, 2Gb)
Sushi: | |    Profiles   |  Extensions  |   Logicals   |   Resources   | |                           (00:00.000 / 00:17.513, 2Gb)
Sushi: | |-------------------------------------------------------------| |                           (00:00.000 / 00:17.513, 2Gb)
Sushi: | |      48       |     146      |      0       |       0       | |                           (00:00.000 / 00:17.514, 2Gb)
Sushi: |  -------------------------------------------------------------  |                           (00:00.000 / 00:17.514, 2Gb)
Sushi: |  -------------------------------------------------------------  |                           (00:00.000 / 00:17.515, 2Gb)
Sushi: | |      ValueSets     |    CodeSystems    |     Instances      | |                           (00:00.000 / 00:17.515, 2Gb)
Sushi: | |-------------------------------------------------------------| |                           (00:00.000 / 00:17.516, 2Gb)
Sushi: | |         6          |         5         |         24         | |                           (00:00.000 / 00:17.516, 2Gb)
Sushi: |  -------------------------------------------------------------  |                           (00:00.000 / 00:17.517, 2Gb)
Sushi: |                                                                 |                           (00:00.000 / 00:17.517, 2Gb)
Sushi: ===================================================================                           (00:00.000 / 00:17.518, 2Gb)
Sushi: | A bit pitchy, but tuna-ble.            0 Errors    196 Warnings |                           (00:00.000 / 00:17.518, 2Gb)
Sushi: ===================================================================                           (00:00.000 / 00:17.519, 2Gb)
Root directory: /tmp/ig-builds/dk.ehealth.sundhed.fhir.ig.core#10.0.1-milestone                      (00:00.032 / 00:17.551, 2Gb)
Unable to load IG as an r5 IG - try R4 (property code is a class com.google.gson.JsonPrimitive looking for an object) (00:00.040 / 00:17.591, 2Gb)
Load Template from #ig-template                                                                      (00:00.095 / 00:17.686, 2Gb)
 Load Template from fhir.base.template#current                                                       (00:00.001 / 00:17.688, 2Gb)
[33mThis content depends on fhir.base.template which is no longer considered secure to use
[0;39m[33mSee Security notification at https://www.fhir.org/guides/security-notices/2026-03-npm-dependencies.html
[0;39mScanning directory: /tmp/ig-builds/dk.ehealth.sundhed.fhir.ig.core#10.0.1-milestone/template
======================================================================
Terminology Cache is at /tmp/ig-builds/dk.ehealth.sundhed.fhir.ig.core#10.0.1-milestone/input-cache/txcache. 30 files in cache (00:06.521 / 00:24.210, 3Gb)
Core Package hl7.fhir.r4.core#4.0.1                                                                  (00:00.000 / 00:24.210, 3Gb)
Running Terminology Log: /tmp/ohfu-fhir-ig-12731163331768172881.html
Connect to Terminology Server at https://tx.fhir.org                                                 (00:02.244 / 00:26.455, 2Gb)
[39mLoad Package hl7.fhir.pubpack#0.2.5
[0;39m[39mLoad Package hl7.fhir.xver-extensions#0.1.0
[0;39m[39mLoad Package hl7.terminology.r4#7.3.0
[0;39m[39mLoad Package hl7.fhir.uv.extensions.r4#5.3.0
[0;39m[39mLoad Package hl7.fhir.uv.extensions.r4#5.2.0
[0;39m[39mLoad Package hl7.terminology.r4#7.1.0
[0;39m[39mLoad Package hl7.terminology.r4#6.5.0
[0;39m[39mLoad Package hl7.fhir.uv.extensions.r4#5.3.0-ballot-tc1
[0;39m[39mLoad Package hl7.terminology.r4#6.0.2
[0;39m[39mLoad Package hl7.fhir.uv.extensions.r4#5.1.0
[0;39m[39mLoad Package hl7.fhir.uv.pocd#0.3.0
[0;39m[39mLoad Package hl7.fhir.uv.phd#1.1.0
[0;39m[39mLoad Package hl7.terminology.r4#6.2.0
[0;39m[39mLoad Package hl7.fhir.uv.smart-app-launch#2.0.0
[0;39m[39mLoad Package hl7.fhir.uv.ipa#1.1.0
[0;39m[39mLoad Package ihe.iti.balp#1.1.4
[0;39m[39mLoad Package hl7.terminology.r4#6.3.0
[0;39m[39mLoad Package ihe.formatcode.fhir#1.4.0
[0;39m[39mLoad Package ihe.iti.mhd#4.2.3
[0;39m[39mLoad Package hl7.fhir.dk.core#3.6.0
[0;39m[39mLoad Package hl7.fhir.uv.sdc#2.7.0
[0;39m[39mLoad Package hl7.fhir.uv.tools.r4#1.1.2
[0;39mLoad R5 Specials
Initialization complete                                                                              (00:15.278 / 00:41.734, 1Gb)
Load IG                                                                                              (00:00.001 / 00:41.735, 1Gb)
Load Content                                                                                         (00:00.005 / 00:41.740, 1Gb)
Using da_DK as the default narrative language. (inferred from ImplementationGuide.jurisdiction=DK)   (00:00.083 / 00:41.824, 1Gb)
Process Loaded Resources                                                                             (00:01.187 / 00:43.011, 1Gb)
Generating Snapshots                                                                                 (00:08.498 / 00:51.509, 2Gb)

Signing Certificate: RSA key for Subject: OU=IG Publisher, L=Ann Arbor, CN=hl7.org, O=HL7, ST=Missouri, C=us from: OU=IG Publisher, L=Ann Arbor, CN=hl7.org, O=HL7, ST=Missouri, C=us
Fetch https://ehealth.sundhed.dk/fhir/package-list.json for version check                            (00:01.120 / 00:52.629, 1Gb)
Checking Language                                                                                    (00:00.220 / 00:52.850, 2Gb)
Load Dependency Info                                                                                 (00:00.009 / 00:52.860, 2Gb)
Load Info                                                                                            (00:00.002 / 00:52.862, 2Gb)
Load Paths                                                                                           (00:00.002 / 00:52.864, 2Gb)
Check R4 / R4B                                                                                       (00:00.000 / 00:52.865, 2Gb)
Assign Comparison Ids                                                                                (00:00.116 / 00:52.982, 2Gb)
Propagating status                                                                                   (00:00.001 / 00:52.983, 2Gb)
Generating Narratives                                                                                (00:00.000 / 00:52.983, 2Gb)
[33mThe resource type ValueSet cannot be treated as a CodeSystem
[0;39m[33mThe resource type ValueSet cannot be treated as a CodeSystem
[0;39m[33mThe resource type ValueSet cannot be treated as a CodeSystem
[0;39m[33mThe resource type ValueSet cannot be treated as a CodeSystem
[0;39m[33mThe resource type ValueSet cannot be treated as a CodeSystem
[0;39m[33mThe resource type ValueSet cannot be treated as a CodeSystem
[0;39m[33mThe resource type ValueSet cannot be treated as a CodeSystem
[0;39m[33mThe resource type ValueSet cannot be treated as a CodeSystem
[0;39m[33mThe resource type ValueSet cannot be treated as a CodeSystem
[0;39m[33mThe resource type ValueSet cannot be treated as a CodeSystem
[0;39m[33mThe resource type ValueSet cannot be treated as a CodeSystem
[0;39m[33mThe resource type ValueSet cannot be treated as a CodeSystem
[0;39m[33mThe resource type ValueSet cannot be treated as a CodeSystem
[0;39m[33mThe resource type ValueSet cannot be treated as a CodeSystem
[0;39m[33mThe resource type ValueSet cannot be treated as a CodeSystem
[0;39m[33mThe resource type ValueSet cannot be treated as a CodeSystem
[0;39m[33mThe resource type ValueSet cannot be treated as a CodeSystem
[0;39m[33mThe resource type ValueSet cannot be treated as a CodeSystem
[0;39m[33mThe resource type ValueSet cannot be treated as a CodeSystem
[0;39m[33mThe resource type ValueSet cannot be treated as a CodeSystem
[0;39m[33mThe resource type ValueSet cannot be treated as a CodeSystem
[0;39m[33mThe resource type ValueSet cannot be treated as a CodeSystem
[0;39m[33mThe resource type ValueSet cannot be treated as a CodeSystem
[0;39m[33mThe resource type ValueSet cannot be treated as a CodeSystem
[0;39m[33mThe resource type ValueSet cannot be treated as a CodeSystem
[0;39m[33mThe resource type ValueSet cannot be treated as a CodeSystem
[0;39m[33mThe resource type ValueSet cannot be treated as a CodeSystem
[0;39m[33mThe resource type ValueSet cannot be treated as a CodeSystem
[0;39m[33mThe resource type ValueSet cannot be treated as a CodeSystem
[0;39m[33mThe resource type ValueSet cannot be treated as a CodeSystem
[0;39m[33mThe resource type ValueSet cannot be treated as a CodeSystem
[0;39m[33mThe resource type ValueSet cannot be treated as a CodeSystem
[0;39m[33mThe resource type ValueSet cannot be treated as a CodeSystem
[0;39m[33mThe resource type ValueSet cannot be treated as a CodeSystem
[0;39m[33mThe resource type ValueSet cannot be treated as a CodeSystem
[0;39mValidating Conformance Resources                                                                     (00:04.284 / 00:57.268, 2Gb)
[33mThe resource type ValueSet cannot be treated as a CodeSystem
[0;39m[33mThe resource type ValueSet cannot be treated as a CodeSystem
[0;39mCheck profiles & code systems                                                                        (00:41.350 / 01:38.619, 2Gb)
Check realm rules                                                                                    (00:00.011 / 01:38.631, 2Gb)
Previous Version Comparison                                                                          (00:00.001 / 01:38.632, 2Gb)
Comparing previous version 10.0.0                                                                    (00:00.000 / 01:38.633, 2Gb)
.. loaded. Process                                                                                   (00:15.354 / 01:53.988, 1Gb)
finish previous version comparison                                                                   (00:00.001 / 01:53.989, 1Gb)
finish ipa version                                                                                   (00:03.270 / 01:57.260, 2Gb)
finish ips version                                                                                   (00:00.000 / 01:57.261, 2Gb)
comparisons done                                                                                     (00:00.000 / 01:57.261, 2Gb)
Checking for Bundles to sign                                                                         (00:00.146 / 01:57.408, 2Gb)
Validating Resources                                                                                 (00:00.001 / 01:57.409, 2Gb)
[33mGot error response with no Content-Type from https://terminologystandardsservice.ca/tx/fhir with status 401
[0;39m[33m
[0;39mProcessing Provenance Records                                                                        (00:29.336 / 02:26.746, 2Gb)
Generating Outputs in /tmp/ig-builds/dk.ehealth.sundhed.fhir.ig.core#10.0.1-milestone/output         (00:00.001 / 02:26.747, 2Gb)
Generate Native Outputs                                                                              (00:00.320 / 02:27.068, 1Gb)
Run Template                                                                                         (00:45.619 / 03:12.687, 2Gb)
Generate HTML Outputs                                                                                (00:01.682 / 03:14.370, 1Gb)
[33mThe resource type ValueSet cannot be treated as a CodeSystem
[0;39m[33mThe resource type ValueSet cannot be treated as a CodeSystem
[0;39m[33mThe resource type ValueSet cannot be treated as a CodeSystem
[0;39m[33mThe resource type ValueSet cannot be treated as a CodeSystem
[0;39m[33mThe resource type ValueSet cannot be treated as a CodeSystem
[0;39m[33mThe resource type ValueSet cannot be treated as a CodeSystem
[0;39m[33mThe resource type ValueSet cannot be treated as a CodeSystem
[0;39m[33mThe resource type ValueSet cannot be treated as a CodeSystem
[0;39m[33mThe resource type ValueSet cannot be treated as a CodeSystem
[0;39m[33mThe resource type ValueSet cannot be treated as a CodeSystem
[0;39m[33mThe resource type ValueSet cannot be treated as a CodeSystem
[0;39m[33mThe resource type ValueSet cannot be treated as a CodeSystem
[0;39m[33mThe resource type ValueSet cannot be treated as a CodeSystem
[0;39m[33mThe resource type ValueSet cannot be treated as a CodeSystem
[0;39m[33mThe resource type ValueSet cannot be treated as a CodeSystem
[0;39m[33mThe resource type ValueSet cannot be treated as a CodeSystem
[0;39m[33mThe resource type ValueSet cannot be treated as a CodeSystem
[0;39m[33mThe resource type ValueSet cannot be treated as a CodeSystem
[0;39m[33mThe resource type ValueSet cannot be treated as a CodeSystem
[0;39m[33mThe resource type ValueSet cannot be treated as a CodeSystem
[0;39m[33mThe resource type ValueSet cannot be treated as a CodeSystem
[0;39m[33mThe resource type ValueSet cannot be treated as a CodeSystem
[0;39m[33mThe resource type ValueSet cannot be treated as a CodeSystem
[0;39m[33mThe resource type ValueSet cannot be treated as a CodeSystem
[0;39m[33mThe resource type ValueSet cannot be treated as a CodeSystem
[0;39m[33mThe resource type ValueSet cannot be treated as a CodeSystem
[0;39m[33mThe resource type ValueSet cannot be treated as a CodeSystem
[0;39m[33mThe resource type ValueSet cannot be treated as a CodeSystem
[0;39m[33mThe resource type ValueSet cannot be treated as a CodeSystem
[0;39m[33mThe resource type ValueSet cannot be treated as a CodeSystem
[0;39m[33mThe resource type ValueSet cannot be treated as a CodeSystem
[0;39m[33mThe resource type ValueSet cannot be treated as a CodeSystem
[0;39m[33mThe resource type ValueSet cannot be treated as a CodeSystem
[0;39m[33mThe resource type ValueSet cannot be treated as a CodeSystem
[0;39m[33mThe resource type ValueSet cannot be treated as a CodeSystem
[0;39m[33mThe resource type ValueSet cannot be treated as a CodeSystem
[0;39m[33mThe resource type ValueSet cannot be treated as a CodeSystem
[0;39m[33mThe resource type ValueSet cannot be treated as a CodeSystem
[0;39m[33mThe resource type ValueSet cannot be treated as a CodeSystem
[0;39m[33mThe resource type ValueSet cannot be treated as a CodeSystem
[0;39m[33mThe resource type ValueSet cannot be treated as a CodeSystem
[0;39m[33mThe resource type ValueSet cannot be treated as a CodeSystem
[0;39m[33mThe resource type ValueSet cannot be treated as a CodeSystem
[0;39m[33mThe resource type ValueSet cannot be treated as a CodeSystem
[0;39m[33mThe resource type ValueSet cannot be treated as a CodeSystem
[0;39m[33mThe resource type ValueSet cannot be treated as a CodeSystem
[0;39m[33mThe resource type ValueSet cannot be treated as a CodeSystem
[0;39m[33mThe resource type ValueSet cannot be treated as a CodeSystem
[0;39m[33mThe resource type ValueSet cannot be treated as a CodeSystem
[0;39m[33mThe resource type ValueSet cannot be treated as a CodeSystem
[0;39m[33mThe resource type ValueSet cannot be treated as a CodeSystem
[0;39m[33mThe resource type ValueSet cannot be treated as a CodeSystem
[0;39m[33mThe resource type ValueSet cannot be treated as a CodeSystem
[0;39m[33mThe resource type ValueSet cannot be treated as a CodeSystem
[0;39m[33mThe resource type ValueSet cannot be treated as a CodeSystem
[0;39m[33mThe resource type ValueSet cannot be treated as a CodeSystem
[0;39m[33mThe resource type ValueSet cannot be treated as a CodeSystem
[0;39m[33mThe resource type ValueSet cannot be treated as a CodeSystem
[0;39m[33mThe resource type ValueSet cannot be treated as a CodeSystem
[0;39m[33mThe resource type ValueSet cannot be treated as a CodeSystem
[0;39m[33mThe resource type ValueSet cannot be treated as a CodeSystem
[0;39m[33mThe resource type ValueSet cannot be treated as a CodeSystem
[0;39m[33mThe resource type ValueSet cannot be treated as a CodeSystem
[0;39m[33mThe resource type ValueSet cannot be treated as a CodeSystem
[0;39m[33mThe resource type ValueSet cannot be treated as a CodeSystem
[0;39m[33mThe resource type ValueSet cannot be treated as a CodeSystem
[0;39m[33mThe resource type ValueSet cannot be treated as a CodeSystem
[0;39m[33mThe resource type ValueSet cannot be treated as a CodeSystem
[0;39m[33mThe resource type ValueSet cannot be treated as a CodeSystem
[0;39m[33mThe resource type ValueSet cannot be treated as a CodeSystem
[0;39m[33mThe resource type ValueSet cannot be treated as a CodeSystem
[0;39m[33mThe resource type ValueSet cannot be treated as a CodeSystem
[0;39m[33mThe resource type ValueSet cannot be treated as a CodeSystem
[0;39m[33mThe resource type ValueSet cannot be treated as a CodeSystem
[0;39m[33mThe resource type ValueSet cannot be treated as a CodeSystem
[0;39m[33mThe resource type ValueSet cannot be treated as a CodeSystem
[0;39mGenerate Spreadsheets                                                                                (00:26.928 / 03:41.299, 2Gb)
Generate Summaries                                                                                   (00:06.622 / 03:47.921, 2Gb)
Generating Summary Outputs                                                                           (00:00.000 / 03:47.922, 2Gb)
[33mThe resource type ValueSet cannot be treated as a CodeSystem
[0;39m[33mThe resource type ValueSet cannot be treated as a CodeSystem
[0;39mTable of contents has a section with more than 222 entries.  Collapsing will not work reliably
DB Cumulative Time invested: 00:00:08.711
Sending Usage Stats to Server                                                                        (00:08.650 / 03:56.573, 2Gb)
## Memory (MB): Use = 2170, Free = 1703, Total = 3874, Max = 3998                                    (00:00.000 / 03:56.574, 2Gb)
Reclaiming memory...                                                                                 (00:00.000 / 03:56.574, 2Gb)
Generating combined package                                                                          (00:00.081 / 03:56.656, 2Gb)
Error generating combined package: /tmp/ig-builds/dk.ehealth.sundhed.fhir.ig.core#10.0.1-milestone/output/package.tgz (No such file or directory) (00:00.001 / 03:56.657, 2Gb)
## Memory (MB): Use = 1932, Free = 1941, Total = 3874, Max = 3998                                    (00:00.818 / 03:57.476, 1Gb)
Run jekyll: jekyll build --destination "/tmp/ig-builds/dk.ehealth.sundhed.fhir.ig.core#10.0.1-milestone/output" (in folder /tmp/ig-builds/dk.ehealth.sundhed.fhir.ig.core#10.0.1-milestone/temp/pages) (00:00.001 / 03:57.477, 1Gb)
Troubleshooting Note: usual cases for Jekyll to fail are:                                            (00:00.000 / 03:57.478, 1Gb)
* A failure to produce a fragment that is already logged in the output above                         (00:00.000 / 03:57.479, 1Gb)
* A reference to a manually edited file that hasn't been provided                                    (00:00.000 / 03:57.480, 1Gb)
Jekyll: Source: /tmp/ig-builds/dk.ehealth.sundhed.fhir.ig.core#10.0.1-milestone/temp/pages           (00:01.761 / 03:59.241, 1Gb)
Jekyll: Generating...                                                                                (00:00.001 / 03:59.242, 1Gb)
Jekyll: done in 15.865 seconds.                                                                      (00:15.863 / 04:15.106, 1Gb)
[39m
[0;39m[39mInstalling dk.ehealth.sundhed.fhir.ig.core#10.0.1
[0;39m[39m loaded @ /root/.fhir/packages/dk.ehealth.sundhed.fhir.ig.core#10.0.1
[0;39mChecking Output HTML                                                                                 (00:08.096 / 04:23.202, 3Gb)
Processed /tmp/ig-builds/dk.ehealth.sundhed.fhir.ig.core#10.0.1-milestone/output - % reduction = 98 (374743380 ==> 8649499)
found 9392 files                                                                                     (00:05.695 / 04:28.897, 2Gb)
........................................
........................................
  ... 9392 html files, 0 pages invalid xhtml (0%)                                                    (01:10.312 / 05:39.209, 2Gb)
  ... 1446697 links, 1216 broken links (0%)                                                          (00:00.001 / 05:39.210, 2Gb)
Generate fragment-usage-analysis.csv                                                                 (00:00.000 / 05:39.211, 2Gb)
Build final .zip                                                                                     (00:00.008 / 05:39.220, 2Gb)
Final .zip built                                                                                     (00:11.331 / 05:50.551, 2Gb)
Built. Times: loading: 00:11.109, generate: 05:09.185, narrative generation: 00:04.283, realm-rules: 00:00.001, previous-version: 00:18.629, jekyll: 00:17.725, validation: 01:05.038 (#689), template: 00:01.686 (#3) (00:11.484 / 06:02.036, 3Gb)
Generating QA                                                                                        (00:00.001 / 06:02.037, 3Gb)
Internal error in location for message: 'Error @1, 2: Found / expecting a token name', loc = '/tmp/ig-builds/dk.ehealth.sundhed.fhir.ig.core#10.0.1-milestone/output/OperationDefinition--s-submit', err = 'Illegal HTML: illegal html element: the (" or "urn:uuid:.".)'
Internal error in location for message: 'Error @1, 2: Found / expecting a token name', loc = '/tmp/ig-builds/dk.ehealth.sundhed.fhir.ig.core#10.0.1-milestone/output/StructureDefinition-ehealth-a', err = 'The html source has duplicate anchor Ids: root'
Internal error in location for message: 'Error @1, 2: Found / expecting a token name', loc = '/tmp/ig-builds/dk.ehealth.sundhed.fhir.ig.core#10.0.1-milestone/output/StructureDefinition-ehealth-a', err = 'The html source has duplicate anchor Ids: root'
Internal error in location for message: 'Error @1, 2: Found / expecting a token name', loc = '/tmp/ig-builds/dk.ehealth.sundhed.fhir.ig.core#10.0.1-milestone/output/StructureDefinition-ehealth-a', err = 'The html source has duplicate anchor Ids: root'
Internal error in location for message: 'Error @1, 2: Found / expecting a token name', loc = '/tmp/ig-builds/dk.ehealth.sundhed.fhir.ig.core#10.0.1-milestone/output/StructureDefinition-ehealth-a', err = 'The html source has duplicate anchor Ids: root'
Internal error in location for message: 'Error @1, 2: Found / expecting a token name', loc = '/tmp/ig-builds/dk.ehealth.sundhed.fhir.ig.core#10.0.1-milestone/output/StructureDefinition-ehealth-a', err = 'The html source has duplicate anchor Ids: root'
Internal error in location for message: 'Error @1, 2: Found / expecting a token name', loc = '/tmp/ig-builds/dk.ehealth.sundhed.fhir.ig.core#10.0.1-milestone/output/StructureDefinition-ehealth-a', err = 'The html source has duplicate anchor Ids: root'
Internal error in location for message: 'Error @1, 2: Found / expecting a token name', loc = '/tmp/ig-builds/dk.ehealth.sundhed.fhir.ig.core#10.0.1-milestone/output/StructureDefinition-ehealth-c', err = 'The html source has duplicate anchor Ids: root'
Internal error in location for message: 'Error @1, 2: Found / expecting a token name', loc = '/tmp/ig-builds/dk.ehealth.sundhed.fhir.ig.core#10.0.1-milestone/output/StructureDefinition-ehealth-c', err = 'Illegal HTML: illegal html element: uuid ().)'
Internal error in location for message: 'Error @1, 2: Found / expecting a token name', loc = '/tmp/ig-builds/dk.ehealth.sundhed.fhir.ig.core#10.0.1-milestone/output/StructureDefinition-ehealth-c', err = 'The html source has duplicate anchor Ids: root'
Internal error in location for message: 'Error @1, 2: Found / expecting a token name', loc = '/tmp/ig-builds/dk.ehealth.sundhed.fhir.ig.core#10.0.1-milestone/output/StructureDefinition-ehealth-c', err = 'The html source has duplicate anchor Ids: root'
Internal error in location for message: 'Error @1, 2: Found / expecting a token name', loc = '/tmp/ig-builds/dk.ehealth.sundhed.fhir.ig.core#10.0.1-milestone/output/StructureDefinition-ehealth-c', err = 'The html source has duplicate anchor Ids: root'
Internal error in location for message: 'Error @1, 2: Found / expecting a token name', loc = '/tmp/ig-builds/dk.ehealth.sundhed.fhir.ig.core#10.0.1-milestone/output/StructureDefinition-ehealth-c', err = 'The html source has duplicate anchor Ids: root'
Internal error in location for message: 'Error @1, 2: Found / expecting a token name', loc = '/tmp/ig-builds/dk.ehealth.sundhed.fhir.ig.core#10.0.1-milestone/output/StructureDefinition-ehealth-c', err = 'The html source has duplicate anchor Ids: root'
Internal error in location for message: 'Error @1, 2: Found / expecting a token name', loc = '/tmp/ig-builds/dk.ehealth.sundhed.fhir.ig.core#10.0.1-milestone/output/StructureDefinition-ehealth-c', err = 'The html source has duplicate anchor Ids: root'
Internal error in location for message: 'Error @1, 2: Found / expecting a token name', loc = '/tmp/ig-builds/dk.ehealth.sundhed.fhir.ig.core#10.0.1-milestone/output/StructureDefinition-ehealth-c', err = 'The html source has duplicate anchor Ids: root'
Internal error in location for message: 'Error @1, 2: Found / expecting a token name', loc = '/tmp/ig-builds/dk.ehealth.sundhed.fhir.ig.core#10.0.1-milestone/output/StructureDefinition-ehealth-c', err = 'The html source has duplicate anchor Ids: root'
Internal error in location for message: 'Error @1, 2: Found / expecting a token name', loc = '/tmp/ig-builds/dk.ehealth.sundhed.fhir.ig.core#10.0.1-milestone/output/StructureDefinition-ehealth-d', err = 'The html source has duplicate anchor Ids: root'
Internal error in location for message: 'Error @1, 2: Found / expecting a token name', loc = '/tmp/ig-builds/dk.ehealth.sundhed.fhir.ig.core#10.0.1-milestone/output/StructureDefinition-ehealth-d', err = 'The html source has duplicate anchor Ids: root'
Internal error in location for message: 'Error @1, 2: Found / expecting a token name', loc = '/tmp/ig-builds/dk.ehealth.sundhed.fhir.ig.core#10.0.1-milestone/output/StructureDefinition-ehealth-d', err = 'The html source has duplicate anchor Ids: root'
Internal error in location for message: 'Error @1, 2: Found / expecting a token name', loc = '/tmp/ig-builds/dk.ehealth.sundhed.fhir.ig.core#10.0.1-milestone/output/StructureDefinition-ehealth-d', err = 'The html source has duplicate anchor Ids: root'
Internal error in location for message: 'Error @1, 2: Found / expecting a token name', loc = '/tmp/ig-builds/dk.ehealth.sundhed.fhir.ig.core#10.0.1-milestone/output/StructureDefinition-ehealth-d', err = 'The html source has duplicate anchor Ids: root'
Internal error in location for message: 'Error @1, 2: Found / expecting a token name', loc = '/tmp/ig-builds/dk.ehealth.sundhed.fhir.ig.core#10.0.1-milestone/output/StructureDefinition-ehealth-e', err = 'The html source has duplicate anchor Ids: root'
Internal error in location for message: 'Error @1, 2: Found / expecting a token name', loc = '/tmp/ig-builds/dk.ehealth.sundhed.fhir.ig.core#10.0.1-milestone/output/StructureDefinition-ehealth-e', err = 'The html source has duplicate anchor Ids: root'
Internal error in location for message: 'Error @1, 2: Found / expecting a token name', loc = '/tmp/ig-builds/dk.ehealth.sundhed.fhir.ig.core#10.0.1-milestone/output/StructureDefinition-ehealth-g', err = 'The html source has duplicate anchor Ids: root'
Internal error in location for message: 'Error @1, 2: Found / expecting a token name', loc = '/tmp/ig-builds/dk.ehealth.sundhed.fhir.ig.core#10.0.1-milestone/output/StructureDefinition-ehealth-g', err = 'The html source has duplicate anchor Ids: root'
Internal error in location for message: 'Error @1, 2: Found / expecting a token name', loc = '/tmp/ig-builds/dk.ehealth.sundhed.fhir.ig.core#10.0.1-milestone/output/StructureDefinition-ehealth-g', err = 'The html source has duplicate anchor Ids: root'
Internal error in location for message: 'Error @1, 2: Found / expecting a token name', loc = '/tmp/ig-builds/dk.ehealth.sundhed.fhir.ig.core#10.0.1-milestone/output/StructureDefinition-ehealth-g', err = 'The html source has duplicate anchor Ids: root'
Internal error in location for message: 'Error @1, 2: Found / expecting a token name', loc = '/tmp/ig-builds/dk.ehealth.sundhed.fhir.ig.core#10.0.1-milestone/output/StructureDefinition-ehealth-l', err = 'The html source has duplicate anchor Ids: root'
Internal error in location for message: 'Error @1, 2: Found / expecting a token name', loc = '/tmp/ig-builds/dk.ehealth.sundhed.fhir.ig.core#10.0.1-milestone/output/StructureDefinition-ehealth-m', err = 'The html source has duplicate anchor Ids: root'
Internal error in location for message: 'Error @1, 2: Found / expecting a token name', loc = '/tmp/ig-builds/dk.ehealth.sundhed.fhir.ig.core#10.0.1-milestone/output/StructureDefinition-ehealth-m', err = 'The html source has duplicate anchor Ids: root'
Internal error in location for message: 'Error @1, 2: Found / expecting a token name', loc = '/tmp/ig-builds/dk.ehealth.sundhed.fhir.ig.core#10.0.1-milestone/output/StructureDefinition-ehealth-m', err = 'The html source has duplicate anchor Ids: root'
Internal error in location for message: 'Error @1, 2: Found / expecting a token name', loc = '/tmp/ig-builds/dk.ehealth.sundhed.fhir.ig.core#10.0.1-milestone/output/StructureDefinition-ehealth-o', err = 'The html source has duplicate anchor Ids: root'
Internal error in location for message: 'Error @1, 2: Found / expecting a token name', loc = '/tmp/ig-builds/dk.ehealth.sundhed.fhir.ig.core#10.0.1-milestone/output/StructureDefinition-ehealth-o', err = 'The html source has duplicate anchor Ids: root'
Internal error in location for message: 'Error @1, 2: Found / expecting a token name', loc = '/tmp/ig-builds/dk.ehealth.sundhed.fhir.ig.core#10.0.1-milestone/output/StructureDefinition-ehealth-o', err = 'The html source has duplicate anchor Ids: root'
Internal error in location for message: 'Error @1, 2: Found / expecting a token name', loc = '/tmp/ig-builds/dk.ehealth.sundhed.fhir.ig.core#10.0.1-milestone/output/StructureDefinition-ehealth-p', err = 'The html source has duplicate anchor Ids: root'
Internal error in location for message: 'Error @1, 2: Found / expecting a token name', loc = '/tmp/ig-builds/dk.ehealth.sundhed.fhir.ig.core#10.0.1-milestone/output/StructureDefinition-ehealth-p', err = 'The html source has duplicate anchor Ids: root'
Internal error in location for message: 'Error @1, 2: Found / expecting a token name', loc = '/tmp/ig-builds/dk.ehealth.sundhed.fhir.ig.core#10.0.1-milestone/output/StructureDefinition-ehealth-p', err = 'The html source has duplicate anchor Ids: root'
Internal error in location for message: 'Error @1, 2: Found / expecting a token name', loc = '/tmp/ig-builds/dk.ehealth.sundhed.fhir.ig.core#10.0.1-milestone/output/StructureDefinition-ehealth-p', err = 'The html source has duplicate anchor Ids: root'
Internal error in location for message: 'Error @1, 2: Found / expecting a token name', loc = '/tmp/ig-builds/dk.ehealth.sundhed.fhir.ig.core#10.0.1-milestone/output/StructureDefinition-ehealth-p', err = 'The html source has duplicate anchor Ids: root'
Internal error in location for message: 'Error @1, 2: Found / expecting a token name', loc = '/tmp/ig-builds/dk.ehealth.sundhed.fhir.ig.core#10.0.1-milestone/output/StructureDefinition-ehealth-q', err = 'The html source has duplicate anchor Ids: root'
Internal error in location for message: 'Error @1, 2: Found / expecting a token name', loc = '/tmp/ig-builds/dk.ehealth.sundhed.fhir.ig.core#10.0.1-milestone/output/StructureDefinition-ehealth-q', err = 'The html source has duplicate anchor Ids: root'
Internal error in location for message: 'Error @1, 2: Found / expecting a token name', loc = '/tmp/ig-builds/dk.ehealth.sundhed.fhir.ig.core#10.0.1-milestone/output/StructureDefinition-ehealth-q', err = 'The html source has duplicate anchor Ids: root'
Internal error in location for message: 'Error @1, 2: Found / expecting a token name', loc = '/tmp/ig-builds/dk.ehealth.sundhed.fhir.ig.core#10.0.1-milestone/output/StructureDefinition-ehealth-r', err = 'The html source has duplicate anchor Ids: root'
Internal error in location for message: 'Error @1, 2: Found / expecting a token name', loc = '/tmp/ig-builds/dk.ehealth.sundhed.fhir.ig.core#10.0.1-milestone/output/StructureDefinition-ehealth-s', err = 'The html source has duplicate anchor Ids: root'
Internal error in location for message: 'Error @1, 2: Found / expecting a token name', loc = '/tmp/ig-builds/dk.ehealth.sundhed.fhir.ig.core#10.0.1-milestone/output/StructureDefinition-ehealth-s', err = 'The html source has duplicate anchor Ids: root'
Internal error in location for message: 'Error @1, 2: Found / expecting a token name', loc = '/tmp/ig-builds/dk.ehealth.sundhed.fhir.ig.core#10.0.1-milestone/output/StructureDefinition-ehealth-t', err = 'The html source has duplicate anchor Ids: root'
Internal error in location for message: 'Error @1, 2: Found / expecting a token name', loc = '/tmp/ig-builds/dk.ehealth.sundhed.fhir.ig.core#10.0.1-milestone/output/StructureDefinition-ehealth-t', err = 'The html source has duplicate anchor Ids: root'
Internal error in location for message: 'Error @1, 2: Found / expecting a token name', loc = '/tmp/ig-builds/dk.ehealth.sundhed.fhir.ig.core#10.0.1-milestone/output/StructureDefinition-ehealth-v', err = 'The html source has duplicate anchor Ids: root'
Internal error in location for message: 'Error @1, 2: Found / expecting a token name', loc = '/tmp/ig-builds/dk.ehealth.sundhed.fhir.ig.core#10.0.1-milestone/output/StructureDefinition-ehealth-v', err = 'The html source has duplicate anchor Ids: root'
Internal error in location for message: 'Error @1, 2: Found / expecting a token name', loc = '/tmp/ig-builds/dk.ehealth.sundhed.fhir.ig.core#10.0.1-milestone/output/error-messages.html', err = 'Illegal HTML: illegal html element: DocumentEntry.uniqueId (__)'
Internal error in location for message: 'Error @1, 2: Found / expecting a token name', loc = '/tmp/ig-builds/dk.ehealth.sundhed.fhir.ig.core#10.0.1-milestone/output/systematic-error-messages.htm', err = 'Illegal HTML: illegal html element: DocumentEntry.uniqueId (__)'
Validation output in /tmp/ig-builds/dk.ehealth.sundhed.fhir.ig.core#10.0.1-milestone/output/qa.html
Errors: 2381, Warnings: 1928, Info: 1176, Broken Links: 1216 (00:01.438 / 06:03.476, 2Gb)
Finished @ 11.08.2026 06.50. Max Memory Used = 3Gb. Log file saved in /tmp/fhir-ig-publisher-tmp.log (00:00.188 / 06:03.664, 2Gb)
Keep a copy of the build directory at /tmp/web-root/run-20260811/ig-build-zips/dk.ehealth.sundhed.fhir.ig.core#10.0.1.zip

ok. All checks passed. Publish v10.0.1 to /tmp/web-root/run-20260811/fhir/10.0.1
Copy the IG to /tmp/web-root/run-20260811/fhir/10.0.1
Update /tmp/web-root/run-20260811/fhir/package-list.json
Publish Box Statement: This page is part of the FUT Infrastructure (v10.0.1: Release) based on <a data-no-external="true" href="http://hl7.org/fhir/R4">FHIR (HL7® FHIR® Standard) R4</a>. This is the current published version in its permanent home (it will always be available at this URL).  For a full list of available versions, see the <a data-no-external="true" href="http://ehealth.sundhed.dk/fhir/history.html">Directory of published versions</a>
  .. 4648 files checked, 4648 updated
  .. 689 redirections (689 created/updated)
This is a milestone release - publish v10.0.1 to /tmp/web-root/run-20260811/fhir
Update publish box for version 10.0.0 @ http://ehealth.sundhed.dk/fhir/10.0.0
Publish Box Statement: This page is part of the FUT Infrastructure (v10.0.0: Release) based on <a data-no-external="true" href="http://hl7.org/fhir/R4">FHIR (HL7® FHIR® Standard) R4</a>. The current version which supersedes this version is <a data-no-external="true" href="http://ehealth.sundhed.dk/fhir{{fn}}">10.0.1</a>.  For a full list of available versions, see the <a data-no-external="true" href="http://ehealth.sundhed.dk/fhir/history.html">Directory of published versions</a>
  .. 4648 files checked, 4648 updated
Building download for /tmp/web-root/run-20260811/fhir/10.0.0 url = http://ehealth.sundhed.dk/fhir/10.0.0, canonical = http://ehealth.sundhed.dk/fhir
  ................................................................................
  ................................................................................
  ................................................................................
  ................................................................................
  ................................................................................
  ................................................................................
  ................................................................................
  ................................................................................
  ............................................................
 ..Finished
Update publish box for version 9.0.1 @ http://ehealth.sundhed.dk/fhir/9.0.1
Publish Box Statement: This page is part of the FUT Infrastructure (v9.0.1: Release) based on <a data-no-external="true" href="http://hl7.org/fhir/R4">FHIR (HL7® FHIR® Standard) R4</a>. The current version which supersedes this version is <a data-no-external="true" href="http://ehealth.sundhed.dk/fhir{{fn}}">10.0.1</a>.  For a full list of available versions, see the <a data-no-external="true" href="http://ehealth.sundhed.dk/fhir/history.html">Directory of published versions</a>
  .. 4350 files checked, 4350 updated
Building download for /tmp/web-root/run-20260811/fhir/9.0.1 url = http://ehealth.sundhed.dk/fhir/9.0.1, canonical = http://ehealth.sundhed.dk/fhir
  ................................................................................
  ................................................................................
  ................................................................................
  ................................................................................
  ................................................................................
  ................................................................................
  ................................................................................
  ...................
 ..Finished
Update publish box for version 9.0.0 @ http://ehealth.sundhed.dk/fhir/9.0.0
Publish Box Statement: This page is part of the FUT Infrastructure (v9.0.0: Release) based on <a data-no-external="true" href="http://hl7.org/fhir/R4">FHIR (HL7® FHIR® Standard) R4</a>. The current version which supersedes this version is <a data-no-external="true" href="http://ehealth.sundhed.dk/fhir{{fn}}">10.0.1</a>.  For a full list of available versions, see the <a data-no-external="true" href="http://ehealth.sundhed.dk/fhir/history.html">Directory of published versions</a>
  .. 4356 files checked, 4356 updated
Building download for /tmp/web-root/run-20260811/fhir/9.0.0 url = http://ehealth.sundhed.dk/fhir/9.0.0, canonical = http://ehealth.sundhed.dk/fhir
  ................................................................................
  ................................................................................
  ................................................................................
  ................................................................................
  ................................................................................
  ................................................................................
  ................................................................................
  ..............
 ..Finished
Update publish box for version 8.0.1 @ http://ehealth.sundhed.dk/fhir/8.0.1
Publish Box Statement: This page is part of the FUT Infrastructure (v8.0.1: Release) based on <a data-no-external="true" href="http://hl7.org/fhir/R4">FHIR (HL7® FHIR® Standard) R4</a>. The current version which supersedes this version is <a data-no-external="true" href="http://ehealth.sundhed.dk/fhir{{fn}}">10.0.1</a>.  For a full list of available versions, see the <a data-no-external="true" href="http://ehealth.sundhed.dk/fhir/history.html">Directory of published versions</a>
  .. 4190 files checked, 4190 updated
Building download for /tmp/web-root/run-20260811/fhir/8.0.1 url = http://ehealth.sundhed.dk/fhir/8.0.1, canonical = http://ehealth.sundhed.dk/fhir
  ................................................................................
  ................................................................................
  ................................................................................
  ................................................................................
  ................................................................................
  ................................................................................
  ..........................................................................
 ..Finished
Update publish box for version 8.0.0 @ http://ehealth.sundhed.dk/fhir/8.0.0
Publish Box Statement: This page is part of the FUT Infrastructure (v8.0.0: Release) based on <a data-no-external="true" href="http://hl7.org/fhir/R4">FHIR (HL7® FHIR® Standard) R4</a>. The current version which supersedes this version is <a data-no-external="true" href="http://ehealth.sundhed.dk/fhir{{fn}}">10.0.1</a>.  For a full list of available versions, see the <a data-no-external="true" href="http://ehealth.sundhed.dk/fhir/history.html">Directory of published versions</a>
  .. 4190 files checked, 4190 updated
Building download for /tmp/web-root/run-20260811/fhir/8.0.0 url = http://ehealth.sundhed.dk/fhir/8.0.0, canonical = http://ehealth.sundhed.dk/fhir
  ................................................................................
  ................................................................................
  ................................................................................
  ................................................................................
  ................................................................................
  ................................................................................
  ......................................................................
 ..Finished
Update publish box for version 7.0.8 @ http://ehealth.sundhed.dk/fhir/7.0.8
Publish Box Statement: This page is part of the FUT Infrastructure (v7.0.8: Release) based on <a data-no-external="true" href="http://hl7.org/fhir/R4">FHIR (HL7® FHIR® Standard) R4</a>. The current version which supersedes this version is <a data-no-external="true" href="http://ehealth.sundhed.dk/fhir{{fn}}">10.0.1</a>.  For a full list of available versions, see the <a data-no-external="true" href="http://ehealth.sundhed.dk/fhir/history.html">Directory of published versions</a>
  .. 3954 files checked, 3954 updated
Building download for /tmp/web-root/run-20260811/fhir/7.0.8 url = http://ehealth.sundhed.dk/fhir/7.0.8, canonical = http://ehealth.sundhed.dk/fhir
  ................................................................................
  ................................................................................
  ................................................................................
  ................................................................................
  ................................................................................
  ................................................................................
  ...........................................
 ..Finished
Update publish box for version 6.0.2 @ http://ehealth.sundhed.dk/fhir/6.0.2
Publish Box Statement: This page is part of the FUT Infrastructure (v6.0.2: Release) based on <a data-no-external="true" href="http://hl7.org/fhir/R4">FHIR (HL7® FHIR® Standard) R4</a>. The current version which supersedes this version is <a data-no-external="true" href="http://ehealth.sundhed.dk/fhir{{fn}}">10.0.1</a>.  For a full list of available versions, see the <a data-no-external="true" href="http://ehealth.sundhed.dk/fhir/history.html">Directory of published versions</a>
  .. 3948 files checked, 3948 updated
Building download for /tmp/web-root/run-20260811/fhir/6.0.2 url = http://ehealth.sundhed.dk/fhir/6.0.2, canonical = http://ehealth.sundhed.dk/fhir
  ................................................................................
  ................................................................................
  ................................................................................
  ................................................................................
  ................................................................................
  ................................................................................
  ..........................................
 ..Finished
Update publish box for version 6.0.1 @ http://ehealth.sundhed.dk/fhir/6.0.1
Publish Box Statement: This page is part of the FUT Infrastructure (v6.0.1: Release) based on <a data-no-external="true" href="http://hl7.org/fhir/R4">FHIR (HL7® FHIR® Standard) R4</a>. The current version which supersedes this version is <a data-no-external="true" href="http://ehealth.sundhed.dk/fhir{{fn}}">10.0.1</a>.  For a full list of available versions, see the <a data-no-external="true" href="http://ehealth.sundhed.dk/fhir/history.html">Directory of published versions</a>
  .. 3947 files checked, 3947 updated
Building download for /tmp/web-root/run-20260811/fhir/6.0.1 url = http://ehealth.sundhed.dk/fhir/6.0.1, canonical = http://ehealth.sundhed.dk/fhir
  ................................................................................
  ................................................................................
  ................................................................................
  ................................................................................
  ................................................................................
  ................................................................................
  ...................................................
 ..Finished
Update publish box for version 6.0.0 @ http://ehealth.sundhed.dk/fhir/6.0.0
Publish Box Statement: This page is part of the FUT Infrastructure (v6.0.0: Release) based on <a data-no-external="true" href="http://hl7.org/fhir/R4">FHIR (HL7® FHIR® Standard) R4</a>. The current version which supersedes this version is <a data-no-external="true" href="http://ehealth.sundhed.dk/fhir{{fn}}">10.0.1</a>.  For a full list of available versions, see the <a data-no-external="true" href="http://ehealth.sundhed.dk/fhir/history.html">Directory of published versions</a>
  .. 3944 files checked, 3944 updated
Building download for /tmp/web-root/run-20260811/fhir/6.0.0 url = http://ehealth.sundhed.dk/fhir/6.0.0, canonical = http://ehealth.sundhed.dk/fhir
  ................................................................................
  ................................................................................
  ................................................................................
  ................................................................................
  ................................................................................
  ................................................................................
  ..............................................................
 ..Finished
Update publish box for version 5.0.1 @ http://ehealth.sundhed.dk/fhir/5.0.1
Publish Box Statement: This page is part of the FUT Infrastructure (v5.0.1: Release) based on <a data-no-external="true" href="http://hl7.org/fhir/R4">FHIR (HL7® FHIR® Standard) R4</a>. The current version which supersedes this version is <a data-no-external="true" href="http://ehealth.sundhed.dk/fhir{{fn}}">10.0.1</a>.  For a full list of available versions, see the <a data-no-external="true" href="http://ehealth.sundhed.dk/fhir/history.html">Directory of published versions</a>
  .. 3853 files checked, 3853 updated
Building download for /tmp/web-root/run-20260811/fhir/5.0.1 url = http://ehealth.sundhed.dk/fhir/5.0.1, canonical = http://ehealth.sundhed.dk/fhir
  ................................................................................
  ................................................................................
  ................................................................................
  ................................................................................
  ................................................................................
  ................................................................................
  .............................
 ..Finished
Update publish box for version 5.0.0 @ http://ehealth.sundhed.dk/fhir/5.0.0
Publish Box Statement: This page is part of the FUT Infrastructure (v5.0.0: Release) based on <a data-no-external="true" href="http://hl7.org/fhir/R4">FHIR (HL7® FHIR® Standard) R4</a>. The current version which supersedes this version is <a data-no-external="true" href="http://ehealth.sundhed.dk/fhir{{fn}}">10.0.1</a>.  For a full list of available versions, see the <a data-no-external="true" href="http://ehealth.sundhed.dk/fhir/history.html">Directory of published versions</a>
  .. 3853 files checked, 3853 updated
Building download for /tmp/web-root/run-20260811/fhir/5.0.0 url = http://ehealth.sundhed.dk/fhir/5.0.0, canonical = http://ehealth.sundhed.dk/fhir
  ................................................................................
  ................................................................................
  ................................................................................
  ................................................................................
  ................................................................................
  ................................................................................
  .............................
 ..Finished
Update publish box for version 4.0.1 @ http://ehealth.sundhed.dk/fhir/4.0.1
Publish Box Statement: This page is part of the FUT Infrastructure (v4.0.1: Release) based on <a data-no-external="true" href="http://hl7.org/fhir/R4">FHIR (HL7® FHIR® Standard) R4</a>. The current version which supersedes this version is <a data-no-external="true" href="http://ehealth.sundhed.dk/fhir{{fn}}">10.0.1</a>.  For a full list of available versions, see the <a data-no-external="true" href="http://ehealth.sundhed.dk/fhir/history.html">Directory of published versions</a>
  .. 3853 files checked, 3853 updated
Building download for /tmp/web-root/run-20260811/fhir/4.0.1 url = http://ehealth.sundhed.dk/fhir/4.0.1, canonical = http://ehealth.sundhed.dk/fhir
  ................................................................................
  ................................................................................
  ................................................................................
  ................................................................................
  ................................................................................
  ................................................................................
  .............................
 ..Finished
Update publish box for version 4.0.0 @ http://ehealth.sundhed.dk/fhir/4.0.0
Publish Box Statement: This page is part of the FUT Infrastructure (v4.0.0: Release) based on <a data-no-external="true" href="http://hl7.org/fhir/R4">FHIR (HL7® FHIR® Standard) R4</a>. The current version which supersedes this version is <a data-no-external="true" href="http://ehealth.sundhed.dk/fhir{{fn}}">10.0.1</a>.  For a full list of available versions, see the <a data-no-external="true" href="http://ehealth.sundhed.dk/fhir/history.html">Directory of published versions</a>
  .. 3853 files checked, 3853 updated
Building download for /tmp/web-root/run-20260811/fhir/4.0.0 url = http://ehealth.sundhed.dk/fhir/4.0.0, canonical = http://ehealth.sundhed.dk/fhir
  ................................................................................
  ................................................................................
  ................................................................................
  ................................................................................
  ................................................................................
  ................................................................................
  ............................
 ..Finished
Update publish box for version 3.5.1 @ http://ehealth.sundhed.dk/fhir/3.5.1
Publish Box Statement: This page is part of the FUT Infrastructure (v3.5.1: Release) based on <a data-no-external="true" href="http://hl7.org/fhir/R4">FHIR (HL7® FHIR® Standard) R4</a>. The current version which supersedes this version is <a data-no-external="true" href="http://ehealth.sundhed.dk/fhir{{fn}}">10.0.1</a>.  For a full list of available versions, see the <a data-no-external="true" href="http://ehealth.sundhed.dk/fhir/history.html">Directory of published versions</a>
  .. 3795 files checked, 3795 updated
Building download for /tmp/web-root/run-20260811/fhir/3.5.1 url = http://ehealth.sundhed.dk/fhir/3.5.1, canonical = http://ehealth.sundhed.dk/fhir
  ................................................................................
  ................................................................................
  ................................................................................
  ................................................................................
  ................................................................................
  ................................................................................
  ............................
 ..Finished
Update publish box for version 3.5.0 @ http://ehealth.sundhed.dk/fhir/3.5.0
Publish Box Statement: This page is part of the FUT Infrastructure (v3.5.0: Release) based on <a data-no-external="true" href="http://hl7.org/fhir/R4">FHIR (HL7® FHIR® Standard) R4</a>. The current version which supersedes this version is <a data-no-external="true" href="http://ehealth.sundhed.dk/fhir{{fn}}">10.0.1</a>.  For a full list of available versions, see the <a data-no-external="true" href="http://ehealth.sundhed.dk/fhir/history.html">Directory of published versions</a>
  .. 3795 files checked, 3795 updated
Building download for /tmp/web-root/run-20260811/fhir/3.5.0 url = http://ehealth.sundhed.dk/fhir/3.5.0, canonical = http://ehealth.sundhed.dk/fhir
  ................................................................................
  ................................................................................
  ................................................................................
  ................................................................................
  ................................................................................
  ................................................................................
  ...........................
 ..Finished
Update publish box for version 3.4.1 @ http://ehealth.sundhed.dk/fhir/3.4.1
Publish Box Statement: This page is part of the FUT Infrastructure (v3.4.1: Release) based on <a data-no-external="true" href="http://hl7.org/fhir/R4">FHIR (HL7® FHIR® Standard) R4</a>. The current version which supersedes this version is <a data-no-external="true" href="http://ehealth.sundhed.dk/fhir{{fn}}">10.0.1</a>.  For a full list of available versions, see the <a data-no-external="true" href="http://ehealth.sundhed.dk/fhir/history.html">Directory of published versions</a>
  .. 3788 files checked, 3788 updated
Building download for /tmp/web-root/run-20260811/fhir/3.4.1 url = http://ehealth.sundhed.dk/fhir/3.4.1, canonical = http://ehealth.sundhed.dk/fhir
  ................................................................................
  ................................................................................
  ................................................................................
  ................................................................................
  ................................................................................
  ................................................................................
  ...........................
 ..Finished
Update publish box for version 3.4.0 @ http://ehealth.sundhed.dk/fhir/3.4.0
Publish Box Statement: This page is part of the FUT Infrastructure (v3.4.0: Release) based on <a data-no-external="true" href="http://hl7.org/fhir/R4">FHIR (HL7® FHIR® Standard) R4</a>. The current version which supersedes this version is <a data-no-external="true" href="http://ehealth.sundhed.dk/fhir{{fn}}">10.0.1</a>.  For a full list of available versions, see the <a data-no-external="true" href="http://ehealth.sundhed.dk/fhir/history.html">Directory of published versions</a>
  .. 3782 files checked, 3782 updated
Building download for /tmp/web-root/run-20260811/fhir/3.4.0 url = http://ehealth.sundhed.dk/fhir/3.4.0, canonical = http://ehealth.sundhed.dk/fhir
  ................................................................................
  ................................................................................
  ................................................................................
  ................................................................................
  ................................................................................
  ................................................................................
  .....................
 ..Finished
Update publish box for version 3.3.0 @ http://ehealth.sundhed.dk/fhir/3.3.0
Publish Box Statement: This page is part of the FUT Infrastructure (v3.3.0: Release) based on <a data-no-external="true" href="http://hl7.org/fhir/R4">FHIR (HL7® FHIR® Standard) R4</a>. The current version which supersedes this version is <a data-no-external="true" href="http://ehealth.sundhed.dk/fhir{{fn}}">10.0.1</a>.  For a full list of available versions, see the <a data-no-external="true" href="http://ehealth.sundhed.dk/fhir/history.html">Directory of published versions</a>
  .. 3585 files checked, 3585 updated
Building download for /tmp/web-root/run-20260811/fhir/3.3.0 url = http://ehealth.sundhed.dk/fhir/3.3.0, canonical = http://ehealth.sundhed.dk/fhir
  ................................................................................
  ................................................................................
  ................................................................................
  ................................................................................
  ................................................................................
  ................................
 ..Finished
Update publish box for version 3.2.0 @ http://ehealth.sundhed.dk/fhir/3.2.0
Publish Box Statement: This page is part of the FUT Infrastructure (v3.2.0: Release) based on <a data-no-external="true" href="http://hl7.org/fhir/R4">FHIR (HL7® FHIR® Standard) R4</a>. The current version which supersedes this version is <a data-no-external="true" href="http://ehealth.sundhed.dk/fhir{{fn}}">10.0.1</a>.  For a full list of available versions, see the <a data-no-external="true" href="http://ehealth.sundhed.dk/fhir/history.html">Directory of published versions</a>
  .. 3543 files checked, 3543 updated
Building download for /tmp/web-root/run-20260811/fhir/3.2.0 url = http://ehealth.sundhed.dk/fhir/3.2.0, canonical = http://ehealth.sundhed.dk/fhir
  ................................................................................
  ................................................................................
  ................................................................................
  ................................................................................
  ................................................................................
  ...........................
 ..Finished
Update publish box for version 3.1.0 @ http://ehealth.sundhed.dk/fhir/3.1.0
Publish Box Statement: This page is part of the FUT Infrastructure (v3.1.0: Release) based on <a data-no-external="true" href="http://hl7.org/fhir/R4">FHIR (HL7® FHIR® Standard) R4</a>. The current version which supersedes this version is <a data-no-external="true" href="http://ehealth.sundhed.dk/fhir{{fn}}">10.0.1</a>.  For a full list of available versions, see the <a data-no-external="true" href="http://ehealth.sundhed.dk/fhir/history.html">Directory of published versions</a>
  .. 3429 files checked, 3429 updated
Building download for /tmp/web-root/run-20260811/fhir/3.1.0 url = http://ehealth.sundhed.dk/fhir/3.1.0, canonical = http://ehealth.sundhed.dk/fhir
  ................................................................................
  ................................................................................
  ................................................................................
  ................................................................................
  ........................
 ..Finished
Publish Box Statement: This page is part of the FUT Infrastructure (v10.0.1: Release) based on <a data-no-external="true" href="http://hl7.org/fhir/R4">FHIR (HL7® FHIR® Standard) R4</a>. This is the current published version.  For a full list of available versions, see the <a data-no-external="true" href="http://ehealth.sundhed.dk/fhir/history.html">Directory of published versions</a>
  .. 4648 files checked, 4648 updated
  .. 689 redirections (689 created/updated)
Check for Files to delete
  ... 0 files
Copy to new IG /tmp/web-root/run-20260811/fhir
Error in package-list.json:path to build.fhir.org should not use https://
dk.ehealth.sundhed.fhir.ig.core (http://ehealth.sundhed.dk/fhir): FUT Infrastructure @ http://build.fhir.org/ig/fut-infrastructure/implementation-guide
  edition: Releases 10.0.1/4.0.1 @ http://ehealth.sundhed.dk/fhir/10.0.1
Build is complete. Copy from /tmp/web-root/run-20260811
Update history page at /tmp/web-root/run-20260811/fhir from /__w/implementation-guide/implementation-guide/history and web/templates
