FHIR IG Publisher Version 2.3.4 (Git# 7ae92f79415a). Built 2026-09-04T06:21:07.840Z (6 days old)
Detected Java version: 25.0.4 from /opt/java/openjdk on amd64 (64bit). 3998MB available
dir = /__w/implementation-guide/implementation-guide, path = /opt/java/openjdk/bin:/usr/local/sbin:/usr/local/bin:/usr/sbin:/usr/bin:/sbin:/bin
Parameters: -go-publish -source ig/ -web web/ -registry registry/fhir-ig-list.json -history history/ -templates web/templates
---------------
Publication Run: publish ig/ to web/
Relative directory for IG is '/fhir'
===== Web Publication Run Details ===============================
 Source IG: dk.ehealth.sundhed.fhir.ig.core#10.0.2 : http://ehealth.sundhed.dk/fhir (R4) from ig/
All checks passed. Do the publication build from /__w/implementation-guide/implementation-guide/ig and publish to /tmp/web-root/run-20260910/fhir
Prepare Build space in /tmp/ig-builds/dk.ehealth.sundhed.fhir.ig.core#10.0.2
Build IG at /__w/implementation-guide/implementation-guide/ig: final copy suitable for publication (in /tmp/ig-builds/dk.ehealth.sundhed.fhir.ig.core#10.0.2)
FHIR IG Publisher Version 2.3.4 (Git# 7ae92f79415a). Built 2026-09-04T06:21:07.840Z (6 days old)    
Detected Java version: 25.0.4 from /opt/java/openjdk on Linux/amd64 (64bit). 3998MB available       
dir = /__w/implementation-guide/implementation-guide, path = /opt/java/openjdk/bin:/usr/local/sbin:/usr/local/bin:/usr/sbin:/usr/bin:/sbin:/bin
Parameters: -publish http://ehealth.sundhed.dk/fhir/10.0.2 -no-exit -ig /tmp/ig-builds/dk.ehealth.sundhed.fhir.ig.core#10.0.2 -resetTx
Character encoding = UTF-8 / UTF-8                                                                  
Start Clock @ Thursday, September 10, 2026, 10:04:36 AM Coordinated Universal Time (2026-09-10T10:04:36Z)
                                                                                                    
Build FHIR IG from /tmp/ig-builds/dk.ehealth.sundhed.fhir.ig.core#10.0.2                             (00:00.020 / 00:00.020, 114Mb)
Build Formal Publication package, intended for http://ehealth.sundhed.dk/fhir/10.0.2                 (00:00.002 / 00:00.022, 114Mb)
No FHIR settings file at /root/.fhir/fhir-settings.json; using defaults (no API keys or npm path)    (00:00.001 / 00:00.024, 114Mb)
Package Cache: /root/.fhir/packages                                                                  (00:00.007 / 00:00.032, 114Mb)
Run Sushi on /tmp/ig-builds/dk.ehealth.sundhed.fhir.ig.core#10.0.2                                   (00:00.003 / 00:00.036, 114Mb)
Sushi: info  Running SUSHI v3.20.1 (implements FHIR Shorthand specification v3.0.0)                  (00:00.492 / 00:00.529, 117Mb)
Sushi: info  Arguments:                                                                              (00:00.001 / 00:00.530, 117Mb)
Sushi: info    --require-latest                                                                      (00:00.001 / 00:00.531, 117Mb)
Sushi: info    --out /tmp/ig-builds/dk.ehealth.sundhed.fhir.ig.core#10.0.2                           (00:00.001 / 00:00.532, 117Mb)
Sushi: info    /tmp/ig-builds/dk.ehealth.sundhed.fhir.ig.core#10.0.2                                 (00:00.001 / 00:00.533, 117Mb)
Sushi: info  Using configuration file: /tmp/ig-builds/dk.ehealth.sundhed.fhir.ig.core#10.0.2/sushi-config.yaml (00:00.497 / 00:01.031, 117Mb)
Sushi: info  Importing FSH text...                                                                   (00:00.091 / 00:01.122, 117Mb)
Sushi: info  Preprocessed 114 documents with 0 aliases.                                              (00:00.248 / 00:01.371, 117Mb)
Sushi: info  Imported 205 definitions and 24 instances.                                              (00:00.039 / 00:01.410, 117Mb)
Sushi: info  Loaded virtual package sushi-r5forR4#1.0.0 with 7 resources                             (00:00.115 / 00:01.525, 117Mb)
Sushi: info  Resolved hl7.fhir.uv.tools.r4#latest to concrete version 1.1.2                          (00:00.890 / 00:02.416, 117Mb)
Sushi: info  Loaded hl7.fhir.uv.tools.r4#1.1.2 with 119 resources                                    (00:00.046 / 00:02.463, 117Mb)
Sushi: info  Resolved hl7.terminology.r4#latest to concrete version 7.3.0                            (00:00.172 / 00:02.636, 117Mb)
Sushi: info  Loaded hl7.terminology.r4#7.3.0 with 4176 resources                                     (00:00.958 / 00:03.594, 117Mb)
Sushi: info  Loaded hl7.fhir.dk.core#3.6.0 with 73 resources                                         (00:00.024 / 00:03.619, 117Mb)
Sushi: info  Loaded hl7.fhir.uv.sdc#2.7.0 with 66 resources                                          (00:00.023 / 00:03.643, 117Mb)
Sushi: info  Loaded hl7.fhir.r4.core#4.0.1 with 4581 resources                                       (00:00.911 / 00:04.555, 117Mb)
Sushi: info  Resolved hl7.fhir.uv.extensions.r4#latest to concrete version 5.3.0                     (00:00.183 / 00:04.739, 117Mb)
Sushi: info  Loaded hl7.fhir.uv.extensions.r4#5.3.0 with 885 resources                               (00:00.210 / 00:04.949, 117Mb)
Sushi: info  Loaded virtual package sushi-local#LOCAL with 462 resources                             (00:00.104 / 00:05.053, 117Mb)
Sushi: info  Converting FSH to FHIR resources...                                                     (00:00.017 / 00:05.071, 117Mb)
Sushi: warn  The name "ehealth-access-consent" may not be suitable for machine processing applications such as code generation. Valid names start with an upper-case ASCII letter ('A'..'Z') followed by any combination of upper- or lower-case ASCII letters ('A'..'Z', and 'a'..'z'), numerals ('0'..'9') and '_', with a length limit of 255 characters. (00:00.024 / 00:05.096, 117Mb)
Sushi:   File: /tmp/ig-builds/dk.ehealth.sundhed.fhir.ig.core#10.0.2/input/fsh/ehealth-access-consent.fsh (00:00.001 / 00:05.098, 117Mb)
Sushi:   Line: 1 - 9                                                                                 (00:00.000 / 00:05.099, 117Mb)
Sushi: warn  The name "ehealth-access-provenance" may not be suitable for machine processing applications such as code generation. Valid names start with an upper-case ASCII letter ('A'..'Z') followed by any combination of upper- or lower-case ASCII letters ('A'..'Z', and 'a'..'z'), numerals ('0'..'9') and '_', with a length limit of 255 characters. (00:00.059 / 00:05.159, 117Mb)
Sushi:   File: /tmp/ig-builds/dk.ehealth.sundhed.fhir.ig.core#10.0.2/input/fsh/ehealth-access-provenance.fsh (00:00.004 / 00:05.163, 117Mb)
Sushi:   Line: 1 - 10                                                                                (00:00.002 / 00:05.165, 117Mb)
Sushi: warn  The name "ehealth-actionguidance" may not be suitable for machine processing applications such as code generation. Valid names start with an upper-case ASCII letter ('A'..'Z') followed by any combination of upper- or lower-case ASCII letters ('A'..'Z', and 'a'..'z'), numerals ('0'..'9') and '_', with a length limit of 255 characters. (00:00.061 / 00:05.227, 117Mb)
Sushi:   File: /tmp/ig-builds/dk.ehealth.sundhed.fhir.ig.core#10.0.2/input/fsh/ehealth-actionguidance.fsh (00:00.002 / 00:05.229, 117Mb)
Sushi:   Line: 1 - 17                                                                                (00:00.001 / 00:05.230, 117Mb)
Sushi: warn  The name "ehealth-recommendation" may not be suitable for machine processing applications such as code generation. Valid names start with an upper-case ASCII letter ('A'..'Z') followed by any combination of upper- or lower-case ASCII letters ('A'..'Z', and 'a'..'z'), numerals ('0'..'9') and '_', with a length limit of 255 characters. (00:00.005 / 00:05.236, 117Mb)
Sushi:   File: /tmp/ig-builds/dk.ehealth.sundhed.fhir.ig.core#10.0.2/input/fsh/ehealth-ext-recommendation.fsh (00:00.002 / 00:05.239, 117Mb)
Sushi:   Line: 1 - 7                                                                                 (00:00.001 / 00:05.240, 117Mb)
Sushi: warn  The name "ehealth-intendedAudience" may not be suitable for machine processing applications such as code generation. Valid names start with an upper-case ASCII letter ('A'..'Z') followed by any combination of upper- or lower-case ASCII letters ('A'..'Z', and 'a'..'z'), numerals ('0'..'9') and '_', with a length limit of 255 characters. (00:00.064 / 00:05.305, 117Mb)
Sushi:   File: /tmp/ig-builds/dk.ehealth.sundhed.fhir.ig.core#10.0.2/input/fsh/ehealth-ext-intendedAudience.fsh (00:00.002 / 00:05.307, 117Mb)
Sushi:   Line: 1 - 7                                                                                 (00:00.001 / 00:05.308, 117Mb)
Sushi: warn  The name "ehealth-modifier-role" may not be suitable for machine processing applications such as code generation. Valid names start with an upper-case ASCII letter ('A'..'Z') followed by any combination of upper- or lower-case ASCII letters ('A'..'Z', and 'a'..'z'), numerals ('0'..'9') and '_', with a length limit of 255 characters. (00:00.032 / 00:05.340, 117Mb)
Sushi:   File: /tmp/ig-builds/dk.ehealth.sundhed.fhir.ig.core#10.0.2/input/fsh/ehealth-ext-modifier-role.fsh (00:00.001 / 00:05.342, 117Mb)
Sushi:   Line: 1 - 13                                                                                (00:00.001 / 00:05.343, 117Mb)
Sushi: warn  The name "ehealth-basic-title" may not be suitable for machine processing applications such as code generation. Valid names start with an upper-case ASCII letter ('A'..'Z') followed by any combination of upper- or lower-case ASCII letters ('A'..'Z', and 'a'..'z'), numerals ('0'..'9') and '_', with a length limit of 255 characters. (00:00.076 / 00:05.420, 117Mb)
Sushi:   File: /tmp/ig-builds/dk.ehealth.sundhed.fhir.ig.core#10.0.2/input/fsh/ehealth-ext-actionguidance-view-title.fsh (00:00.001 / 00:05.421, 117Mb)
Sushi:   Line: 1 - 6                                                                                 (00:00.000 / 00:05.422, 117Mb)
Sushi: warn  The name "ehealth-version" may not be suitable for machine processing applications such as code generation. Valid names start with an upper-case ASCII letter ('A'..'Z') followed by any combination of upper- or lower-case ASCII letters ('A'..'Z', and 'a'..'z'), numerals ('0'..'9') and '_', with a length limit of 255 characters. (00:00.040 / 00:05.462, 117Mb)
Sushi:   File: /tmp/ig-builds/dk.ehealth.sundhed.fhir.ig.core#10.0.2/input/fsh/ehealth-ext-version.fsh (00:00.001 / 00:05.464, 117Mb)
Sushi:   Line: 1 - 6                                                                                 (00:00.000 / 00:05.465, 117Mb)
Sushi: warn  The name "ehealth-description" may not be suitable for machine processing applications such as code generation. Valid names start with an upper-case ASCII letter ('A'..'Z') followed by any combination of upper- or lower-case ASCII letters ('A'..'Z', and 'a'..'z'), numerals ('0'..'9') and '_', with a length limit of 255 characters. (00:00.044 / 00:05.510, 117Mb)
Sushi:   File: /tmp/ig-builds/dk.ehealth.sundhed.fhir.ig.core#10.0.2/input/fsh/ehealth-ext-actionguidance-view-description.fsh (00:00.002 / 00:05.512, 117Mb)
Sushi:   Line: 1 - 5                                                                                 (00:00.000 / 00:05.513, 117Mb)
Sushi: warn  The name "ehealth-purpose" may not be suitable for machine processing applications such as code generation. Valid names start with an upper-case ASCII letter ('A'..'Z') followed by any combination of upper- or lower-case ASCII letters ('A'..'Z', and 'a'..'z'), numerals ('0'..'9') and '_', with a length limit of 255 characters. (00:00.046 / 00:05.560, 117Mb)
Sushi:   File: /tmp/ig-builds/dk.ehealth.sundhed.fhir.ig.core#10.0.2/input/fsh/ehealth-ext-actionguidance-view-purpose.fsh (00:00.002 / 00:05.562, 117Mb)
Sushi:   Line: 1 - 5                                                                                 (00:00.001 / 00:05.563, 117Mb)
Sushi: warn  The name "ehealth-useContext" may not be suitable for machine processing applications such as code generation. Valid names start with an upper-case ASCII letter ('A'..'Z') followed by any combination of upper- or lower-case ASCII letters ('A'..'Z', and 'a'..'z'), numerals ('0'..'9') and '_', with a length limit of 255 characters. (00:00.051 / 00:05.615, 117Mb)
Sushi:   File: /tmp/ig-builds/dk.ehealth.sundhed.fhir.ig.core#10.0.2/input/fsh/ehealth-ext-usecontext.fsh (00:00.001 / 00:05.616, 117Mb)
Sushi:   Line: 1 - 5                                                                                 (00:00.000 / 00:05.617, 117Mb)
Sushi: warn  The name "ehealth-status" may not be suitable for machine processing applications such as code generation. Valid names start with an upper-case ASCII letter ('A'..'Z') followed by any combination of upper- or lower-case ASCII letters ('A'..'Z', and 'a'..'z'), numerals ('0'..'9') and '_', with a length limit of 255 characters. (00:00.083 / 00:05.701, 117Mb)
Sushi:   File: /tmp/ig-builds/dk.ehealth.sundhed.fhir.ig.core#10.0.2/input/fsh/ehealth-ext-actionguidance-view-status.fsh (00:00.001 / 00:05.703, 117Mb)
Sushi:   Line: 1 - 7                                                                                 (00:00.000 / 00:05.703, 117Mb)
Sushi: warn  The name "ehealth-content" may not be suitable for machine processing applications such as code generation. Valid names start with an upper-case ASCII letter ('A'..'Z') followed by any combination of upper- or lower-case ASCII letters ('A'..'Z', and 'a'..'z'), numerals ('0'..'9') and '_', with a length limit of 255 characters. (00:00.053 / 00:05.757, 117Mb)
Sushi:   File: /tmp/ig-builds/dk.ehealth.sundhed.fhir.ig.core#10.0.2/input/fsh/ehealth-ext-actionguidance-view-content.fsh (00:00.001 / 00:05.759, 117Mb)
Sushi:   Line: 1 - 7                                                                                 (00:00.001 / 00:05.761, 117Mb)
Sushi: warn  The name "ehealth-actionguidance-type" may not be suitable for machine processing applications such as code generation. Valid names start with an upper-case ASCII letter ('A'..'Z') followed by any combination of upper- or lower-case ASCII letters ('A'..'Z', and 'a'..'z'), numerals ('0'..'9') and '_', with a length limit of 255 characters. (00:00.024 / 00:05.785, 117Mb)
Sushi:   File: /tmp/ig-builds/dk.ehealth.sundhed.fhir.ig.core#10.0.2/input/fsh/ehealth-actionguidance.fsh (00:00.001 / 00:05.787, 117Mb)
Sushi:   Line: 20 - 26                                                                               (00:00.000 / 00:05.788, 117Mb)
Sushi: warn  The name "ehealth-actionguidance-for" may not be suitable for machine processing applications such as code generation. Valid names start with an upper-case ASCII letter ('A'..'Z') followed by any combination of upper- or lower-case ASCII letters ('A'..'Z', and 'a'..'z'), numerals ('0'..'9') and '_', with a length limit of 255 characters. (00:00.051 / 00:05.840, 117Mb)
Sushi:   File: /tmp/ig-builds/dk.ehealth.sundhed.fhir.ig.core#10.0.2/input/fsh/ehealth-actionguidance.fsh (00:00.002 / 00:05.842, 117Mb)
Sushi:   Line: 29 - 40                                                                               (00:00.000 / 00:05.843, 117Mb)
Sushi: warn  The name "ehealth-activitydefinition" may not be suitable for machine processing applications such as code generation. Valid names start with an upper-case ASCII letter ('A'..'Z') followed by any combination of upper- or lower-case ASCII letters ('A'..'Z', and 'a'..'z'), numerals ('0'..'9') and '_', with a length limit of 255 characters. (00:00.046 / 00:05.890, 117Mb)
Sushi:   File: /tmp/ig-builds/dk.ehealth.sundhed.fhir.ig.core#10.0.2/input/fsh/ehealth-activitydefinition.fsh (00:00.002 / 00:05.892, 117Mb)
Sushi:   Line: 1 - 24                                                                                (00:00.001 / 00:05.893, 117Mb)
Sushi: warn  The name "ehealth-reuseCriteria" may not be suitable for machine processing applications such as code generation. Valid names start with an upper-case ASCII letter ('A'..'Z') followed by any combination of upper- or lower-case ASCII letters ('A'..'Z', and 'a'..'z'), numerals ('0'..'9') and '_', with a length limit of 255 characters. (00:00.001 / 00:05.894, 117Mb)
Sushi:   File: /tmp/ig-builds/dk.ehealth.sundhed.fhir.ig.core#10.0.2/input/fsh/ehealth-ext-reuseCriteria.fsh (00:00.002 / 00:05.896, 117Mb)
Sushi:   Line: 1 - 20                                                                                (00:00.000 / 00:05.898, 117Mb)
Sushi: warn  The name "ehealth-referenceRange" may not be suitable for machine processing applications such as code generation. Valid names start with an upper-case ASCII letter ('A'..'Z') followed by any combination of upper- or lower-case ASCII letters ('A'..'Z', and 'a'..'z'), numerals ('0'..'9') and '_', with a length limit of 255 characters. (00:00.187 / 00:06.085, 117Mb)
Sushi:   File: /tmp/ig-builds/dk.ehealth.sundhed.fhir.ig.core#10.0.2/input/fsh/ehealth-ext-referenceRange.fsh (00:00.002 / 00:06.087, 117Mb)
Sushi:   Line: 1 - 15                                                                                (00:00.001 / 00:06.088, 117Mb)
Sushi: warn  The name "ehealth-quality" may not be suitable for machine processing applications such as code generation. Valid names start with an upper-case ASCII letter ('A'..'Z') followed by any combination of upper- or lower-case ASCII letters ('A'..'Z', and 'a'..'z'), numerals ('0'..'9') and '_', with a length limit of 255 characters. (00:00.272 / 00:06.361, 117Mb)
Sushi:   File: /tmp/ig-builds/dk.ehealth.sundhed.fhir.ig.core#10.0.2/input/fsh/ehealth-ext-quality.fsh (00:00.005 / 00:06.366, 117Mb)
Sushi:   Line: 1 - 13                                                                                (00:00.001 / 00:06.367, 117Mb)
Sushi: warn  The name "ehealth-sharingPolicy" may not be suitable for machine processing applications such as code generation. Valid names start with an upper-case ASCII letter ('A'..'Z') followed by any combination of upper- or lower-case ASCII letters ('A'..'Z', and 'a'..'z'), numerals ('0'..'9') and '_', with a length limit of 255 characters. (00:00.106 / 00:06.474, 117Mb)
Sushi:   File: /tmp/ig-builds/dk.ehealth.sundhed.fhir.ig.core#10.0.2/input/fsh/ehealth-ext-sharingPolicy.fsh (00:00.002 / 00:06.477, 117Mb)
Sushi:   Line: 1 - 7                                                                                 (00:00.000 / 00:06.478, 117Mb)
Sushi: warn  The name "ehealth-sharingApprovalPolicy" may not be suitable for machine processing applications such as code generation. Valid names start with an upper-case ASCII letter ('A'..'Z') followed by any combination of upper- or lower-case ASCII letters ('A'..'Z', and 'a'..'z'), numerals ('0'..'9') and '_', with a length limit of 255 characters. (00:00.048 / 00:06.526, 117Mb)
Sushi:   File: /tmp/ig-builds/dk.ehealth.sundhed.fhir.ig.core#10.0.2/input/fsh/ehealth-ext-sharingApprovalPolicy.fsh (00:00.002 / 00:06.528, 117Mb)
Sushi:   Line: 1 - 7                                                                                 (00:00.000 / 00:06.529, 117Mb)
Sushi: warn  The name "ehealth-employee-title" may not be suitable for machine processing applications such as code generation. Valid names start with an upper-case ASCII letter ('A'..'Z') followed by any combination of upper- or lower-case ASCII letters ('A'..'Z', and 'a'..'z'), numerals ('0'..'9') and '_', with a length limit of 255 characters. (00:00.046 / 00:06.575, 117Mb)
Sushi:   File: /tmp/ig-builds/dk.ehealth.sundhed.fhir.ig.core#10.0.2/input/fsh/ehealth-ext-employee-title.fsh (00:00.001 / 00:06.577, 117Mb)
Sushi:   Line: 1 - 5                                                                                 (00:00.000 / 00:06.578, 117Mb)
Sushi: warn  The name "ehealth-predecessor" may not be suitable for machine processing applications such as code generation. Valid names start with an upper-case ASCII letter ('A'..'Z') followed by any combination of upper- or lower-case ASCII letters ('A'..'Z', and 'a'..'z'), numerals ('0'..'9') and '_', with a length limit of 255 characters. (00:00.033 / 00:06.611, 117Mb)
Sushi:   File: /tmp/ig-builds/dk.ehealth.sundhed.fhir.ig.core#10.0.2/input/fsh/ehealth-ext-predecessor.fsh (00:00.001 / 00:06.613, 117Mb)
Sushi:   Line: 1 - 6                                                                                 (00:00.000 / 00:06.614, 117Mb)
Sushi: warn  The name "ehealth-base" may not be suitable for machine processing applications such as code generation. Valid names start with an upper-case ASCII letter ('A'..'Z') followed by any combination of upper- or lower-case ASCII letters ('A'..'Z', and 'a'..'z'), numerals ('0'..'9') and '_', with a length limit of 255 characters. (00:00.058 / 00:06.673, 117Mb)
Sushi:   File: /tmp/ig-builds/dk.ehealth.sundhed.fhir.ig.core#10.0.2/input/fsh/ehealth-ext-base.fsh  (00:00.001 / 00:06.674, 117Mb)
Sushi:   Line: 1 - 6                                                                                 (00:00.000 / 00:06.675, 117Mb)
Sushi: warn  The name "ehealth-base-environment" may not be suitable for machine processing applications such as code generation. Valid names start with an upper-case ASCII letter ('A'..'Z') followed by any combination of upper- or lower-case ASCII letters ('A'..'Z', and 'a'..'z'), numerals ('0'..'9') and '_', with a length limit of 255 characters. (00:00.057 / 00:06.732, 117Mb)
Sushi:   File: /tmp/ig-builds/dk.ehealth.sundhed.fhir.ig.core#10.0.2/input/fsh/ehealth-ext-base-environment.fsh (00:00.001 / 00:06.734, 117Mb)
Sushi:   Line: 1 - 6                                                                                 (00:00.000 / 00:06.735, 117Mb)
Sushi: warn  The name "ehealth-appointment" may not be suitable for machine processing applications such as code generation. Valid names start with an upper-case ASCII letter ('A'..'Z') followed by any combination of upper- or lower-case ASCII letters ('A'..'Z', and 'a'..'z'), numerals ('0'..'9') and '_', with a length limit of 255 characters. (00:00.080 / 00:06.815, 117Mb)
Sushi:   File: /tmp/ig-builds/dk.ehealth.sundhed.fhir.ig.core#10.0.2/input/fsh/ehealth-appointment.fsh (00:00.001 / 00:06.817, 117Mb)
Sushi:   Line: 1 - 31                                                                                (00:00.001 / 00:06.818, 117Mb)
Sushi: warn  The name "ehealth-responsible" may not be suitable for machine processing applications such as code generation. Valid names start with an upper-case ASCII letter ('A'..'Z') followed by any combination of upper- or lower-case ASCII letters ('A'..'Z', and 'a'..'z'), numerals ('0'..'9') and '_', with a length limit of 255 characters. (00:00.000 / 00:06.818, 117Mb)
Sushi:   File: /tmp/ig-builds/dk.ehealth.sundhed.fhir.ig.core#10.0.2/input/fsh/ehealth-ext-responsible.fsh (00:00.001 / 00:06.820, 117Mb)
Sushi:   Line: 1 - 6                                                                                 (00:00.000 / 00:06.821, 117Mb)
Sushi: warn  The name "ehealth-group-id" may not be suitable for machine processing applications such as code generation. Valid names start with an upper-case ASCII letter ('A'..'Z') followed by any combination of upper- or lower-case ASCII letters ('A'..'Z', and 'a'..'z'), numerals ('0'..'9') and '_', with a length limit of 255 characters. (00:00.026 / 00:06.848, 117Mb)
Sushi:   File: /tmp/ig-builds/dk.ehealth.sundhed.fhir.ig.core#10.0.2/input/fsh/ehealth-ext-group-id.fsh (00:00.002 / 00:06.850, 117Mb)
Sushi:   Line: 1 - 5                                                                                 (00:00.001 / 00:06.851, 117Mb)
Sushi: warn  The name "ehealth-legalBasis" may not be suitable for machine processing applications such as code generation. Valid names start with an upper-case ASCII letter ('A'..'Z') followed by any combination of upper- or lower-case ASCII letters ('A'..'Z', and 'a'..'z'), numerals ('0'..'9') and '_', with a length limit of 255 characters. (00:00.034 / 00:06.885, 117Mb)
Sushi:   File: /tmp/ig-builds/dk.ehealth.sundhed.fhir.ig.core#10.0.2/input/fsh/ehealth-ext-legalBasis.fsh (00:00.002 / 00:06.888, 117Mb)
Sushi:   Line: 1 - 6                                                                                 (00:00.001 / 00:06.889, 117Mb)
Sushi: warn  The name "ehealth-releasableResource" may not be suitable for machine processing applications such as code generation. Valid names start with an upper-case ASCII letter ('A'..'Z') followed by any combination of upper- or lower-case ASCII letters ('A'..'Z', and 'a'..'z'), numerals ('0'..'9') and '_', with a length limit of 255 characters. (00:00.047 / 00:06.936, 117Mb)
Sushi:   File: /tmp/ig-builds/dk.ehealth.sundhed.fhir.ig.core#10.0.2/input/fsh/ehealth-ext-releasableResource.fsh (00:00.002 / 00:06.938, 117Mb)
Sushi:   Line: 1 - 5                                                                                 (00:00.000 / 00:06.939, 117Mb)
Sushi: warn  The name "ehealth-responsible-organization" may not be suitable for machine processing applications such as code generation. Valid names start with an upper-case ASCII letter ('A'..'Z') followed by any combination of upper- or lower-case ASCII letters ('A'..'Z', and 'a'..'z'), numerals ('0'..'9') and '_', with a length limit of 255 characters. (00:00.017 / 00:06.957, 117Mb)
Sushi:   File: /tmp/ig-builds/dk.ehealth.sundhed.fhir.ig.core#10.0.2/input/fsh/ehealth-ext-responsible-organization.fsh (00:00.001 / 00:06.959, 117Mb)
Sushi:   Line: 1 - 6                                                                                 (00:00.000 / 00:06.959, 117Mb)
Sushi: warn  The name "ehealth-performer" may not be suitable for machine processing applications such as code generation. Valid names start with an upper-case ASCII letter ('A'..'Z') followed by any combination of upper- or lower-case ASCII letters ('A'..'Z', and 'a'..'z'), numerals ('0'..'9') and '_', with a length limit of 255 characters. (00:00.025 / 00:06.985, 117Mb)
Sushi:   File: /tmp/ig-builds/dk.ehealth.sundhed.fhir.ig.core#10.0.2/input/fsh/ehealth-ext-performer.fsh (00:00.002 / 00:06.987, 117Mb)
Sushi:   Line: 1 - 6                                                                                 (00:00.000 / 00:06.988, 117Mb)
Sushi: warn  The name "ehealth-performing-organization" may not be suitable for machine processing applications such as code generation. Valid names start with an upper-case ASCII letter ('A'..'Z') followed by any combination of upper- or lower-case ASCII letters ('A'..'Z', and 'a'..'z'), numerals ('0'..'9') and '_', with a length limit of 255 characters. (00:00.031 / 00:07.020, 117Mb)
Sushi:   File: /tmp/ig-builds/dk.ehealth.sundhed.fhir.ig.core#10.0.2/input/fsh/ehealth-ext-performing-organization.fsh (00:00.001 / 00:07.022, 117Mb)
Sushi:   Line: 1 - 6                                                                                 (00:00.000 / 00:07.023, 117Mb)
Sushi: warn  The name "ehealth-ext-careteam" may not be suitable for machine processing applications such as code generation. Valid names start with an upper-case ASCII letter ('A'..'Z') followed by any combination of upper- or lower-case ASCII letters ('A'..'Z', and 'a'..'z'), numerals ('0'..'9') and '_', with a length limit of 255 characters. (00:00.038 / 00:07.061, 117Mb)
Sushi:   File: /tmp/ig-builds/dk.ehealth.sundhed.fhir.ig.core#10.0.2/input/fsh/ehealth-ext-careteam.fsh (00:00.001 / 00:07.063, 117Mb)
Sushi:   Line: 1 - 6                                                                                 (00:00.000 / 00:07.063, 117Mb)
Sushi: warn  The name "ehealth-auditevent" may not be suitable for machine processing applications such as code generation. Valid names start with an upper-case ASCII letter ('A'..'Z') followed by any combination of upper- or lower-case ASCII letters ('A'..'Z', and 'a'..'z'), numerals ('0'..'9') and '_', with a length limit of 255 characters. (00:00.078 / 00:07.142, 118Mb)
Sushi:   File: /tmp/ig-builds/dk.ehealth.sundhed.fhir.ig.core#10.0.2/input/fsh/ehealth-auditevent.fsh (00:00.001 / 00:07.144, 118Mb)
Sushi:   Line: 1 - 4                                                                                 (00:00.000 / 00:07.145, 118Mb)
Sushi: warn  The name "ehealth-carecommunication" may not be suitable for machine processing applications such as code generation. Valid names start with an upper-case ASCII letter ('A'..'Z') followed by any combination of upper- or lower-case ASCII letters ('A'..'Z', and 'a'..'z'), numerals ('0'..'9') and '_', with a length limit of 255 characters. (00:00.007 / 00:07.152, 118Mb)
Sushi:   File: /tmp/ig-builds/dk.ehealth.sundhed.fhir.ig.core#10.0.2/input/fsh/ehealth-carecommunication.fsh (00:00.001 / 00:07.154, 118Mb)
Sushi:   Line: 6 - 120                                                                               (00:00.000 / 00:07.154, 118Mb)
Sushi: warn  The name "ehealth-carecommunication-sender" may not be suitable for machine processing applications such as code generation. Valid names start with an upper-case ASCII letter ('A'..'Z') followed by any combination of upper- or lower-case ASCII letters ('A'..'Z', and 'a'..'z'), numerals ('0'..'9') and '_', with a length limit of 255 characters. (00:00.080 / 00:07.235, 118Mb)
Sushi:   File: /tmp/ig-builds/dk.ehealth.sundhed.fhir.ig.core#10.0.2/input/fsh/ehealth-carecommunication.fsh (00:00.001 / 00:07.237, 118Mb)
Sushi:   Line: 124 - 140                                                                             (00:00.000 / 00:07.237, 118Mb)
Sushi: warn  The name "ehealth-carecommunication-destination" may not be suitable for machine processing applications such as code generation. Valid names start with an upper-case ASCII letter ('A'..'Z') followed by any combination of upper- or lower-case ASCII letters ('A'..'Z', and 'a'..'z'), numerals ('0'..'9') and '_', with a length limit of 255 characters. (00:00.090 / 00:07.328, 118Mb)
Sushi:   File: /tmp/ig-builds/dk.ehealth.sundhed.fhir.ig.core#10.0.2/input/fsh/ehealth-carecommunication.fsh (00:00.001 / 00:07.329, 118Mb)
Sushi:   Line: 142 - 147                                                                             (00:00.000 / 00:07.330, 118Mb)
Sushi: warn  The name "ehealth-carecommunication-origin" may not be suitable for machine processing applications such as code generation. Valid names start with an upper-case ASCII letter ('A'..'Z') followed by any combination of upper- or lower-case ASCII letters ('A'..'Z', and 'a'..'z'), numerals ('0'..'9') and '_', with a length limit of 255 characters. (00:00.020 / 00:07.351, 118Mb)
Sushi:   File: /tmp/ig-builds/dk.ehealth.sundhed.fhir.ig.core#10.0.2/input/fsh/ehealth-carecommunication.fsh (00:00.001 / 00:07.352, 118Mb)
Sushi:   Line: 161 - 165                                                                             (00:00.000 / 00:07.353, 118Mb)
Sushi: warn  The name "ehealth-carecommunication-message-Type" may not be suitable for machine processing applications such as code generation. Valid names start with an upper-case ASCII letter ('A'..'Z') followed by any combination of upper- or lower-case ASCII letters ('A'..'Z', and 'a'..'z'), numerals ('0'..'9') and '_', with a length limit of 255 characters. (00:00.016 / 00:07.369, 118Mb)
Sushi:   File: /tmp/ig-builds/dk.ehealth.sundhed.fhir.ig.core#10.0.2/input/fsh/ehealth-carecommunication.fsh (00:00.001 / 00:07.371, 118Mb)
Sushi:   Line: 167 - 172                                                                             (00:00.000 / 00:07.372, 118Mb)
Sushi: warn  The name "ehealth-administrative-status" may not be suitable for machine processing applications such as code generation. Valid names start with an upper-case ASCII letter ('A'..'Z') followed by any combination of upper- or lower-case ASCII letters ('A'..'Z', and 'a'..'z'), numerals ('0'..'9') and '_', with a length limit of 255 characters. (00:00.063 / 00:07.435, 118Mb)
Sushi:   File: /tmp/ig-builds/dk.ehealth.sundhed.fhir.ig.core#10.0.2/input/fsh/ehealth-message.fsh   (00:00.001 / 00:07.437, 118Mb)
Sushi:   Line: 67 - 73                                                                               (00:00.000 / 00:07.437, 118Mb)
Sushi: warn  The name "ehealth-carecommunication-datetime" may not be suitable for machine processing applications such as code generation. Valid names start with an upper-case ASCII letter ('A'..'Z') followed by any combination of upper- or lower-case ASCII letters ('A'..'Z', and 'a'..'z'), numerals ('0'..'9') and '_', with a length limit of 255 characters. (00:00.064 / 00:07.502, 118Mb)
Sushi:   File: /tmp/ig-builds/dk.ehealth.sundhed.fhir.ig.core#10.0.2/input/fsh/ehealth-carecommunication.fsh (00:00.001 / 00:07.503, 118Mb)
Sushi:   Line: 149 - 153                                                                             (00:00.000 / 00:07.504, 118Mb)
Sushi: warn  The name "ehealth-carecommunication-payload-identifier" may not be suitable for machine processing applications such as code generation. Valid names start with an upper-case ASCII letter ('A'..'Z') followed by any combination of upper- or lower-case ASCII letters ('A'..'Z', and 'a'..'z'), numerals ('0'..'9') and '_', with a length limit of 255 characters. (00:00.026 / 00:07.531, 118Mb)
Sushi:   File: /tmp/ig-builds/dk.ehealth.sundhed.fhir.ig.core#10.0.2/input/fsh/ehealth-carecommunication.fsh (00:00.001 / 00:07.533, 118Mb)
Sushi:   Line: 155 - 159                                                                             (00:00.000 / 00:07.533, 118Mb)
Sushi: warn  The name "ehealth-careplan" may not be suitable for machine processing applications such as code generation. Valid names start with an upper-case ASCII letter ('A'..'Z') followed by any combination of upper- or lower-case ASCII letters ('A'..'Z', and 'a'..'z'), numerals ('0'..'9') and '_', with a length limit of 255 characters. (00:00.155 / 00:07.689, 118Mb)
Sushi:   File: /tmp/ig-builds/dk.ehealth.sundhed.fhir.ig.core#10.0.2/input/fsh/ehealth-careplan.fsh  (00:00.001 / 00:07.690, 118Mb)
Sushi:   Line: 1 - 56                                                                                (00:00.000 / 00:07.691, 118Mb)
Sushi: warn  The name "ehealth-careplan-statusHistory" may not be suitable for machine processing applications such as code generation. Valid names start with an upper-case ASCII letter ('A'..'Z') followed by any combination of upper- or lower-case ASCII letters ('A'..'Z', and 'a'..'z'), numerals ('0'..'9') and '_', with a length limit of 255 characters. (00:00.011 / 00:07.702, 118Mb)
Sushi:   File: /tmp/ig-builds/dk.ehealth.sundhed.fhir.ig.core#10.0.2/input/fsh/ehealth-careplan.fsh  (00:00.001 / 00:07.704, 118Mb)
Sushi:   Line: 58 - 66                                                                               (00:00.000 / 00:07.705, 118Mb)
Sushi: warn  The name "ehealth-teamHistory" may not be suitable for machine processing applications such as code generation. Valid names start with an upper-case ASCII letter ('A'..'Z') followed by any combination of upper- or lower-case ASCII letters ('A'..'Z', and 'a'..'z'), numerals ('0'..'9') and '_', with a length limit of 255 characters. (00:00.089 / 00:07.795, 118Mb)
Sushi:   File: /tmp/ig-builds/dk.ehealth.sundhed.fhir.ig.core#10.0.2/input/fsh/ehealth-ext-teamHistory.fsh (00:00.002 / 00:07.797, 118Mb)
Sushi:   Line: 1 - 12                                                                                (00:00.000 / 00:07.797, 118Mb)
Sushi: warn  The name "ehealth-careplan-statusschedule" may not be suitable for machine processing applications such as code generation. Valid names start with an upper-case ASCII letter ('A'..'Z') followed by any combination of upper- or lower-case ASCII letters ('A'..'Z', and 'a'..'z'), numerals ('0'..'9') and '_', with a length limit of 255 characters. (00:00.073 / 00:07.871, 118Mb)
Sushi:   File: /tmp/ig-builds/dk.ehealth.sundhed.fhir.ig.core#10.0.2/input/fsh/ehealth-careplan.fsh  (00:00.001 / 00:07.873, 118Mb)
Sushi:   Line: 68 - 77                                                                               (00:00.001 / 00:07.875, 118Mb)
Sushi: warn  The name "ehealth-teamschedule" may not be suitable for machine processing applications such as code generation. Valid names start with an upper-case ASCII letter ('A'..'Z') followed by any combination of upper- or lower-case ASCII letters ('A'..'Z', and 'a'..'z'), numerals ('0'..'9') and '_', with a length limit of 255 characters. (00:00.030 / 00:07.905, 118Mb)
Sushi:   File: /tmp/ig-builds/dk.ehealth.sundhed.fhir.ig.core#10.0.2/input/fsh/ehealth-ext-teamschedule.fsh (00:00.002 / 00:07.907, 118Mb)
Sushi:   Line: 1 - 15                                                                                (00:00.000 / 00:07.908, 118Mb)
Sushi: warn  The name "ehealth-participant" may not be suitable for machine processing applications such as code generation. Valid names start with an upper-case ASCII letter ('A'..'Z') followed by any combination of upper- or lower-case ASCII letters ('A'..'Z', and 'a'..'z'), numerals ('0'..'9') and '_', with a length limit of 255 characters. (00:00.206 / 00:08.115, 118Mb)
Sushi:   File: /tmp/ig-builds/dk.ehealth.sundhed.fhir.ig.core#10.0.2/input/fsh/ehealth-ext-participant.fsh (00:00.001 / 00:08.116, 118Mb)
Sushi:   Line: 1 - 21                                                                                (00:00.001 / 00:08.118, 118Mb)
Sushi: warn  The name "ehealth-careteam" may not be suitable for machine processing applications such as code generation. Valid names start with an upper-case ASCII letter ('A'..'Z') followed by any combination of upper- or lower-case ASCII letters ('A'..'Z', and 'a'..'z'), numerals ('0'..'9') and '_', with a length limit of 255 characters. (00:00.163 / 00:08.281, 118Mb)
Sushi:   File: /tmp/ig-builds/dk.ehealth.sundhed.fhir.ig.core#10.0.2/input/fsh/ehealth-careteam.fsh  (00:00.001 / 00:08.282, 118Mb)
Sushi:   Line: 1 - 23                                                                                (00:00.000 / 00:08.283, 118Mb)
Sushi: warn  The name "ehealth-clinicalimpression" may not be suitable for machine processing applications such as code generation. Valid names start with an upper-case ASCII letter ('A'..'Z') followed by any combination of upper- or lower-case ASCII letters ('A'..'Z', and 'a'..'z'), numerals ('0'..'9') and '_', with a length limit of 255 characters. (00:00.075 / 00:08.359, 118Mb)
Sushi:   File: /tmp/ig-builds/dk.ehealth.sundhed.fhir.ig.core#10.0.2/input/fsh/ehealth-clinicalimpression.fsh (00:00.001 / 00:08.360, 118Mb)
Sushi:   Line: 1 - 35                                                                                (00:00.000 / 00:08.361, 118Mb)
Sushi: warn  The name "ehealth-clinicalimpression-assessor-organization" may not be suitable for machine processing applications such as code generation. Valid names start with an upper-case ASCII letter ('A'..'Z') followed by any combination of upper- or lower-case ASCII letters ('A'..'Z', and 'a'..'z'), numerals ('0'..'9') and '_', with a length limit of 255 characters. (00:00.000 / 00:08.362, 118Mb)
Sushi:   File: /tmp/ig-builds/dk.ehealth.sundhed.fhir.ig.core#10.0.2/input/fsh/ehealth-clinicalimpression.fsh (00:00.001 / 00:08.363, 118Mb)
Sushi:   Line: 37 - 43                                                                               (00:00.001 / 00:08.364, 118Mb)
Sushi: warn  The name "ehealth-clinicalimpression-assessor-other" may not be suitable for machine processing applications such as code generation. Valid names start with an upper-case ASCII letter ('A'..'Z') followed by any combination of upper- or lower-case ASCII letters ('A'..'Z', and 'a'..'z'), numerals ('0'..'9') and '_', with a length limit of 255 characters. (00:00.026 / 00:08.391, 118Mb)
Sushi:   File: /tmp/ig-builds/dk.ehealth.sundhed.fhir.ig.core#10.0.2/input/fsh/ehealth-clinicalimpression.fsh (00:00.001 / 00:08.393, 118Mb)
Sushi:   Line: 45 - 51                                                                               (00:00.000 / 00:08.393, 118Mb)
Sushi: warn  The name "ehealth-clinicalimpression-careplan" may not be suitable for machine processing applications such as code generation. Valid names start with an upper-case ASCII letter ('A'..'Z') followed by any combination of upper- or lower-case ASCII letters ('A'..'Z', and 'a'..'z'), numerals ('0'..'9') and '_', with a length limit of 255 characters. (00:00.027 / 00:08.421, 118Mb)
Sushi:   File: /tmp/ig-builds/dk.ehealth.sundhed.fhir.ig.core#10.0.2/input/fsh/ehealth-clinicalimpression.fsh (00:00.001 / 00:08.422, 118Mb)
Sushi:   Line: 53 - 59                                                                               (00:00.000 / 00:08.423, 118Mb)
Sushi: warn  The name "ehealth-clinicalimpression-decisionContext" may not be suitable for machine processing applications such as code generation. Valid names start with an upper-case ASCII letter ('A'..'Z') followed by any combination of upper- or lower-case ASCII letters ('A'..'Z', and 'a'..'z'), numerals ('0'..'9') and '_', with a length limit of 255 characters. (00:00.024 / 00:08.447, 118Mb)
Sushi:   File: /tmp/ig-builds/dk.ehealth.sundhed.fhir.ig.core#10.0.2/input/fsh/ehealth-clinicalimpression.fsh (00:00.001 / 00:08.449, 118Mb)
Sushi:   Line: 61 - 68                                                                               (00:00.000 / 00:08.450, 118Mb)
Sushi: warn  The name "ehealth-clinicalimpression-decision" may not be suitable for machine processing applications such as code generation. Valid names start with an upper-case ASCII letter ('A'..'Z') followed by any combination of upper- or lower-case ASCII letters ('A'..'Z', and 'a'..'z'), numerals ('0'..'9') and '_', with a length limit of 255 characters. (00:00.023 / 00:08.473, 118Mb)
Sushi:   File: /tmp/ig-builds/dk.ehealth.sundhed.fhir.ig.core#10.0.2/input/fsh/ehealth-clinicalimpression.fsh (00:00.002 / 00:08.475, 118Mb)
Sushi:   Line: 70 - 75                                                                               (00:00.000 / 00:08.476, 118Mb)
Sushi: warn  The name "ehealth-questionnaireresponse-finding-basis" may not be suitable for machine processing applications such as code generation. Valid names start with an upper-case ASCII letter ('A'..'Z') followed by any combination of upper- or lower-case ASCII letters ('A'..'Z', and 'a'..'z'), numerals ('0'..'9') and '_', with a length limit of 255 characters. (00:00.060 / 00:08.537, 118Mb)
Sushi:   File: /tmp/ig-builds/dk.ehealth.sundhed.fhir.ig.core#10.0.2/input/fsh/ehealth-clinicalimpression.fsh (00:00.001 / 00:08.538, 118Mb)
Sushi:   Line: 100 - 116                                                                             (00:00.000 / 00:08.539, 118Mb)
Sushi: warn  The name "ehealth-questionnaire-answerSignificance" may not be suitable for machine processing applications such as code generation. Valid names start with an upper-case ASCII letter ('A'..'Z') followed by any combination of upper- or lower-case ASCII letters ('A'..'Z', and 'a'..'z'), numerals ('0'..'9') and '_', with a length limit of 255 characters. (00:00.128 / 00:08.668, 118Mb)
Sushi:   File: /tmp/ig-builds/dk.ehealth.sundhed.fhir.ig.core#10.0.2/input/fsh/ehealth-ext-questionnaire-answerSignificance.fsh (00:00.001 / 00:08.669, 118Mb)
Sushi:   Line: 1 - 9                                                                                 (00:00.000 / 00:08.670, 118Mb)
Sushi: warn  The name "ehealth-answer-Condition" may not be suitable for machine processing applications such as code generation. Valid names start with an upper-case ASCII letter ('A'..'Z') followed by any combination of upper- or lower-case ASCII letters ('A'..'Z', and 'a'..'z'), numerals ('0'..'9') and '_', with a length limit of 255 characters. (00:00.006 / 00:08.677, 118Mb)
Sushi:   File: /tmp/ig-builds/dk.ehealth.sundhed.fhir.ig.core#10.0.2/input/fsh/ehealth-questionnaire.fsh (00:00.001 / 00:08.678, 118Mb)
Sushi:   Line: 98 - 107                                                                              (00:00.000 / 00:08.679, 118Mb)
Sushi: warn  The name "ehealth-clinicalimpression-viewInvestigationItem" may not be suitable for machine processing applications such as code generation. Valid names start with an upper-case ASCII letter ('A'..'Z') followed by any combination of upper- or lower-case ASCII letters ('A'..'Z', and 'a'..'z'), numerals ('0'..'9') and '_', with a length limit of 255 characters. (00:00.178 / 00:08.857, 118Mb)
Sushi:   File: /tmp/ig-builds/dk.ehealth.sundhed.fhir.ig.core#10.0.2/input/fsh/ehealth-clinicalimpression.fsh (00:00.001 / 00:08.859, 118Mb)
Sushi:   Line: 85 - 91                                                                               (00:00.000 / 00:08.860, 118Mb)
Sushi: warn  The name "ehealth-clinicalimpression-otherItem" may not be suitable for machine processing applications such as code generation. Valid names start with an upper-case ASCII letter ('A'..'Z') followed by any combination of upper- or lower-case ASCII letters ('A'..'Z', and 'a'..'z'), numerals ('0'..'9') and '_', with a length limit of 255 characters. (00:00.026 / 00:08.887, 118Mb)
Sushi:   File: /tmp/ig-builds/dk.ehealth.sundhed.fhir.ig.core#10.0.2/input/fsh/ehealth-clinicalimpression.fsh (00:00.001 / 00:08.889, 118Mb)
Sushi:   Line: 93 - 98                                                                               (00:00.000 / 00:08.889, 118Mb)
Sushi: warn  The name "ehealth-communication-request" may not be suitable for machine processing applications such as code generation. Valid names start with an upper-case ASCII letter ('A'..'Z') followed by any combination of upper- or lower-case ASCII letters ('A'..'Z', and 'a'..'z'), numerals ('0'..'9') and '_', with a length limit of 255 characters. (00:00.098 / 00:08.988, 118Mb)
Sushi:   File: /tmp/ig-builds/dk.ehealth.sundhed.fhir.ig.core#10.0.2/input/fsh/ehealth-communication-request.fsh (00:00.002 / 00:08.990, 118Mb)
Sushi:   Line: 1 - 15                                                                                (00:00.001 / 00:08.992, 118Mb)
Sushi: warn  The name "ehealth-communication" may not be suitable for machine processing applications such as code generation. Valid names start with an upper-case ASCII letter ('A'..'Z') followed by any combination of upper- or lower-case ASCII letters ('A'..'Z', and 'a'..'z'), numerals ('0'..'9') and '_', with a length limit of 255 characters. (00:00.034 / 00:09.026, 118Mb)
Sushi:   File: /tmp/ig-builds/dk.ehealth.sundhed.fhir.ig.core#10.0.2/input/fsh/ehealth-communication.fsh (00:00.002 / 00:09.028, 118Mb)
Sushi:   Line: 1 - 28                                                                                (00:00.000 / 00:09.029, 118Mb)
Sushi: warn  The name "ehealth-communication-recipientCareTeam" may not be suitable for machine processing applications such as code generation. Valid names start with an upper-case ASCII letter ('A'..'Z') followed by any combination of upper- or lower-case ASCII letters ('A'..'Z', and 'a'..'z'), numerals ('0'..'9') and '_', with a length limit of 255 characters. (00:00.010 / 00:09.039, 118Mb)
Sushi:   File: /tmp/ig-builds/dk.ehealth.sundhed.fhir.ig.core#10.0.2/input/fsh/ehealth-ext-communication-recipientCareTeam.fsh (00:00.002 / 00:09.042, 118Mb)
Sushi:   Line: 1 - 7                                                                                 (00:00.000 / 00:09.042, 118Mb)
Sushi: warn  The name "ehealth-communication-senderCareTeam" may not be suitable for machine processing applications such as code generation. Valid names start with an upper-case ASCII letter ('A'..'Z') followed by any combination of upper- or lower-case ASCII letters ('A'..'Z', and 'a'..'z'), numerals ('0'..'9') and '_', with a length limit of 255 characters. (00:00.023 / 00:09.066, 118Mb)
Sushi:   File: /tmp/ig-builds/dk.ehealth.sundhed.fhir.ig.core#10.0.2/input/fsh/ehealth-ext-communication-senderCareTeam.fsh (00:00.002 / 00:09.068, 118Mb)
Sushi:   Line: 1 - 7                                                                                 (00:00.000 / 00:09.069, 118Mb)
Sushi: warn  The name "ehealth-restriction-category" may not be suitable for machine processing applications such as code generation. Valid names start with an upper-case ASCII letter ('A'..'Z') followed by any combination of upper- or lower-case ASCII letters ('A'..'Z', and 'a'..'z'), numerals ('0'..'9') and '_', with a length limit of 255 characters. (00:00.027 / 00:09.096, 118Mb)
Sushi:   File: /tmp/ig-builds/dk.ehealth.sundhed.fhir.ig.core#10.0.2/input/fsh/ehealth-ext-restriction-category.fsh (00:00.001 / 00:09.098, 118Mb)
Sushi:   Line: 1 - 6                                                                                 (00:00.000 / 00:09.098, 118Mb)
Sushi: warn  The name "ehealth-composition" may not be suitable for machine processing applications such as code generation. Valid names start with an upper-case ASCII letter ('A'..'Z') followed by any combination of upper- or lower-case ASCII letters ('A'..'Z', and 'a'..'z'), numerals ('0'..'9') and '_', with a length limit of 255 characters. (00:00.141 / 00:09.239, 118Mb)
Sushi:   File: /tmp/ig-builds/dk.ehealth.sundhed.fhir.ig.core#10.0.2/input/fsh/ehealth-composition.fsh (00:00.001 / 00:09.241, 118Mb)
Sushi:   Line: 1 - 20                                                                                (00:00.000 / 00:09.242, 118Mb)
Sushi: warn  The name "ehealth-composition-authorOrganization" may not be suitable for machine processing applications such as code generation. Valid names start with an upper-case ASCII letter ('A'..'Z') followed by any combination of upper- or lower-case ASCII letters ('A'..'Z', and 'a'..'z'), numerals ('0'..'9') and '_', with a length limit of 255 characters. (00:00.000 / 00:09.242, 118Mb)
Sushi:   File: /tmp/ig-builds/dk.ehealth.sundhed.fhir.ig.core#10.0.2/input/fsh/ehealth-composition.fsh (00:00.001 / 00:09.244, 118Mb)
Sushi:   Line: 22 - 29                                                                               (00:00.000 / 00:09.245, 118Mb)
Sushi: warn  The name "ehealth-condition" may not be suitable for machine processing applications such as code generation. Valid names start with an upper-case ASCII letter ('A'..'Z') followed by any combination of upper- or lower-case ASCII letters ('A'..'Z', and 'a'..'z'), numerals ('0'..'9') and '_', with a length limit of 255 characters. (00:00.088 / 00:09.333, 118Mb)
Sushi:   File: /tmp/ig-builds/dk.ehealth.sundhed.fhir.ig.core#10.0.2/input/fsh/ehealth-condition.fsh (00:00.001 / 00:09.335, 118Mb)
Sushi:   Line: 1 - 17                                                                                (00:00.000 / 00:09.335, 118Mb)
Sushi: warn  The name "ehealth-code-qualification" may not be suitable for machine processing applications such as code generation. Valid names start with an upper-case ASCII letter ('A'..'Z') followed by any combination of upper- or lower-case ASCII letters ('A'..'Z', and 'a'..'z'), numerals ('0'..'9') and '_', with a length limit of 255 characters. (00:00.010 / 00:09.346, 118Mb)
Sushi:   File: /tmp/ig-builds/dk.ehealth.sundhed.fhir.ig.core#10.0.2/input/fsh/ehealth-condition.fsh (00:00.001 / 00:09.347, 118Mb)
Sushi:   Line: 19 - 24                                                                               (00:00.000 / 00:09.348, 118Mb)
Sushi: warn  The name "ehealth-consent" may not be suitable for machine processing applications such as code generation. Valid names start with an upper-case ASCII letter ('A'..'Z') followed by any combination of upper- or lower-case ASCII letters ('A'..'Z', and 'a'..'z'), numerals ('0'..'9') and '_', with a length limit of 255 characters. (00:00.123 / 00:09.471, 118Mb)
Sushi:   File: /tmp/ig-builds/dk.ehealth.sundhed.fhir.ig.core#10.0.2/input/fsh/ehealth-consent.fsh   (00:00.002 / 00:09.473, 118Mb)
Sushi:   Line: 1 - 21                                                                                (00:00.000 / 00:09.474, 118Mb)
Sushi: warn  The name "ehealth-consent-affiliation" may not be suitable for machine processing applications such as code generation. Valid names start with an upper-case ASCII letter ('A'..'Z') followed by any combination of upper- or lower-case ASCII letters ('A'..'Z', and 'a'..'z'), numerals ('0'..'9') and '_', with a length limit of 255 characters. (00:00.000 / 00:09.474, 118Mb)
Sushi:   File: /tmp/ig-builds/dk.ehealth.sundhed.fhir.ig.core#10.0.2/input/fsh/ehealth-consent.fsh   (00:00.001 / 00:09.476, 118Mb)
Sushi:   Line: 23 - 29                                                                               (00:00.000 / 00:09.477, 118Mb)
Sushi: warn  The name "ehealth-definedquestion" may not be suitable for machine processing applications such as code generation. Valid names start with an upper-case ASCII letter ('A'..'Z') followed by any combination of upper- or lower-case ASCII letters ('A'..'Z', and 'a'..'z'), numerals ('0'..'9') and '_', with a length limit of 255 characters. (00:00.094 / 00:09.571, 118Mb)
Sushi:   File: /tmp/ig-builds/dk.ehealth.sundhed.fhir.ig.core#10.0.2/input/fsh/ehealth-definedquestion.fsh (00:00.001 / 00:09.573, 118Mb)
Sushi:   Line: 1 - 3                                                                                 (00:00.000 / 00:09.573, 118Mb)
Sushi: warn  The name "ehealth-device" may not be suitable for machine processing applications such as code generation. Valid names start with an upper-case ASCII letter ('A'..'Z') followed by any combination of upper- or lower-case ASCII letters ('A'..'Z', and 'a'..'z'), numerals ('0'..'9') and '_', with a length limit of 255 characters. (00:00.007 / 00:09.581, 118Mb)
Sushi:   File: /tmp/ig-builds/dk.ehealth.sundhed.fhir.ig.core#10.0.2/input/fsh/ehealth-device.fsh    (00:00.001 / 00:09.583, 118Mb)
Sushi:   Line: 1 - 14                                                                                (00:00.000 / 00:09.583, 118Mb)
Sushi: warn  The name "ehealth-device-privatelyOwned" may not be suitable for machine processing applications such as code generation. Valid names start with an upper-case ASCII letter ('A'..'Z') followed by any combination of upper- or lower-case ASCII letters ('A'..'Z', and 'a'..'z'), numerals ('0'..'9') and '_', with a length limit of 255 characters. (00:00.000 / 00:09.584, 118Mb)
Sushi:   File: /tmp/ig-builds/dk.ehealth.sundhed.fhir.ig.core#10.0.2/input/fsh/ehealth-device.fsh    (00:00.002 / 00:09.586, 118Mb)
Sushi:   Line: 16 - 20                                                                               (00:00.000 / 00:09.587, 118Mb)
Sushi: warn  The name "ehealth-device-suppliers" may not be suitable for machine processing applications such as code generation. Valid names start with an upper-case ASCII letter ('A'..'Z') followed by any combination of upper- or lower-case ASCII letters ('A'..'Z', and 'a'..'z'), numerals ('0'..'9') and '_', with a length limit of 255 characters. (00:00.017 / 00:09.604, 118Mb)
Sushi:   File: /tmp/ig-builds/dk.ehealth.sundhed.fhir.ig.core#10.0.2/input/fsh/ehealth-device.fsh    (00:00.001 / 00:09.606, 118Mb)
Sushi:   Line: 22 - 32                                                                               (00:00.000 / 00:09.606, 118Mb)
Sushi: warn  The name "ehealth-device-registrationToken" may not be suitable for machine processing applications such as code generation. Valid names start with an upper-case ASCII letter ('A'..'Z') followed by any combination of upper- or lower-case ASCII letters ('A'..'Z', and 'a'..'z'), numerals ('0'..'9') and '_', with a length limit of 255 characters. (00:00.067 / 00:09.674, 118Mb)
Sushi:   File: /tmp/ig-builds/dk.ehealth.sundhed.fhir.ig.core#10.0.2/input/fsh/ehealth-device.fsh    (00:00.001 / 00:09.676, 118Mb)
Sushi:   Line: 34 - 38                                                                               (00:00.000 / 00:09.676, 118Mb)
Sushi: warn  The name "ehealth-device-platform" may not be suitable for machine processing applications such as code generation. Valid names start with an upper-case ASCII letter ('A'..'Z') followed by any combination of upper- or lower-case ASCII letters ('A'..'Z', and 'a'..'z'), numerals ('0'..'9') and '_', with a length limit of 255 characters. (00:00.033 / 00:09.710, 118Mb)
Sushi:   File: /tmp/ig-builds/dk.ehealth.sundhed.fhir.ig.core#10.0.2/input/fsh/ehealth-device.fsh    (00:00.001 / 00:09.711, 118Mb)
Sushi:   Line: 40 - 45                                                                               (00:00.000 / 00:09.712, 118Mb)
Sushi: warn  The name "ehealth-devicemetric" may not be suitable for machine processing applications such as code generation. Valid names start with an upper-case ASCII letter ('A'..'Z') followed by any combination of upper- or lower-case ASCII letters ('A'..'Z', and 'a'..'z'), numerals ('0'..'9') and '_', with a length limit of 255 characters. (00:00.054 / 00:09.767, 118Mb)
Sushi:   File: /tmp/ig-builds/dk.ehealth.sundhed.fhir.ig.core#10.0.2/input/fsh/ehealth-devicemetric.fsh (00:00.001 / 00:09.768, 118Mb)
Sushi:   Line: 1 - 14                                                                                (00:00.000 / 00:09.769, 118Mb)
Sushi: warn  The name "ehealth-devicemetric-properties" may not be suitable for machine processing applications such as code generation. Valid names start with an upper-case ASCII letter ('A'..'Z') followed by any combination of upper- or lower-case ASCII letters ('A'..'Z', and 'a'..'z'), numerals ('0'..'9') and '_', with a length limit of 255 characters. (00:00.000 / 00:09.770, 118Mb)
Sushi:   File: /tmp/ig-builds/dk.ehealth.sundhed.fhir.ig.core#10.0.2/input/fsh/ehealth-devicemetric.fsh (00:00.001 / 00:09.771, 118Mb)
Sushi:   Line: 16 - 26                                                                               (00:00.000 / 00:09.772, 118Mb)
Sushi: warn  The name "ehealth-devicemetric-qualities" may not be suitable for machine processing applications such as code generation. Valid names start with an upper-case ASCII letter ('A'..'Z') followed by any combination of upper- or lower-case ASCII letters ('A'..'Z', and 'a'..'z'), numerals ('0'..'9') and '_', with a length limit of 255 characters. (00:00.265 / 00:10.038, 118Mb)
Sushi:   File: /tmp/ig-builds/dk.ehealth.sundhed.fhir.ig.core#10.0.2/input/fsh/ehealth-devicemetric.fsh (00:00.001 / 00:10.039, 118Mb)
Sushi:   Line: 28 - 38                                                                               (00:00.000 / 00:10.040, 118Mb)
Sushi: warn  The name "ehealth-devicemetric-qualityHistory" may not be suitable for machine processing applications such as code generation. Valid names start with an upper-case ASCII letter ('A'..'Z') followed by any combination of upper- or lower-case ASCII letters ('A'..'Z', and 'a'..'z'), numerals ('0'..'9') and '_', with a length limit of 255 characters. (00:00.105 / 00:10.145, 118Mb)
Sushi:   File: /tmp/ig-builds/dk.ehealth.sundhed.fhir.ig.core#10.0.2/input/fsh/ehealth-devicemetric.fsh (00:00.001 / 00:10.147, 118Mb)
Sushi:   Line: 40 - 53                                                                               (00:00.000 / 00:10.148, 118Mb)
Sushi: warn  The name "ehealth-devicemetric-templateQualities" may not be suitable for machine processing applications such as code generation. Valid names start with an upper-case ASCII letter ('A'..'Z') followed by any combination of upper- or lower-case ASCII letters ('A'..'Z', and 'a'..'z'), numerals ('0'..'9') and '_', with a length limit of 255 characters. (00:00.172 / 00:10.320, 118Mb)
Sushi:   File: /tmp/ig-builds/dk.ehealth.sundhed.fhir.ig.core#10.0.2/input/fsh/ehealth-devicemetric.fsh (00:00.001 / 00:10.322, 118Mb)
Sushi:   Line: 55 - 64                                                                               (00:00.000 / 00:10.323, 118Mb)
Sushi: warn  The name "ehealth-devicemetric-calibrationExpires" may not be suitable for machine processing applications such as code generation. Valid names start with an upper-case ASCII letter ('A'..'Z') followed by any combination of upper- or lower-case ASCII letters ('A'..'Z', and 'a'..'z'), numerals ('0'..'9') and '_', with a length limit of 255 characters. (00:00.114 / 00:10.438, 118Mb)
Sushi:   File: /tmp/ig-builds/dk.ehealth.sundhed.fhir.ig.core#10.0.2/input/fsh/ehealth-devicemetric.fsh (00:00.001 / 00:10.439, 118Mb)
Sushi:   Line: 66 - 70                                                                               (00:00.000 / 00:10.440, 118Mb)
Sushi: warn  The name "ehealth-deviceusestatement" may not be suitable for machine processing applications such as code generation. Valid names start with an upper-case ASCII letter ('A'..'Z') followed by any combination of upper- or lower-case ASCII letters ('A'..'Z', and 'a'..'z'), numerals ('0'..'9') and '_', with a length limit of 255 characters. (00:00.032 / 00:10.472, 118Mb)
Sushi:   File: /tmp/ig-builds/dk.ehealth.sundhed.fhir.ig.core#10.0.2/input/fsh/ehealth-deviceusestatement.fsh (00:00.001 / 00:10.474, 118Mb)
Sushi:   Line: 1 - 13                                                                                (00:00.000 / 00:10.475, 118Mb)
Sushi: warn  The name "ehealth-deviceusestatement-context" may not be suitable for machine processing applications such as code generation. Valid names start with an upper-case ASCII letter ('A'..'Z') followed by any combination of upper- or lower-case ASCII letters ('A'..'Z', and 'a'..'z'), numerals ('0'..'9') and '_', with a length limit of 255 characters. (00:00.000 / 00:10.475, 118Mb)
Sushi:   File: /tmp/ig-builds/dk.ehealth.sundhed.fhir.ig.core#10.0.2/input/fsh/ehealth-deviceusestatement.fsh (00:00.001 / 00:10.477, 118Mb)
Sushi:   Line: 15 - 21                                                                               (00:00.000 / 00:10.478, 118Mb)
Sushi: warn  The name "ehealth-documentreference" may not be suitable for machine processing applications such as code generation. Valid names start with an upper-case ASCII letter ('A'..'Z') followed by any combination of upper- or lower-case ASCII letters ('A'..'Z', and 'a'..'z'), numerals ('0'..'9') and '_', with a length limit of 255 characters. (00:00.075 / 00:10.553, 118Mb)
Sushi:   File: /tmp/ig-builds/dk.ehealth.sundhed.fhir.ig.core#10.0.2/input/fsh/ehealth-documentreference.fsh (00:00.001 / 00:10.555, 118Mb)
Sushi:   Line: 1 - 30                                                                                (00:00.000 / 00:10.556, 119Mb)
Sushi: warn  The name "ehealth-intendedOrganization" may not be suitable for machine processing applications such as code generation. Valid names start with an upper-case ASCII letter ('A'..'Z') followed by any combination of upper- or lower-case ASCII letters ('A'..'Z', and 'a'..'z'), numerals ('0'..'9') and '_', with a length limit of 255 characters. (00:00.070 / 00:10.627, 119Mb)
Sushi:   File: /tmp/ig-builds/dk.ehealth.sundhed.fhir.ig.core#10.0.2/input/fsh/ehealth-ext-intendedOrganization.fsh (00:00.002 / 00:10.629, 119Mb)
Sushi:   Line: 1 - 7                                                                                 (00:00.000 / 00:10.630, 119Mb)
Sushi: warn  The name "ehealth-artifact-date" may not be suitable for machine processing applications such as code generation. Valid names start with an upper-case ASCII letter ('A'..'Z') followed by any combination of upper- or lower-case ASCII letters ('A'..'Z', and 'a'..'z'), numerals ('0'..'9') and '_', with a length limit of 255 characters. (00:00.025 / 00:10.655, 119Mb)
Sushi:   File: /tmp/ig-builds/dk.ehealth.sundhed.fhir.ig.core#10.0.2/input/fsh/ehealth-ext-artifact-date.fsh (00:00.001 / 00:10.657, 119Mb)
Sushi:   Line: 1 - 6                                                                                 (00:00.000 / 00:10.657, 119Mb)
Sushi: warn  The name "ehealth-usage" may not be suitable for machine processing applications such as code generation. Valid names start with an upper-case ASCII letter ('A'..'Z') followed by any combination of upper- or lower-case ASCII letters ('A'..'Z', and 'a'..'z'), numerals ('0'..'9') and '_', with a length limit of 255 characters. (00:00.030 / 00:10.688, 119Mb)
Sushi:   File: /tmp/ig-builds/dk.ehealth.sundhed.fhir.ig.core#10.0.2/input/fsh/ehealth-ext-usage.fsh (00:00.001 / 00:10.690, 119Mb)
Sushi:   Line: 1 - 5                                                                                 (00:00.000 / 00:10.691, 119Mb)
Sushi: warn  The name "ehealth-endpoint" may not be suitable for machine processing applications such as code generation. Valid names start with an upper-case ASCII letter ('A'..'Z') followed by any combination of upper- or lower-case ASCII letters ('A'..'Z', and 'a'..'z'), numerals ('0'..'9') and '_', with a length limit of 255 characters. (00:00.050 / 00:10.741, 119Mb)
Sushi:   File: /tmp/ig-builds/dk.ehealth.sundhed.fhir.ig.core#10.0.2/input/fsh/ehealth-endpoint.fsh  (00:00.001 / 00:10.742, 119Mb)
Sushi:   Line: 1 - 7                                                                                 (00:00.000 / 00:10.743, 119Mb)
Sushi: warn  The name "ehealth-episodeofcare" may not be suitable for machine processing applications such as code generation. Valid names start with an upper-case ASCII letter ('A'..'Z') followed by any combination of upper- or lower-case ASCII letters ('A'..'Z', and 'a'..'z'), numerals ('0'..'9') and '_', with a length limit of 255 characters. (00:00.005 / 00:10.749, 119Mb)
Sushi:   File: /tmp/ig-builds/dk.ehealth.sundhed.fhir.ig.core#10.0.2/input/fsh/ehealth-episodeofcare.fsh (00:00.001 / 00:10.751, 119Mb)
Sushi:   Line: 1 - 23                                                                                (00:00.000 / 00:10.751, 119Mb)
Sushi: warn  The name "ehealth-episodeofcare-caremanagerOrganization" may not be suitable for machine processing applications such as code generation. Valid names start with an upper-case ASCII letter ('A'..'Z') followed by any combination of upper- or lower-case ASCII letters ('A'..'Z', and 'a'..'z'), numerals ('0'..'9') and '_', with a length limit of 255 characters. (00:00.000 / 00:10.752, 119Mb)
Sushi:   File: /tmp/ig-builds/dk.ehealth.sundhed.fhir.ig.core#10.0.2/input/fsh/ehealth-episodeofcare.fsh (00:00.001 / 00:10.754, 119Mb)
Sushi:   Line: 25 - 31                                                                               (00:00.000 / 00:10.754, 119Mb)
Sushi: warn  The name "ehealth-episodeofcare-statusschedule" may not be suitable for machine processing applications such as code generation. Valid names start with an upper-case ASCII letter ('A'..'Z') followed by any combination of upper- or lower-case ASCII letters ('A'..'Z', and 'a'..'z'), numerals ('0'..'9') and '_', with a length limit of 255 characters. (00:00.026 / 00:10.780, 119Mb)
Sushi:   File: /tmp/ig-builds/dk.ehealth.sundhed.fhir.ig.core#10.0.2/input/fsh/ehealth-episodeofcare.fsh (00:00.001 / 00:10.782, 119Mb)
Sushi:   Line: 33 - 43                                                                               (00:00.000 / 00:10.783, 119Mb)
Sushi: warn  The name "ehealth-managing-organization" may not be suitable for machine processing applications such as code generation. Valid names start with an upper-case ASCII letter ('A'..'Z') followed by any combination of upper- or lower-case ASCII letters ('A'..'Z', and 'a'..'z'), numerals ('0'..'9') and '_', with a length limit of 255 characters. (00:00.047 / 00:10.830, 119Mb)
Sushi:   File: /tmp/ig-builds/dk.ehealth.sundhed.fhir.ig.core#10.0.2/input/fsh/ehealth-episodeofcare.fsh (00:00.001 / 00:10.832, 119Mb)
Sushi:   Line: 45 - 59                                                                               (00:00.000 / 00:10.833, 119Mb)
Sushi: warn  The name "ehealth-goal" may not be suitable for machine processing applications such as code generation. Valid names start with an upper-case ASCII letter ('A'..'Z') followed by any combination of upper- or lower-case ASCII letters ('A'..'Z', and 'a'..'z'), numerals ('0'..'9') and '_', with a length limit of 255 characters. (00:00.118 / 00:10.951, 119Mb)
Sushi:   File: /tmp/ig-builds/dk.ehealth.sundhed.fhir.ig.core#10.0.2/input/fsh/ehealth-goal.fsh      (00:00.001 / 00:10.952, 119Mb)
Sushi:   Line: 1 - 13                                                                                (00:00.000 / 00:10.953, 119Mb)
Sushi: warn  The name "ehealth-group-appointment" may not be suitable for machine processing applications such as code generation. Valid names start with an upper-case ASCII letter ('A'..'Z') followed by any combination of upper- or lower-case ASCII letters ('A'..'Z', and 'a'..'z'), numerals ('0'..'9') and '_', with a length limit of 255 characters. (00:00.064 / 00:11.017, 119Mb)
Sushi:   File: /tmp/ig-builds/dk.ehealth.sundhed.fhir.ig.core#10.0.2/input/fsh/ehealth-group-appointment.fsh (00:00.001 / 00:11.019, 119Mb)
Sushi:   Line: 1 - 34                                                                                (00:00.000 / 00:11.020, 119Mb)
Sushi: warn  The name "ehealth-creator" may not be suitable for machine processing applications such as code generation. Valid names start with an upper-case ASCII letter ('A'..'Z') followed by any combination of upper- or lower-case ASCII letters ('A'..'Z', and 'a'..'z'), numerals ('0'..'9') and '_', with a length limit of 255 characters. (00:00.006 / 00:11.026, 119Mb)
Sushi:   File: /tmp/ig-builds/dk.ehealth.sundhed.fhir.ig.core#10.0.2/input/fsh/ehealth-ext-creator.fsh (00:00.001 / 00:11.028, 119Mb)
Sushi:   Line: 1 - 6                                                                                 (00:00.000 / 00:11.028, 119Mb)
Sushi: warn  The name "ehealth-registration-deadline" may not be suitable for machine processing applications such as code generation. Valid names start with an upper-case ASCII letter ('A'..'Z') followed by any combination of upper- or lower-case ASCII letters ('A'..'Z', and 'a'..'z'), numerals ('0'..'9') and '_', with a length limit of 255 characters. (00:00.029 / 00:11.058, 119Mb)
Sushi:   File: /tmp/ig-builds/dk.ehealth.sundhed.fhir.ig.core#10.0.2/input/fsh/ehealth-ext-registration-deadline.fsh (00:00.001 / 00:11.060, 119Mb)
Sushi:   Line: 1 - 5                                                                                 (00:00.000 / 00:11.061, 119Mb)
Sushi: warn  The name "ehealth-assigning-careteam" may not be suitable for machine processing applications such as code generation. Valid names start with an upper-case ASCII letter ('A'..'Z') followed by any combination of upper- or lower-case ASCII letters ('A'..'Z', and 'a'..'z'), numerals ('0'..'9') and '_', with a length limit of 255 characters. (00:00.084 / 00:11.146, 119Mb)
Sushi:   File: /tmp/ig-builds/dk.ehealth.sundhed.fhir.ig.core#10.0.2/input/fsh/ehealth-ext-assigning-careteam.fsh (00:00.001 / 00:11.148, 119Mb)
Sushi:   Line: 1 - 5                                                                                 (00:00.000 / 00:11.148, 119Mb)
Sushi: warn  The name "ehealth-group-videoappointment" may not be suitable for machine processing applications such as code generation. Valid names start with an upper-case ASCII letter ('A'..'Z') followed by any combination of upper- or lower-case ASCII letters ('A'..'Z', and 'a'..'z'), numerals ('0'..'9') and '_', with a length limit of 255 characters. (00:00.044 / 00:11.192, 119Mb)
Sushi:   File: /tmp/ig-builds/dk.ehealth.sundhed.fhir.ig.core#10.0.2/input/fsh/ehealth-group-videoappointment.fsh (00:00.001 / 00:11.194, 119Mb)
Sushi:   Line: 1 - 43                                                                                (00:00.000 / 00:11.195, 119Mb)
Sushi: warn  The name "ehealth-end-meeting-on-end-time" may not be suitable for machine processing applications such as code generation. Valid names start with an upper-case ASCII letter ('A'..'Z') followed by any combination of upper- or lower-case ASCII letters ('A'..'Z', and 'a'..'z'), numerals ('0'..'9') and '_', with a length limit of 255 characters. (00:00.000 / 00:11.196, 119Mb)
Sushi:   File: /tmp/ig-builds/dk.ehealth.sundhed.fhir.ig.core#10.0.2/input/fsh/ehealth-ext-end-meeting-on-end-time.fsh (00:00.001 / 00:11.197, 119Mb)
Sushi:   Line: 1 - 5                                                                                 (00:00.000 / 00:11.198, 119Mb)
Sushi: warn  The name "ehealth-max-participants" may not be suitable for machine processing applications such as code generation. Valid names start with an upper-case ASCII letter ('A'..'Z') followed by any combination of upper- or lower-case ASCII letters ('A'..'Z', and 'a'..'z'), numerals ('0'..'9') and '_', with a length limit of 255 characters. (00:00.018 / 00:11.217, 119Mb)
Sushi:   File: /tmp/ig-builds/dk.ehealth.sundhed.fhir.ig.core#10.0.2/input/fsh/ehealth-ext-max-participants.fsh (00:00.001 / 00:11.218, 119Mb)
Sushi:   Line: 1 - 5                                                                                 (00:00.000 / 00:11.219, 119Mb)
Sushi: warn  The name "ehealth-meeting-url" may not be suitable for machine processing applications such as code generation. Valid names start with an upper-case ASCII letter ('A'..'Z') followed by any combination of upper- or lower-case ASCII letters ('A'..'Z', and 'a'..'z'), numerals ('0'..'9') and '_', with a length limit of 255 characters. (00:00.027 / 00:11.246, 119Mb)
Sushi:   File: /tmp/ig-builds/dk.ehealth.sundhed.fhir.ig.core#10.0.2/input/fsh/ehealth-ext-meeting-url.fsh (00:00.001 / 00:11.248, 119Mb)
Sushi:   Line: 1 - 5                                                                                 (00:00.000 / 00:11.248, 119Mb)
Sushi: warn  The name "ehealth-vmr-uri" may not be suitable for machine processing applications such as code generation. Valid names start with an upper-case ASCII letter ('A'..'Z') followed by any combination of upper- or lower-case ASCII letters ('A'..'Z', and 'a'..'z'), numerals ('0'..'9') and '_', with a length limit of 255 characters. (00:00.037 / 00:11.286, 119Mb)
Sushi:   File: /tmp/ig-builds/dk.ehealth.sundhed.fhir.ig.core#10.0.2/input/fsh/ehealth-ext-vmr-uri.fsh (00:00.001 / 00:11.287, 119Mb)
Sushi:   Line: 1 - 5                                                                                 (00:00.000 / 00:11.288, 119Mb)
Sushi: warn  The name "ehealth-guest-pin-code" may not be suitable for machine processing applications such as code generation. Valid names start with an upper-case ASCII letter ('A'..'Z') followed by any combination of upper- or lower-case ASCII letters ('A'..'Z', and 'a'..'z'), numerals ('0'..'9') and '_', with a length limit of 255 characters. (00:00.042 / 00:11.330, 119Mb)
Sushi:   File: /tmp/ig-builds/dk.ehealth.sundhed.fhir.ig.core#10.0.2/input/fsh/ehealth-ext-guest-pin-code.fsh (00:00.001 / 00:11.332, 119Mb)
Sushi:   Line: 1 - 5                                                                                 (00:00.000 / 00:11.333, 119Mb)
Sushi: warn  The name "ehealth-host-pin-code" may not be suitable for machine processing applications such as code generation. Valid names start with an upper-case ASCII letter ('A'..'Z') followed by any combination of upper- or lower-case ASCII letters ('A'..'Z', and 'a'..'z'), numerals ('0'..'9') and '_', with a length limit of 255 characters. (00:00.032 / 00:11.365, 119Mb)
Sushi:   File: /tmp/ig-builds/dk.ehealth.sundhed.fhir.ig.core#10.0.2/input/fsh/ehealth-ext-host-pin-code.fsh (00:00.001 / 00:11.367, 119Mb)
Sushi:   Line: 1 - 5                                                                                 (00:00.000 / 00:11.368, 119Mb)
Sushi: warn  The name "ehealth-guidanceresponse" may not be suitable for machine processing applications such as code generation. Valid names start with an upper-case ASCII letter ('A'..'Z') followed by any combination of upper- or lower-case ASCII letters ('A'..'Z', and 'a'..'z'), numerals ('0'..'9') and '_', with a length limit of 255 characters. (00:00.109 / 00:11.477, 119Mb)
Sushi:   File: /tmp/ig-builds/dk.ehealth.sundhed.fhir.ig.core#10.0.2/input/fsh/ehealth-guidanceresponse.fsh (00:00.001 / 00:11.479, 119Mb)
Sushi:   Line: 1 - 15                                                                                (00:00.000 / 00:11.479, 119Mb)
Sushi: warn  The name "ehealth-guidanceresponse-episodeOfCare" may not be suitable for machine processing applications such as code generation. Valid names start with an upper-case ASCII letter ('A'..'Z') followed by any combination of upper- or lower-case ASCII letters ('A'..'Z', and 'a'..'z'), numerals ('0'..'9') and '_', with a length limit of 255 characters. (00:00.000 / 00:11.480, 119Mb)
Sushi:   File: /tmp/ig-builds/dk.ehealth.sundhed.fhir.ig.core#10.0.2/input/fsh/ehealth-guidanceresponse.fsh (00:00.001 / 00:11.482, 119Mb)
Sushi:   Line: 17 - 22                                                                               (00:00.000 / 00:11.482, 119Mb)
Sushi: warn  The name "ehealth-library" may not be suitable for machine processing applications such as code generation. Valid names start with an upper-case ASCII letter ('A'..'Z') followed by any combination of upper- or lower-case ASCII letters ('A'..'Z', and 'a'..'z'), numerals ('0'..'9') and '_', with a length limit of 255 characters. (00:00.085 / 00:11.568, 119Mb)
Sushi:   File: /tmp/ig-builds/dk.ehealth.sundhed.fhir.ig.core#10.0.2/input/fsh/ehealth-library.fsh   (00:00.001 / 00:11.569, 119Mb)
Sushi:   Line: 1 - 12                                                                                (00:00.000 / 00:11.570, 119Mb)
Sushi: warn  The name "ehealth-revision" may not be suitable for machine processing applications such as code generation. Valid names start with an upper-case ASCII letter ('A'..'Z') followed by any combination of upper- or lower-case ASCII letters ('A'..'Z', and 'a'..'z'), numerals ('0'..'9') and '_', with a length limit of 255 characters. (00:00.001 / 00:11.572, 119Mb)
Sushi:   File: /tmp/ig-builds/dk.ehealth.sundhed.fhir.ig.core#10.0.2/input/fsh/ehealth-ext-revision.fsh (00:00.001 / 00:11.573, 119Mb)
Sushi:   Line: 1 - 6                                                                                 (00:00.000 / 00:11.574, 119Mb)
Sushi: warn  The name "ehealth-aggregation-mode" may not be suitable for machine processing applications such as code generation. Valid names start with an upper-case ASCII letter ('A'..'Z') followed by any combination of upper- or lower-case ASCII letters ('A'..'Z', and 'a'..'z'), numerals ('0'..'9') and '_', with a length limit of 255 characters. (00:00.035 / 00:11.609, 119Mb)
Sushi:   File: /tmp/ig-builds/dk.ehealth.sundhed.fhir.ig.core#10.0.2/input/fsh/ehealth-ext-aggregation-mode.fsh (00:00.001 / 00:11.611, 119Mb)
Sushi:   Line: 1 - 7                                                                                 (00:00.000 / 00:11.611, 119Mb)
Sushi: warn  The name "ehealth-material-communication" may not be suitable for machine processing applications such as code generation. Valid names start with an upper-case ASCII letter ('A'..'Z') followed by any combination of upper- or lower-case ASCII letters ('A'..'Z', and 'a'..'z'), numerals ('0'..'9') and '_', with a length limit of 255 characters. (00:00.054 / 00:11.666, 119Mb)
Sushi:   File: /tmp/ig-builds/dk.ehealth.sundhed.fhir.ig.core#10.0.2/input/fsh/ehealth-material-communication.fsh (00:00.001 / 00:11.667, 119Mb)
Sushi:   Line: 1 - 21                                                                                (00:00.000 / 00:11.668, 119Mb)
Sushi: warn  The name "ehealth-period" may not be suitable for machine processing applications such as code generation. Valid names start with an upper-case ASCII letter ('A'..'Z') followed by any combination of upper- or lower-case ASCII letters ('A'..'Z', and 'a'..'z'), numerals ('0'..'9') and '_', with a length limit of 255 characters. (00:00.036 / 00:11.704, 119Mb)
Sushi:   File: /tmp/ig-builds/dk.ehealth.sundhed.fhir.ig.core#10.0.2/input/fsh/ehealth-ext-period.fsh (00:00.001 / 00:11.706, 119Mb)
Sushi:   Line: 1 - 6                                                                                 (00:00.000 / 00:11.706, 119Mb)
Sushi: warn  The name "ehealth-media" may not be suitable for machine processing applications such as code generation. Valid names start with an upper-case ASCII letter ('A'..'Z') followed by any combination of upper- or lower-case ASCII letters ('A'..'Z', and 'a'..'z'), numerals ('0'..'9') and '_', with a length limit of 255 characters. (00:00.080 / 00:11.787, 119Mb)
Sushi:   File: /tmp/ig-builds/dk.ehealth.sundhed.fhir.ig.core#10.0.2/input/fsh/ehealth-media.fsh     (00:00.001 / 00:11.789, 119Mb)
Sushi:   Line: 1 - 33                                                                                (00:00.000 / 00:11.789, 119Mb)
Sushi: warn  The name "ehealth-resolved-timing" may not be suitable for machine processing applications such as code generation. Valid names start with an upper-case ASCII letter ('A'..'Z') followed by any combination of upper- or lower-case ASCII letters ('A'..'Z', and 'a'..'z'), numerals ('0'..'9') and '_', with a length limit of 255 characters. (00:00.012 / 00:11.802, 119Mb)
Sushi:   File: /tmp/ig-builds/dk.ehealth.sundhed.fhir.ig.core#10.0.2/input/fsh/ehealth-ext-resolved-timing.fsh (00:00.001 / 00:11.804, 119Mb)
Sushi:   Line: 1 - 18                                                                                (00:00.000 / 00:11.805, 119Mb)
Sushi: warn  The name "ehealth-media-thumbnail" may not be suitable for machine processing applications such as code generation. Valid names start with an upper-case ASCII letter ('A'..'Z') followed by any combination of upper- or lower-case ASCII letters ('A'..'Z', and 'a'..'z'), numerals ('0'..'9') and '_', with a length limit of 255 characters. (00:00.091 / 00:11.897, 119Mb)
Sushi:   File: /tmp/ig-builds/dk.ehealth.sundhed.fhir.ig.core#10.0.2/input/fsh/ehealth-media.fsh     (00:00.001 / 00:11.898, 119Mb)
Sushi:   Line: 55 - 76                                                                               (00:00.000 / 00:11.899, 119Mb)
Sushi: warn  The name "ehealth-media-usage-mode" may not be suitable for machine processing applications such as code generation. Valid names start with an upper-case ASCII letter ('A'..'Z') followed by any combination of upper- or lower-case ASCII letters ('A'..'Z', and 'a'..'z'), numerals ('0'..'9') and '_', with a length limit of 255 characters. (00:00.176 / 00:12.075, 119Mb)
Sushi:   File: /tmp/ig-builds/dk.ehealth.sundhed.fhir.ig.core#10.0.2/input/fsh/ehealth-media.fsh     (00:00.002 / 00:12.077, 119Mb)
Sushi:   Line: 35 - 40                                                                               (00:00.000 / 00:12.078, 119Mb)
Sushi: warn  The name "ehealth-media-related-to" may not be suitable for machine processing applications such as code generation. Valid names start with an upper-case ASCII letter ('A'..'Z') followed by any combination of upper- or lower-case ASCII letters ('A'..'Z', and 'a'..'z'), numerals ('0'..'9') and '_', with a length limit of 255 characters. (00:00.014 / 00:12.092, 119Mb)
Sushi:   File: /tmp/ig-builds/dk.ehealth.sundhed.fhir.ig.core#10.0.2/input/fsh/ehealth-media.fsh     (00:00.001 / 00:12.094, 119Mb)
Sushi:   Line: 42 - 47                                                                               (00:00.000 / 00:12.095, 119Mb)
Sushi: warn  The name "ehealth-media-series-id" may not be suitable for machine processing applications such as code generation. Valid names start with an upper-case ASCII letter ('A'..'Z') followed by any combination of upper- or lower-case ASCII letters ('A'..'Z', and 'a'..'z'), numerals ('0'..'9') and '_', with a length limit of 255 characters. (00:00.014 / 00:12.109, 119Mb)
Sushi:   File: /tmp/ig-builds/dk.ehealth.sundhed.fhir.ig.core#10.0.2/input/fsh/ehealth-media.fsh     (00:00.001 / 00:12.111, 119Mb)
Sushi:   Line: 49 - 53                                                                               (00:00.000 / 00:12.112, 119Mb)
Sushi: warn  The name "ehealth-message" may not be suitable for machine processing applications such as code generation. Valid names start with an upper-case ASCII letter ('A'..'Z') followed by any combination of upper- or lower-case ASCII letters ('A'..'Z', and 'a'..'z'), numerals ('0'..'9') and '_', with a length limit of 255 characters. (00:00.108 / 00:12.220, 119Mb)
Sushi:   File: /tmp/ig-builds/dk.ehealth.sundhed.fhir.ig.core#10.0.2/input/fsh/ehealth-message.fsh   (00:00.001 / 00:12.222, 119Mb)
Sushi:   Line: 1 - 59                                                                                (00:00.000 / 00:12.223, 119Mb)
Sushi: warn  The name "ehealth-thread-id" may not be suitable for machine processing applications such as code generation. Valid names start with an upper-case ASCII letter ('A'..'Z') followed by any combination of upper- or lower-case ASCII letters ('A'..'Z', and 'a'..'z'), numerals ('0'..'9') and '_', with a length limit of 255 characters. (00:00.010 / 00:12.233, 119Mb)
Sushi:   File: /tmp/ig-builds/dk.ehealth.sundhed.fhir.ig.core#10.0.2/input/fsh/ehealth-message.fsh   (00:00.001 / 00:12.234, 119Mb)
Sushi:   Line: 61 - 65                                                                               (00:00.000 / 00:12.235, 119Mb)
Sushi: warn  The name "ehealth-title" may not be suitable for machine processing applications such as code generation. Valid names start with an upper-case ASCII letter ('A'..'Z') followed by any combination of upper- or lower-case ASCII letters ('A'..'Z', and 'a'..'z'), numerals ('0'..'9') and '_', with a length limit of 255 characters. (00:00.036 / 00:12.271, 119Mb)
Sushi:   File: /tmp/ig-builds/dk.ehealth.sundhed.fhir.ig.core#10.0.2/input/fsh/ehealth-message.fsh   (00:00.001 / 00:12.273, 119Mb)
Sushi:   Line: 75 - 79                                                                               (00:00.000 / 00:12.273, 119Mb)
Sushi: warn  The name "ehealth-priority" may not be suitable for machine processing applications such as code generation. Valid names start with an upper-case ASCII letter ('A'..'Z') followed by any combination of upper- or lower-case ASCII letters ('A'..'Z', and 'a'..'z'), numerals ('0'..'9') and '_', with a length limit of 255 characters. (00:00.034 / 00:12.308, 119Mb)
Sushi:   File: /tmp/ig-builds/dk.ehealth.sundhed.fhir.ig.core#10.0.2/input/fsh/ehealth-message.fsh   (00:00.001 / 00:12.309, 119Mb)
Sushi:   Line: 81 - 86                                                                               (00:00.000 / 00:12.310, 119Mb)
Sushi: warn  The name "ehealth-on-behalf-of" may not be suitable for machine processing applications such as code generation. Valid names start with an upper-case ASCII letter ('A'..'Z') followed by any combination of upper- or lower-case ASCII letters ('A'..'Z', and 'a'..'z'), numerals ('0'..'9') and '_', with a length limit of 255 characters. (00:00.024 / 00:12.335, 119Mb)
Sushi:   File: /tmp/ig-builds/dk.ehealth.sundhed.fhir.ig.core#10.0.2/input/fsh/ehealth-message.fsh   (00:00.001 / 00:12.336, 119Mb)
Sushi:   Line: 88 - 94                                                                               (00:00.000 / 00:12.337, 119Mb)
Sushi: warn  The name "ehealth-message-author" may not be suitable for machine processing applications such as code generation. Valid names start with an upper-case ASCII letter ('A'..'Z') followed by any combination of upper- or lower-case ASCII letters ('A'..'Z', and 'a'..'z'), numerals ('0'..'9') and '_', with a length limit of 255 characters. (00:00.022 / 00:12.360, 119Mb)
Sushi:   File: /tmp/ig-builds/dk.ehealth.sundhed.fhir.ig.core#10.0.2/input/fsh/ehealth-ext-message-author.fsh (00:00.001 / 00:12.362, 119Mb)
Sushi:   Line: 1 - 7                                                                                 (00:00.000 / 00:12.362, 119Mb)
Sushi: warn  The name "ehealth-observation" may not be suitable for machine processing applications such as code generation. Valid names start with an upper-case ASCII letter ('A'..'Z') followed by any combination of upper- or lower-case ASCII letters ('A'..'Z', and 'a'..'z'), numerals ('0'..'9') and '_', with a length limit of 255 characters. (00:00.172 / 00:12.534, 119Mb)
Sushi:   File: /tmp/ig-builds/dk.ehealth.sundhed.fhir.ig.core#10.0.2/input/fsh/ehealth-observation.fsh (00:00.002 / 00:12.537, 119Mb)
Sushi:   Line: 1 - 27                                                                                (00:00.000 / 00:12.537, 119Mb)
Sushi: warn  The name "ehealth-observation-wound-dimensions" may not be suitable for machine processing applications such as code generation. Valid names start with an upper-case ASCII letter ('A'..'Z') followed by any combination of upper- or lower-case ASCII letters ('A'..'Z', and 'a'..'z'), numerals ('0'..'9') and '_', with a length limit of 255 characters. (00:00.103 / 00:12.640, 119Mb)
Sushi:   File: /tmp/ig-builds/dk.ehealth.sundhed.fhir.ig.core#10.0.2/input/fsh/ehealth-observation-wound-dimensions.fsh (00:00.002 / 00:12.643, 119Mb)
Sushi:   Line: 1 - 42                                                                                (00:00.000 / 00:12.644, 119Mb)
Sushi: warn  The name "ehealth-observation-method" may not be suitable for machine processing applications such as code generation. Valid names start with an upper-case ASCII letter ('A'..'Z') followed by any combination of upper- or lower-case ASCII letters ('A'..'Z', and 'a'..'z'), numerals ('0'..'9') and '_', with a length limit of 255 characters. (00:00.011 / 00:12.655, 119Mb)
Sushi:   File: /tmp/ig-builds/dk.ehealth.sundhed.fhir.ig.core#10.0.2/input/fsh/ehealth-observation-wound-dimensions.fsh (00:00.002 / 00:12.657, 119Mb)
Sushi:   Line: 44 - 49                                                                               (00:00.000 / 00:12.658, 119Mb)
Sushi: warn  The name "ehealth-organization" may not be suitable for machine processing applications such as code generation. Valid names start with an upper-case ASCII letter ('A'..'Z') followed by any combination of upper- or lower-case ASCII letters ('A'..'Z', and 'a'..'z'), numerals ('0'..'9') and '_', with a length limit of 255 characters. (00:00.165 / 00:12.823, 119Mb)
Sushi:   File: /tmp/ig-builds/dk.ehealth.sundhed.fhir.ig.core#10.0.2/input/fsh/ehealth-organization.fsh (00:00.002 / 00:12.825, 119Mb)
Sushi:   Line: 1 - 30                                                                                (00:00.000 / 00:12.826, 119Mb)
Sushi: warn  The name "ehealth-organization-cvrNumber" may not be suitable for machine processing applications such as code generation. Valid names start with an upper-case ASCII letter ('A'..'Z') followed by any combination of upper- or lower-case ASCII letters ('A'..'Z', and 'a'..'z'), numerals ('0'..'9') and '_', with a length limit of 255 characters. (00:00.000 / 00:12.827, 119Mb)
Sushi:   File: /tmp/ig-builds/dk.ehealth.sundhed.fhir.ig.core#10.0.2/input/fsh/ehealth-organization.fsh (00:00.002 / 00:12.829, 119Mb)
Sushi:   Line: 49 - 54                                                                               (00:00.000 / 00:12.830, 119Mb)
Sushi: warn  The name "ehealth-organization-regionCode" may not be suitable for machine processing applications such as code generation. Valid names start with an upper-case ASCII letter ('A'..'Z') followed by any combination of upper- or lower-case ASCII letters ('A'..'Z', and 'a'..'z'), numerals ('0'..'9') and '_', with a length limit of 255 characters. (00:00.032 / 00:12.862, 119Mb)
Sushi:   File: /tmp/ig-builds/dk.ehealth.sundhed.fhir.ig.core#10.0.2/input/fsh/ehealth-organization.fsh (00:00.002 / 00:12.864, 119Mb)
Sushi:   Line: 64 - 69                                                                               (00:00.000 / 00:12.865, 119Mb)
Sushi: warn  The name "ehealth-organization-municipalityCode" may not be suitable for machine processing applications such as code generation. Valid names start with an upper-case ASCII letter ('A'..'Z') followed by any combination of upper- or lower-case ASCII letters ('A'..'Z', and 'a'..'z'), numerals ('0'..'9') and '_', with a length limit of 255 characters. (00:00.032 / 00:12.897, 119Mb)
Sushi:   File: /tmp/ig-builds/dk.ehealth.sundhed.fhir.ig.core#10.0.2/input/fsh/ehealth-organization.fsh (00:00.002 / 00:12.900, 119Mb)
Sushi:   Line: 71 - 75                                                                               (00:00.000 / 00:12.900, 119Mb)
Sushi: warn  The name "ehealth-organization-source" may not be suitable for machine processing applications such as code generation. Valid names start with an upper-case ASCII letter ('A'..'Z') followed by any combination of upper- or lower-case ASCII letters ('A'..'Z', and 'a'..'z'), numerals ('0'..'9') and '_', with a length limit of 255 characters. (00:00.032 / 00:12.933, 119Mb)
Sushi:   File: /tmp/ig-builds/dk.ehealth.sundhed.fhir.ig.core#10.0.2/input/fsh/ehealth-organization.fsh (00:00.002 / 00:12.935, 119Mb)
Sushi:   Line: 84 - 90                                                                               (00:00.000 / 00:12.936, 119Mb)
Sushi: warn  The name "ehealth-organization-synchronizationStatus" may not be suitable for machine processing applications such as code generation. Valid names start with an upper-case ASCII letter ('A'..'Z') followed by any combination of upper- or lower-case ASCII letters ('A'..'Z', and 'a'..'z'), numerals ('0'..'9') and '_', with a length limit of 255 characters. (00:00.046 / 00:12.982, 119Mb)
Sushi:   File: /tmp/ig-builds/dk.ehealth.sundhed.fhir.ig.core#10.0.2/input/fsh/ehealth-organization.fsh (00:00.001 / 00:12.984, 119Mb)
Sushi:   Line: 108 - 114                                                                             (00:00.000 / 00:12.985, 119Mb)
Sushi: warn  The name "ehealth-organization-providerIdentifier" may not be suitable for machine processing applications such as code generation. Valid names start with an upper-case ASCII letter ('A'..'Z') followed by any combination of upper- or lower-case ASCII letters ('A'..'Z', and 'a'..'z'), numerals ('0'..'9') and '_', with a length limit of 255 characters. (00:00.049 / 00:13.034, 119Mb)
Sushi:   File: /tmp/ig-builds/dk.ehealth.sundhed.fhir.ig.core#10.0.2/input/fsh/ehealth-organization.fsh (00:00.001 / 00:13.036, 119Mb)
Sushi:   Line: 77 - 82                                                                               (00:00.000 / 00:13.037, 119Mb)
Sushi: warn  The name "ehealth-organization-specialty" may not be suitable for machine processing applications such as code generation. Valid names start with an upper-case ASCII letter ('A'..'Z') followed by any combination of upper- or lower-case ASCII letters ('A'..'Z', and 'a'..'z'), numerals ('0'..'9') and '_', with a length limit of 255 characters. (00:00.032 / 00:13.069, 119Mb)
Sushi:   File: /tmp/ig-builds/dk.ehealth.sundhed.fhir.ig.core#10.0.2/input/fsh/ehealth-organization.fsh (00:00.001 / 00:13.071, 119Mb)
Sushi:   Line: 116 - 131                                                                             (00:00.000 / 00:13.072, 119Mb)
Sushi: warn  The name "ehealth-organization-relatedTo" may not be suitable for machine processing applications such as code generation. Valid names start with an upper-case ASCII letter ('A'..'Z') followed by any combination of upper- or lower-case ASCII letters ('A'..'Z', and 'a'..'z'), numerals ('0'..'9') and '_', with a length limit of 255 characters. (00:00.075 / 00:13.147, 119Mb)
Sushi:   File: /tmp/ig-builds/dk.ehealth.sundhed.fhir.ig.core#10.0.2/input/fsh/ehealth-organization.fsh (00:00.001 / 00:13.149, 119Mb)
Sushi:   Line: 33 - 47                                                                               (00:00.000 / 00:13.150, 119Mb)
Sushi: warn  The name "ehealth-organization-telecomValue" may not be suitable for machine processing applications such as code generation. Valid names start with an upper-case ASCII letter ('A'..'Z') followed by any combination of upper- or lower-case ASCII letters ('A'..'Z', and 'a'..'z'), numerals ('0'..'9') and '_', with a length limit of 255 characters. (00:00.115 / 00:13.265, 119Mb)
Sushi:   File: /tmp/ig-builds/dk.ehealth.sundhed.fhir.ig.core#10.0.2/input/fsh/ehealth-organization.fsh (00:00.001 / 00:13.266, 119Mb)
Sushi:   Line: 56 - 61                                                                               (00:00.000 / 00:13.267, 119Mb)
Sushi: warn  The name "ehealth-organization-telecomSystem" may not be suitable for machine processing applications such as code generation. Valid names start with an upper-case ASCII letter ('A'..'Z') followed by any combination of upper- or lower-case ASCII letters ('A'..'Z', and 'a'..'z'), numerals ('0'..'9') and '_', with a length limit of 255 characters. (00:00.032 / 00:13.299, 119Mb)
Sushi:   File: /tmp/ig-builds/dk.ehealth.sundhed.fhir.ig.core#10.0.2/input/fsh/ehealth-organization.fsh (00:00.001 / 00:13.301, 119Mb)
Sushi:   Line: 92 - 98                                                                               (00:00.000 / 00:13.302, 119Mb)
Sushi: warn  The name "ehealth-organization-telecomCustodian" may not be suitable for machine processing applications such as code generation. Valid names start with an upper-case ASCII letter ('A'..'Z') followed by any combination of upper- or lower-case ASCII letters ('A'..'Z', and 'a'..'z'), numerals ('0'..'9') and '_', with a length limit of 255 characters. (00:00.045 / 00:13.348, 119Mb)
Sushi:   File: /tmp/ig-builds/dk.ehealth.sundhed.fhir.ig.core#10.0.2/input/fsh/ehealth-organization.fsh (00:00.002 / 00:13.350, 119Mb)
Sushi:   Line: 100 - 106                                                                             (00:00.000 / 00:13.350, 119Mb)
Sushi: warn  The name "ehealth-patient" may not be suitable for machine processing applications such as code generation. Valid names start with an upper-case ASCII letter ('A'..'Z') followed by any combination of upper- or lower-case ASCII letters ('A'..'Z', and 'a'..'z'), numerals ('0'..'9') and '_', with a length limit of 255 characters. (00:00.070 / 00:13.421, 119Mb)
Sushi:   File: /tmp/ig-builds/dk.ehealth.sundhed.fhir.ig.core#10.0.2/input/fsh/ehealth-patient.fsh   (00:00.001 / 00:13.423, 119Mb)
Sushi:   Line: 1 - 52                                                                                (00:00.000 / 00:13.423, 119Mb)
Sushi: warn  The name "ehealth-itcompetencelevel" may not be suitable for machine processing applications such as code generation. Valid names start with an upper-case ASCII letter ('A'..'Z') followed by any combination of upper- or lower-case ASCII letters ('A'..'Z', and 'a'..'z'), numerals ('0'..'9') and '_', with a length limit of 255 characters. (00:00.000 / 00:13.424, 119Mb)
Sushi:   File: /tmp/ig-builds/dk.ehealth.sundhed.fhir.ig.core#10.0.2/input/fsh/ehealth-patient.fsh   (00:00.001 / 00:13.426, 119Mb)
Sushi:   Line: 54 - 66                                                                               (00:00.000 / 00:13.426, 119Mb)
Sushi: warn  Extension ehealth-itcompetencelevel has a description field that should not be empty.   (00:00.000 / 00:13.427, 119Mb)
Sushi: warn  The name "patient-interpreterRequired" may not be suitable for machine processing applications such as code generation. Valid names start with an upper-case ASCII letter ('A'..'Z') followed by any combination of upper- or lower-case ASCII letters ('A'..'Z', and 'a'..'z'), numerals ('0'..'9') and '_', with a length limit of 255 characters. (00:00.104 / 00:13.531, 119Mb)
Sushi:   File: /tmp/ig-builds/dk.ehealth.sundhed.fhir.ig.core#10.0.2/input/fsh/ehealth-patient.fsh   (00:00.001 / 00:13.533, 119Mb)
Sushi:   Line: 68 - 72                                                                               (00:00.000 / 00:13.534, 119Mb)
Sushi: warn  The name "ehealth-general-health-condition" may not be suitable for machine processing applications such as code generation. Valid names start with an upper-case ASCII letter ('A'..'Z') followed by any combination of upper- or lower-case ASCII letters ('A'..'Z', and 'a'..'z'), numerals ('0'..'9') and '_', with a length limit of 255 characters. (00:00.017 / 00:13.551, 119Mb)
Sushi:   File: /tmp/ig-builds/dk.ehealth.sundhed.fhir.ig.core#10.0.2/input/fsh/ehealth-patient.fsh   (00:00.001 / 00:13.553, 119Mb)
Sushi:   Line: 74 - 83                                                                               (00:00.000 / 00:13.554, 119Mb)
Sushi: warn  The name "ehealth-nameandaddressprotection" may not be suitable for machine processing applications such as code generation. Valid names start with an upper-case ASCII letter ('A'..'Z') followed by any combination of upper- or lower-case ASCII letters ('A'..'Z', and 'a'..'z'), numerals ('0'..'9') and '_', with a length limit of 255 characters. (00:00.074 / 00:13.628, 119Mb)
Sushi:   File: /tmp/ig-builds/dk.ehealth.sundhed.fhir.ig.core#10.0.2/input/fsh/ehealth-ext-nameandaddressprotection.fsh (00:00.001 / 00:13.629, 119Mb)
Sushi:   Line: 1 - 6                                                                                 (00:00.000 / 00:13.630, 119Mb)
Sushi: warn  The name "ehealth-patient-contactnote" may not be suitable for machine processing applications such as code generation. Valid names start with an upper-case ASCII letter ('A'..'Z') followed by any combination of upper- or lower-case ASCII letters ('A'..'Z', and 'a'..'z'), numerals ('0'..'9') and '_', with a length limit of 255 characters. (00:00.087 / 00:13.718, 119Mb)
Sushi:   File: /tmp/ig-builds/dk.ehealth.sundhed.fhir.ig.core#10.0.2/input/fsh/ehealth-ext-patient-contactnote.fsh (00:00.001 / 00:13.720, 119Mb)
Sushi:   Line: 1 - 5                                                                                 (00:00.000 / 00:13.720, 119Mb)
Sushi: warn  At least one slice of Patient.generalPractitioner has a max greater than the overall element max. The max of the following slice(s) has been reduced to match the max of Patient.generalPractitioner: referencedSORUnit (00:00.041 / 00:13.762, 119Mb)
Sushi: warn  The name "ehealth-plandefinition" may not be suitable for machine processing applications such as code generation. Valid names start with an upper-case ASCII letter ('A'..'Z') followed by any combination of upper- or lower-case ASCII letters ('A'..'Z', and 'a'..'z'), numerals ('0'..'9') and '_', with a length limit of 255 characters. (00:00.068 / 00:13.831, 119Mb)
Sushi:   File: /tmp/ig-builds/dk.ehealth.sundhed.fhir.ig.core#10.0.2/input/fsh/ehealth-plandefinition.fsh (00:00.002 / 00:13.833, 119Mb)
Sushi:   Line: 1 - 20                                                                                (00:00.000 / 00:13.834, 119Mb)
Sushi: warn  The name "ehealth-overviewUsageMode" may not be suitable for machine processing applications such as code generation. Valid names start with an upper-case ASCII letter ('A'..'Z') followed by any combination of upper- or lower-case ASCII letters ('A'..'Z', and 'a'..'z'), numerals ('0'..'9') and '_', with a length limit of 255 characters. (00:00.013 / 00:13.848, 119Mb)
Sushi:   File: /tmp/ig-builds/dk.ehealth.sundhed.fhir.ig.core#10.0.2/input/fsh/ehealth-ext-overviewUsageMode.fsh (00:00.002 / 00:13.850, 119Mb)
Sushi:   Line: 1 - 7                                                                                 (00:00.000 / 00:13.850, 119Mb)
Sushi: warn  The name "ehealth-actionTrigger" may not be suitable for machine processing applications such as code generation. Valid names start with an upper-case ASCII letter ('A'..'Z') followed by any combination of upper- or lower-case ASCII letters ('A'..'Z', and 'a'..'z'), numerals ('0'..'9') and '_', with a length limit of 255 characters. (00:00.050 / 00:13.901, 119Mb)
Sushi:   File: /tmp/ig-builds/dk.ehealth.sundhed.fhir.ig.core#10.0.2/input/fsh/ehealth-plandefinition.fsh (00:00.002 / 00:13.903, 119Mb)
Sushi:   Line: 22 - 42                                                                               (00:00.000 / 00:13.904, 119Mb)
Sushi: warn  The name "ehealth-triggerCondition" may not be suitable for machine processing applications such as code generation. Valid names start with an upper-case ASCII letter ('A'..'Z') followed by any combination of upper- or lower-case ASCII letters ('A'..'Z', and 'a'..'z'), numerals ('0'..'9') and '_', with a length limit of 255 characters. (00:00.006 / 00:13.911, 119Mb)
Sushi:   File: /tmp/ig-builds/dk.ehealth.sundhed.fhir.ig.core#10.0.2/input/fsh/ehealth-ext-triggerCondition.fsh (00:00.002 / 00:13.913, 119Mb)
Sushi:   Line: 1 - 12                                                                                (00:00.000 / 00:13.914, 119Mb)
Sushi: warn  The name "ehealth-include-as-extra" may not be suitable for machine processing applications such as code generation. Valid names start with an upper-case ASCII letter ('A'..'Z') followed by any combination of upper- or lower-case ASCII letters ('A'..'Z', and 'a'..'z'), numerals ('0'..'9') and '_', with a length limit of 255 characters. (00:00.096 / 00:14.010, 119Mb)
Sushi:   File: /tmp/ig-builds/dk.ehealth.sundhed.fhir.ig.core#10.0.2/input/fsh/ehealth-ext-include-as-extra.fsh (00:00.002 / 00:14.012, 119Mb)
Sushi:   Line: 1 - 6                                                                                 (00:00.000 / 00:14.013, 119Mb)
Sushi: warn  The name "ehealth-aggregate-group-id" may not be suitable for machine processing applications such as code generation. Valid names start with an upper-case ASCII letter ('A'..'Z') followed by any combination of upper- or lower-case ASCII letters ('A'..'Z', and 'a'..'z'), numerals ('0'..'9') and '_', with a length limit of 255 characters. (00:00.017 / 00:14.031, 119Mb)
Sushi:   File: /tmp/ig-builds/dk.ehealth.sundhed.fhir.ig.core#10.0.2/input/fsh/ehealth-ext-aggregate-group-id.fsh (00:00.002 / 00:14.033, 119Mb)
Sushi:   Line: 1 - 5                                                                                 (00:00.000 / 00:14.034, 119Mb)
Sushi: warn  The name "ehealth-practitioner" may not be suitable for machine processing applications such as code generation. Valid names start with an upper-case ASCII letter ('A'..'Z') followed by any combination of upper- or lower-case ASCII letters ('A'..'Z', and 'a'..'z'), numerals ('0'..'9') and '_', with a length limit of 255 characters. (00:00.040 / 00:14.074, 119Mb)
Sushi:   File: /tmp/ig-builds/dk.ehealth.sundhed.fhir.ig.core#10.0.2/input/fsh/ehealth-practitioner.fsh (00:00.002 / 00:14.076, 119Mb)
Sushi:   Line: 1 - 13                                                                                (00:00.000 / 00:14.077, 119Mb)
Sushi: warn  The name "ehealth-provider-affiliation" may not be suitable for machine processing applications such as code generation. Valid names start with an upper-case ASCII letter ('A'..'Z') followed by any combination of upper- or lower-case ASCII letters ('A'..'Z', and 'a'..'z'), numerals ('0'..'9') and '_', with a length limit of 255 characters. (00:00.006 / 00:14.084, 119Mb)
Sushi:   File: /tmp/ig-builds/dk.ehealth.sundhed.fhir.ig.core#10.0.2/input/fsh/ehealth-practitioner.fsh (00:00.001 / 00:14.085, 119Mb)
Sushi:   Line: 15 - 28                                                                               (00:00.000 / 00:14.086, 119Mb)
Sushi: warn  The name "ehealth-practitionerrole" may not be suitable for machine processing applications such as code generation. Valid names start with an upper-case ASCII letter ('A'..'Z') followed by any combination of upper- or lower-case ASCII letters ('A'..'Z', and 'a'..'z'), numerals ('0'..'9') and '_', with a length limit of 255 characters. (00:00.065 / 00:14.151, 119Mb)
Sushi:   File: /tmp/ig-builds/dk.ehealth.sundhed.fhir.ig.core#10.0.2/input/fsh/ehealth-practitionerrole.fsh (00:00.001 / 00:14.153, 119Mb)
Sushi:   Line: 1 - 8                                                                                 (00:00.000 / 00:14.154, 119Mb)
Sushi: warn  The name "ehealth-provenance" may not be suitable for machine processing applications such as code generation. Valid names start with an upper-case ASCII letter ('A'..'Z') followed by any combination of upper- or lower-case ASCII letters ('A'..'Z', and 'a'..'z'), numerals ('0'..'9') and '_', with a length limit of 255 characters. (00:00.027 / 00:14.181, 119Mb)
Sushi:   File: /tmp/ig-builds/dk.ehealth.sundhed.fhir.ig.core#10.0.2/input/fsh/ehealth-provenance.fsh (00:00.001 / 00:14.182, 119Mb)
Sushi:   Line: 1 - 8                                                                                 (00:00.000 / 00:14.183, 119Mb)
Sushi: warn  The name "ehealth-provenance-dateTimeOfReusedEntity" may not be suitable for machine processing applications such as code generation. Valid names start with an upper-case ASCII letter ('A'..'Z') followed by any combination of upper- or lower-case ASCII letters ('A'..'Z', and 'a'..'z'), numerals ('0'..'9') and '_', with a length limit of 255 characters. (00:00.000 / 00:14.184, 119Mb)
Sushi:   File: /tmp/ig-builds/dk.ehealth.sundhed.fhir.ig.core#10.0.2/input/fsh/ehealth-provenance.fsh (00:00.001 / 00:14.185, 119Mb)
Sushi:   Line: 10 - 15                                                                               (00:00.000 / 00:14.186, 119Mb)
Sushi: warn  The name "ehealth-questionnaire" may not be suitable for machine processing applications such as code generation. Valid names start with an upper-case ASCII letter ('A'..'Z') followed by any combination of upper- or lower-case ASCII letters ('A'..'Z', and 'a'..'z'), numerals ('0'..'9') and '_', with a length limit of 255 characters. (00:00.100 / 00:14.287, 119Mb)
Sushi:   File: /tmp/ig-builds/dk.ehealth.sundhed.fhir.ig.core#10.0.2/input/fsh/ehealth-questionnaire.fsh (00:00.001 / 00:14.288, 119Mb)
Sushi:   Line: 1 - 39                                                                                (00:00.000 / 00:14.289, 119Mb)
Sushi: warn  The name "ehealth-questionnaire-recommendation" may not be suitable for machine processing applications such as code generation. Valid names start with an upper-case ASCII letter ('A'..'Z') followed by any combination of upper- or lower-case ASCII letters ('A'..'Z', and 'a'..'z'), numerals ('0'..'9') and '_', with a length limit of 255 characters. (00:00.000 / 00:14.290, 119Mb)
Sushi:   File: /tmp/ig-builds/dk.ehealth.sundhed.fhir.ig.core#10.0.2/input/fsh/ehealth-questionnaire.fsh (00:00.002 / 00:14.292, 119Mb)
Sushi:   Line: 48 - 54                                                                               (00:00.000 / 00:14.293, 119Mb)
Sushi: warn  The name "ehealth-questionnaire-intendedOrganization" may not be suitable for machine processing applications such as code generation. Valid names start with an upper-case ASCII letter ('A'..'Z') followed by any combination of upper- or lower-case ASCII letters ('A'..'Z', and 'a'..'z'), numerals ('0'..'9') and '_', with a length limit of 255 characters. (00:00.050 / 00:14.343, 119Mb)
Sushi:   File: /tmp/ig-builds/dk.ehealth.sundhed.fhir.ig.core#10.0.2/input/fsh/ehealth-questionnaire.fsh (00:00.002 / 00:14.345, 119Mb)
Sushi:   Line: 56 - 62                                                                               (00:00.000 / 00:14.346, 119Mb)
Sushi: warn  The name "ehealth-questionnaire-type" may not be suitable for machine processing applications such as code generation. Valid names start with an upper-case ASCII letter ('A'..'Z') followed by any combination of upper- or lower-case ASCII letters ('A'..'Z', and 'a'..'z'), numerals ('0'..'9') and '_', with a length limit of 255 characters. (00:00.028 / 00:14.374, 119Mb)
Sushi:   File: /tmp/ig-builds/dk.ehealth.sundhed.fhir.ig.core#10.0.2/input/fsh/ehealth-questionnaire.fsh (00:00.002 / 00:14.376, 119Mb)
Sushi:   Line: 64 - 70                                                                               (00:00.000 / 00:14.377, 119Mb)
Sushi: warn  The name "ehealth-questionnaire-sliderStepValueDecimal" may not be suitable for machine processing applications such as code generation. Valid names start with an upper-case ASCII letter ('A'..'Z') followed by any combination of upper- or lower-case ASCII letters ('A'..'Z', and 'a'..'z'), numerals ('0'..'9') and '_', with a length limit of 255 characters. (00:00.059 / 00:14.436, 119Mb)
Sushi:   File: /tmp/ig-builds/dk.ehealth.sundhed.fhir.ig.core#10.0.2/input/fsh/ehealth-questionnaire.fsh (00:00.002 / 00:14.439, 119Mb)
Sushi:   Line: 41 - 46                                                                               (00:00.000 / 00:14.439, 119Mb)
Sushi: warn  The name "ehealth-questionnaire-feedback" may not be suitable for machine processing applications such as code generation. Valid names start with an upper-case ASCII letter ('A'..'Z') followed by any combination of upper- or lower-case ASCII letters ('A'..'Z', and 'a'..'z'), numerals ('0'..'9') and '_', with a length limit of 255 characters. (00:00.024 / 00:14.464, 119Mb)
Sushi:   File: /tmp/ig-builds/dk.ehealth.sundhed.fhir.ig.core#10.0.2/input/fsh/ehealth-questionnaire.fsh (00:00.002 / 00:14.466, 119Mb)
Sushi:   Line: 72 - 85                                                                               (00:00.000 / 00:14.467, 119Mb)
Sushi: warn  The name "ehealth-questionnaire-image" may not be suitable for machine processing applications such as code generation. Valid names start with an upper-case ASCII letter ('A'..'Z') followed by any combination of upper- or lower-case ASCII letters ('A'..'Z', and 'a'..'z'), numerals ('0'..'9') and '_', with a length limit of 255 characters. (00:00.072 / 00:14.540, 119Mb)
Sushi:   File: /tmp/ig-builds/dk.ehealth.sundhed.fhir.ig.core#10.0.2/input/fsh/ehealth-questionnaire.fsh (00:00.002 / 00:14.542, 119Mb)
Sushi:   Line: 87 - 96                                                                               (00:00.000 / 00:14.543, 119Mb)
Sushi: warn  The name "ehealth-questionnaire-shortText" may not be suitable for machine processing applications such as code generation. Valid names start with an upper-case ASCII letter ('A'..'Z') followed by any combination of upper- or lower-case ASCII letters ('A'..'Z', and 'a'..'z'), numerals ('0'..'9') and '_', with a length limit of 255 characters. (00:00.048 / 00:14.591, 119Mb)
Sushi:   File: /tmp/ig-builds/dk.ehealth.sundhed.fhir.ig.core#10.0.2/input/fsh/ehealth-ext-questionnaire-shortText.fsh (00:00.001 / 00:14.593, 119Mb)
Sushi:   Line: 1 - 5                                                                                 (00:00.000 / 00:14.594, 119Mb)
Sushi: warn  The name "ehealth-questionnaire-helpText" may not be suitable for machine processing applications such as code generation. Valid names start with an upper-case ASCII letter ('A'..'Z') followed by any combination of upper- or lower-case ASCII letters ('A'..'Z', and 'a'..'z'), numerals ('0'..'9') and '_', with a length limit of 255 characters. (00:00.032 / 00:14.626, 119Mb)
Sushi:   File: /tmp/ig-builds/dk.ehealth.sundhed.fhir.ig.core#10.0.2/input/fsh/ehealth-questionnaire.fsh (00:00.001 / 00:14.628, 119Mb)
Sushi:   Line: 109 - 120                                                                             (00:00.000 / 00:14.628, 119Mb)
Sushi: warn  The name "ehealth-external-identifier" may not be suitable for machine processing applications such as code generation. Valid names start with an upper-case ASCII letter ('A'..'Z') followed by any combination of upper- or lower-case ASCII letters ('A'..'Z', and 'a'..'z'), numerals ('0'..'9') and '_', with a length limit of 255 characters. (00:00.061 / 00:14.690, 119Mb)
Sushi:   File: /tmp/ig-builds/dk.ehealth.sundhed.fhir.ig.core#10.0.2/input/fsh/ehealth-questionnaire.fsh (00:00.001 / 00:14.691, 119Mb)
Sushi:   Line: 128 - 132                                                                             (00:00.000 / 00:14.692, 119Mb)
Sushi: warn  The name "ehealth-questionnaire-item-is-copyright" may not be suitable for machine processing applications such as code generation. Valid names start with an upper-case ASCII letter ('A'..'Z') followed by any combination of upper- or lower-case ASCII letters ('A'..'Z', and 'a'..'z'), numerals ('0'..'9') and '_', with a length limit of 255 characters. (00:00.056 / 00:14.749, 119Mb)
Sushi:   File: /tmp/ig-builds/dk.ehealth.sundhed.fhir.ig.core#10.0.2/input/fsh/ehealth-questionnaire.fsh (00:00.001 / 00:14.750, 119Mb)
Sushi:   Line: 134 - 139                                                                             (00:00.000 / 00:14.751, 119Mb)
Sushi: warn  The name "ehealth-enableBehavior-conditionId" may not be suitable for machine processing applications such as code generation. Valid names start with an upper-case ASCII letter ('A'..'Z') followed by any combination of upper- or lower-case ASCII letters ('A'..'Z', and 'a'..'z'), numerals ('0'..'9') and '_', with a length limit of 255 characters. (00:00.051 / 00:14.803, 119Mb)
Sushi:   File: /tmp/ig-builds/dk.ehealth.sundhed.fhir.ig.core#10.0.2/input/fsh/ehealth-questionnaire.fsh (00:00.002 / 00:14.805, 119Mb)
Sushi:   Line: 122 - 126                                                                             (00:00.000 / 00:14.806, 119Mb)
Sushi: warn  The name "ehealth-questionnaire-advanced" may not be suitable for machine processing applications such as code generation. Valid names start with an upper-case ASCII letter ('A'..'Z') followed by any combination of upper- or lower-case ASCII letters ('A'..'Z', and 'a'..'z'), numerals ('0'..'9') and '_', with a length limit of 255 characters. (00:00.060 / 00:14.866, 119Mb)
Sushi:   File: /tmp/ig-builds/dk.ehealth.sundhed.fhir.ig.core#10.0.2/input/fsh/ehealth-questionnaire-advanced.fsh (00:00.001 / 00:14.868, 119Mb)
Sushi:   Line: 1 - 9                                                                                 (00:00.000 / 00:14.868, 119Mb)
Sushi: warn  The name "ehealth-questionnaireresponse" may not be suitable for machine processing applications such as code generation. Valid names start with an upper-case ASCII letter ('A'..'Z') followed by any combination of upper- or lower-case ASCII letters ('A'..'Z', and 'a'..'z'), numerals ('0'..'9') and '_', with a length limit of 255 characters. (00:00.012 / 00:14.881, 119Mb)
Sushi:   File: /tmp/ig-builds/dk.ehealth.sundhed.fhir.ig.core#10.0.2/input/fsh/ehealth-questionnaireresponse.fsh (00:00.001 / 00:14.883, 119Mb)
Sushi:   Line: 1 - 25                                                                                (00:00.000 / 00:14.883, 119Mb)
Sushi: warn  The name "ehealth-effectivePeriod" may not be suitable for machine processing applications such as code generation. Valid names start with an upper-case ASCII letter ('A'..'Z') followed by any combination of upper- or lower-case ASCII letters ('A'..'Z', and 'a'..'z'), numerals ('0'..'9') and '_', with a length limit of 255 characters. (00:00.018 / 00:14.902, 119Mb)
Sushi:   File: /tmp/ig-builds/dk.ehealth.sundhed.fhir.ig.core#10.0.2/input/fsh/ehealth-questionnaireresponse.fsh (00:00.001 / 00:14.903, 119Mb)
Sushi:   Line: 27 - 32                                                                               (00:00.000 / 00:14.904, 119Mb)
Sushi: warn  The name "ehealth-relatedperson" may not be suitable for machine processing applications such as code generation. Valid names start with an upper-case ASCII letter ('A'..'Z') followed by any combination of upper- or lower-case ASCII letters ('A'..'Z', and 'a'..'z'), numerals ('0'..'9') and '_', with a length limit of 255 characters. (00:00.134 / 00:15.039, 119Mb)
Sushi:   File: /tmp/ig-builds/dk.ehealth.sundhed.fhir.ig.core#10.0.2/input/fsh/ehealth-relatedperson.fsh (00:00.001 / 00:15.040, 119Mb)
Sushi:   Line: 1 - 26                                                                                (00:00.000 / 00:15.041, 119Mb)
Sushi: warn  The name "ehealth-telecom-purpose" may not be suitable for machine processing applications such as code generation. Valid names start with an upper-case ASCII letter ('A'..'Z') followed by any combination of upper- or lower-case ASCII letters ('A'..'Z', and 'a'..'z'), numerals ('0'..'9') and '_', with a length limit of 255 characters. (00:00.042 / 00:15.084, 119Mb)
Sushi:   File: /tmp/ig-builds/dk.ehealth.sundhed.fhir.ig.core#10.0.2/input/fsh/ehealth-ext-telecom-purpose.fsh (00:00.001 / 00:15.086, 119Mb)
Sushi:   Line: 1 - 11                                                                                (00:00.000 / 00:15.086, 119Mb)
Sushi: warn  The name "ehealth-servicerequest" may not be suitable for machine processing applications such as code generation. Valid names start with an upper-case ASCII letter ('A'..'Z') followed by any combination of upper- or lower-case ASCII letters ('A'..'Z', and 'a'..'z'), numerals ('0'..'9') and '_', with a length limit of 255 characters. (00:00.081 / 00:15.168, 119Mb)
Sushi:   File: /tmp/ig-builds/dk.ehealth.sundhed.fhir.ig.core#10.0.2/input/fsh/ehealth-servicerequest.fsh (00:00.001 / 00:15.169, 119Mb)
Sushi:   Line: 1 - 31                                                                                (00:00.000 / 00:15.170, 119Mb)
Sushi: warn  The name "ehealth-trigger-enablement-code" may not be suitable for machine processing applications such as code generation. Valid names start with an upper-case ASCII letter ('A'..'Z') followed by any combination of upper- or lower-case ASCII letters ('A'..'Z', and 'a'..'z'), numerals ('0'..'9') and '_', with a length limit of 255 characters. (00:00.018 / 00:15.189, 119Mb)
Sushi:   File: /tmp/ig-builds/dk.ehealth.sundhed.fhir.ig.core#10.0.2/input/fsh/ehealth-servicerequest.fsh (00:00.001 / 00:15.190, 119Mb)
Sushi:   Line: 33 - 39                                                                               (00:00.000 / 00:15.191, 119Mb)
Sushi: warn  The name "ehealth-servicerequest-statusHistory" may not be suitable for machine processing applications such as code generation. Valid names start with an upper-case ASCII letter ('A'..'Z') followed by any combination of upper- or lower-case ASCII letters ('A'..'Z', and 'a'..'z'), numerals ('0'..'9') and '_', with a length limit of 255 characters. (00:00.026 / 00:15.217, 119Mb)
Sushi:   File: /tmp/ig-builds/dk.ehealth.sundhed.fhir.ig.core#10.0.2/input/fsh/ehealth-servicerequest.fsh (00:00.001 / 00:15.219, 119Mb)
Sushi:   Line: 41 - 49                                                                               (00:00.000 / 00:15.219, 119Mb)
Sushi: warn  The name "ehealth-servicerequest-statusSchedule" may not be suitable for machine processing applications such as code generation. Valid names start with an upper-case ASCII letter ('A'..'Z') followed by any combination of upper- or lower-case ASCII letters ('A'..'Z', and 'a'..'z'), numerals ('0'..'9') and '_', with a length limit of 255 characters. (00:00.087 / 00:15.307, 119Mb)
Sushi:   File: /tmp/ig-builds/dk.ehealth.sundhed.fhir.ig.core#10.0.2/input/fsh/ehealth-servicerequest.fsh (00:00.001 / 00:15.309, 119Mb)
Sushi:   Line: 51 - 60                                                                               (00:00.000 / 00:15.310, 119Mb)
Sushi: warn  The name "ehealth-aggregate-id" may not be suitable for machine processing applications such as code generation. Valid names start with an upper-case ASCII letter ('A'..'Z') followed by any combination of upper- or lower-case ASCII letters ('A'..'Z', and 'a'..'z'), numerals ('0'..'9') and '_', with a length limit of 255 characters. (00:00.029 / 00:15.339, 119Mb)
Sushi:   File: /tmp/ig-builds/dk.ehealth.sundhed.fhir.ig.core#10.0.2/input/fsh/ehealth-servicerequest.fsh (00:00.001 / 00:15.341, 119Mb)
Sushi:   Line: 62 - 67                                                                               (00:00.000 / 00:15.342, 119Mb)
Sushi: warn  The name "ehealth-skrs-patient" may not be suitable for machine processing applications such as code generation. Valid names start with an upper-case ASCII letter ('A'..'Z') followed by any combination of upper- or lower-case ASCII letters ('A'..'Z', and 'a'..'z'), numerals ('0'..'9') and '_', with a length limit of 255 characters. (00:00.115 / 00:15.457, 119Mb)
Sushi:   File: /tmp/ig-builds/dk.ehealth.sundhed.fhir.ig.core#10.0.2/input/fsh/ehealth-skrs-patient.fsh (00:00.001 / 00:15.459, 119Mb)
Sushi:   Line: 1 - 28                                                                                (00:00.000 / 00:15.460, 119Mb)
Sushi: warn  The name "ehealth-task" may not be suitable for machine processing applications such as code generation. Valid names start with an upper-case ASCII letter ('A'..'Z') followed by any combination of upper- or lower-case ASCII letters ('A'..'Z', and 'a'..'z'), numerals ('0'..'9') and '_', with a length limit of 255 characters. (00:00.082 / 00:15.542, 119Mb)
Sushi:   File: /tmp/ig-builds/dk.ehealth.sundhed.fhir.ig.core#10.0.2/input/fsh/ehealth-task.fsh      (00:00.001 / 00:15.544, 119Mb)
Sushi:   Line: 1 - 28                                                                                (00:00.000 / 00:15.544, 119Mb)
Sushi: warn  The name "ehealth-task-episodeOfCare" may not be suitable for machine processing applications such as code generation. Valid names start with an upper-case ASCII letter ('A'..'Z') followed by any combination of upper- or lower-case ASCII letters ('A'..'Z', and 'a'..'z'), numerals ('0'..'9') and '_', with a length limit of 255 characters. (00:00.000 / 00:15.545, 119Mb)
Sushi:   File: /tmp/ig-builds/dk.ehealth.sundhed.fhir.ig.core#10.0.2/input/fsh/ehealth-task.fsh      (00:00.001 / 00:15.547, 119Mb)
Sushi:   Line: 46 - 49                                                                               (00:00.000 / 00:15.548, 119Mb)
Sushi: warn  The name "ehealth-task-category" may not be suitable for machine processing applications such as code generation. Valid names start with an upper-case ASCII letter ('A'..'Z') followed by any combination of upper- or lower-case ASCII letters ('A'..'Z', and 'a'..'z'), numerals ('0'..'9') and '_', with a length limit of 255 characters. (00:00.014 / 00:15.562, 119Mb)
Sushi:   File: /tmp/ig-builds/dk.ehealth.sundhed.fhir.ig.core#10.0.2/input/fsh/ehealth-task.fsh      (00:00.001 / 00:15.564, 119Mb)
Sushi:   Line: 30 - 36                                                                               (00:00.000 / 00:15.564, 119Mb)
Sushi: warn  The name "ehealth-task-responsible" may not be suitable for machine processing applications such as code generation. Valid names start with an upper-case ASCII letter ('A'..'Z') followed by any combination of upper- or lower-case ASCII letters ('A'..'Z', and 'a'..'z'), numerals ('0'..'9') and '_', with a length limit of 255 characters. (00:00.047 / 00:15.611, 119Mb)
Sushi:   File: /tmp/ig-builds/dk.ehealth.sundhed.fhir.ig.core#10.0.2/input/fsh/ehealth-task.fsh      (00:00.001 / 00:15.613, 119Mb)
Sushi:   Line: 38 - 44                                                                               (00:00.000 / 00:15.614, 119Mb)
Sushi: warn  The name "ehealth-reference-careplan" may not be suitable for machine processing applications such as code generation. Valid names start with an upper-case ASCII letter ('A'..'Z') followed by any combination of upper- or lower-case ASCII letters ('A'..'Z', and 'a'..'z'), numerals ('0'..'9') and '_', with a length limit of 255 characters. (00:00.032 / 00:15.646, 119Mb)
Sushi:   File: /tmp/ig-builds/dk.ehealth.sundhed.fhir.ig.core#10.0.2/input/fsh/ehealth-ext-reference-careplan.fsh (00:00.001 / 00:15.648, 119Mb)
Sushi:   Line: 1 - 6                                                                                 (00:00.000 / 00:15.648, 119Mb)
Sushi: warn  The name "ehealth-transformation-documentreference" may not be suitable for machine processing applications such as code generation. Valid names start with an upper-case ASCII letter ('A'..'Z') followed by any combination of upper- or lower-case ASCII letters ('A'..'Z', and 'a'..'z'), numerals ('0'..'9') and '_', with a length limit of 255 characters. (00:00.142 / 00:15.791, 119Mb)
Sushi:   File: /tmp/ig-builds/dk.ehealth.sundhed.fhir.ig.core#10.0.2/input/fsh/ehealth-transformation-documentreference.fsh (00:00.001 / 00:15.792, 119Mb)
Sushi:   Line: 1 - 22                                                                                (00:00.000 / 00:15.793, 119Mb)
Sushi: warn  The name "ehealth-manuallydeprecated-type" may not be suitable for machine processing applications such as code generation. Valid names start with an upper-case ASCII letter ('A'..'Z') followed by any combination of upper- or lower-case ASCII letters ('A'..'Z', and 'a'..'z'), numerals ('0'..'9') and '_', with a length limit of 255 characters. (00:00.065 / 00:15.858, 119Mb)
Sushi:   File: /tmp/ig-builds/dk.ehealth.sundhed.fhir.ig.core#10.0.2/input/fsh/ehealth-transformation-documentreference.fsh (00:00.001 / 00:15.860, 119Mb)
Sushi:   Line: 24 - 29                                                                               (00:00.000 / 00:15.861, 119Mb)
Sushi: warn  The name "ehealth-document-sharing-state" may not be suitable for machine processing applications such as code generation. Valid names start with an upper-case ASCII letter ('A'..'Z') followed by any combination of upper- or lower-case ASCII letters ('A'..'Z', and 'a'..'z'), numerals ('0'..'9') and '_', with a length limit of 255 characters. (00:00.017 / 00:15.878, 119Mb)
Sushi:   File: /tmp/ig-builds/dk.ehealth.sundhed.fhir.ig.core#10.0.2/input/fsh/ehealth-transformation-documentreference.fsh (00:00.001 / 00:15.880, 119Mb)
Sushi:   Line: 31 - 37                                                                               (00:00.000 / 00:15.881, 119Mb)
Sushi: warn  The name "ehealth-videoappointment" may not be suitable for machine processing applications such as code generation. Valid names start with an upper-case ASCII letter ('A'..'Z') followed by any combination of upper- or lower-case ASCII letters ('A'..'Z', and 'a'..'z'), numerals ('0'..'9') and '_', with a length limit of 255 characters. (00:00.063 / 00:15.944, 119Mb)
Sushi:   File: /tmp/ig-builds/dk.ehealth.sundhed.fhir.ig.core#10.0.2/input/fsh/ehealth-videoappointment.fsh (00:00.001 / 00:15.946, 119Mb)
Sushi:   Line: 1 - 45                                                                                (00:00.000 / 00:15.946, 119Mb)
Sushi: warn  The name "ehealth-view" may not be suitable for machine processing applications such as code generation. Valid names start with an upper-case ASCII letter ('A'..'Z') followed by any combination of upper- or lower-case ASCII letters ('A'..'Z', and 'a'..'z'), numerals ('0'..'9') and '_', with a length limit of 255 characters. (00:00.099 / 00:16.046, 119Mb)
Sushi:   File: /tmp/ig-builds/dk.ehealth.sundhed.fhir.ig.core#10.0.2/input/fsh/ehealth-view.fsh      (00:00.001 / 00:16.047, 119Mb)
Sushi:   Line: 1 - 17                                                                                (00:00.000 / 00:16.048, 119Mb)
Sushi: warn  The name "ehealth-view-type" may not be suitable for machine processing applications such as code generation. Valid names start with an upper-case ASCII letter ('A'..'Z') followed by any combination of upper- or lower-case ASCII letters ('A'..'Z', and 'a'..'z'), numerals ('0'..'9') and '_', with a length limit of 255 characters. (00:00.012 / 00:16.061, 119Mb)
Sushi:   File: /tmp/ig-builds/dk.ehealth.sundhed.fhir.ig.core#10.0.2/input/fsh/ehealth-view.fsh      (00:00.001 / 00:16.063, 119Mb)
Sushi:   Line: 20 - 26                                                                               (00:00.000 / 00:16.063, 119Mb)
Sushi: warn  The name "ehealth-view-for" may not be suitable for machine processing applications such as code generation. Valid names start with an upper-case ASCII letter ('A'..'Z') followed by any combination of upper- or lower-case ASCII letters ('A'..'Z', and 'a'..'z'), numerals ('0'..'9') and '_', with a length limit of 255 characters. (00:00.047 / 00:16.111, 119Mb)
Sushi:   File: /tmp/ig-builds/dk.ehealth.sundhed.fhir.ig.core#10.0.2/input/fsh/ehealth-view.fsh      (00:00.002 / 00:16.113, 119Mb)
Sushi:   Line: 29 - 40                                                                               (00:00.000 / 00:16.113, 119Mb)
Sushi: warn  The name "ehealth-clinicalimpression-mediaInvestigationItem" may not be suitable for machine processing applications such as code generation. Valid names start with an upper-case ASCII letter ('A'..'Z') followed by any combination of upper- or lower-case ASCII letters ('A'..'Z', and 'a'..'z'), numerals ('0'..'9') and '_', with a length limit of 255 characters. (00:00.040 / 00:16.154, 119Mb)
Sushi:   File: /tmp/ig-builds/dk.ehealth.sundhed.fhir.ig.core#10.0.2/input/fsh/ehealth-clinicalimpression.fsh (00:00.002 / 00:16.157, 119Mb)
Sushi:   Line: 77 - 83                                                                               (00:00.000 / 00:16.157, 119Mb)
Sushi: info  Converted 194 FHIR StructureDefinitions.                                                (00:00.021 / 00:16.179, 119Mb)
Sushi: info  Converted 5 FHIR CodeSystems.                                                           (00:00.042 / 00:16.221, 119Mb)
Sushi: info  Converted 6 FHIR ValueSets.                                                             (00:00.177 / 00:16.399, 119Mb)
Sushi: info  Converted 24 FHIR instances.                                                            (00:01.720 / 00:18.119, 119Mb)
Sushi: info  Exporting FHIR resources as JSON...                                                     (00:00.000 / 00:18.120, 119Mb)
Sushi: info  Exported 226 FHIR resources as JSON.                                                    (00:00.298 / 00:18.419, 119Mb)
Sushi: info  Assembling Implementation Guide sources...                                              (00:00.005 / 00:18.424, 119Mb)
Sushi: info  Generated ImplementationGuide-dk.ehealth.sundhed.fhir.ig.core.json                      (00:00.091 / 00:18.515, 119Mb)
Sushi: info  Assembled Implementation Guide sources; ready for IG Publisher.                         (00:00.000 / 00:18.516, 119Mb)
Sushi: ========================= SUSHI RESULTS ===========================                           (00:00.001 / 00:18.517, 119Mb)
Sushi: |  -------------------------------------------------------------  |                           (00:00.000 / 00:18.518, 119Mb)
Sushi: | |    Profiles   |  Extensions  |   Logicals   |   Resources   | |                           (00:00.000 / 00:18.519, 119Mb)
Sushi: | |-------------------------------------------------------------| |                           (00:00.000 / 00:18.519, 119Mb)
Sushi: | |      48       |     146      |      0       |       0       | |                           (00:00.000 / 00:18.520, 119Mb)
Sushi: |  -------------------------------------------------------------  |                           (00:00.000 / 00:18.521, 119Mb)
Sushi: |  -------------------------------------------------------------  |                           (00:00.000 / 00:18.521, 119Mb)
Sushi: | |      ValueSets     |    CodeSystems    |     Instances      | |                           (00:00.000 / 00:18.522, 119Mb)
Sushi: | |-------------------------------------------------------------| |                           (00:00.000 / 00:18.522, 119Mb)
Sushi: | |         6          |         5         |         24         | |                           (00:00.000 / 00:18.523, 119Mb)
Sushi: |  -------------------------------------------------------------  |                           (00:00.000 / 00:18.524, 119Mb)
Sushi: |                                                                 |                           (00:00.000 / 00:18.524, 119Mb)
Sushi: ===================================================================                           (00:00.000 / 00:18.525, 119Mb)
Sushi: | Let minnow if you need some help       0 Errors    196 Warnings |                           (00:00.000 / 00:18.525, 119Mb)
Sushi: ===================================================================                           (00:00.000 / 00:18.526, 119Mb)
Root directory: /tmp/ig-builds/dk.ehealth.sundhed.fhir.ig.core#10.0.2                                (00:00.033 / 00:18.559, 119Mb)
Unable to load IG as an r5 IG - try R4 (property code is a class com.google.gson.JsonPrimitive looking for an object) (00:00.505 / 00:19.065, 50Mb)
Load Template from #ig-template                                                                      (00:00.562 / 00:19.627, 99Mb)
 Load Template from fhir.base.template#current                                                       (00:00.004 / 00:19.631, 99Mb)
[33mThis content depends on fhir.base.template which is no longer considered secure to use
[0;39m[33mSee Security notification at https://www.fhir.org/guides/security-notices/2026-03-npm-dependencies.html
[0;39mScanning directory: /tmp/ig-builds/dk.ehealth.sundhed.fhir.ig.core#10.0.2/template
======================================================================
Terminology Cache is at /tmp/ig-builds/dk.ehealth.sundhed.fhir.ig.core#10.0.2/input-cache/txcache. Clearing now (00:08.694 / 00:28.326, 170Mb)
Core Package hl7.fhir.r4.core#4.0.1                                                                  (00:00.003 / 00:28.330, 170Mb)
Running Terminology Log: /tmp/ohfu-fhir-ig-15517982031196686962.html
Connect to Terminology Server at https://tx.fhir.org                                                 (00:03.842 / 00:32.172, 473Mb)
[39mLoad Package hl7.fhir.pubpack#0.2.5
[0;39m[39mLoad Package hl7.fhir.xver-extensions#0.1.0
[0;39m[39mLoad Package hl7.terminology.r4#7.3.0
[0;39m[39mLoad Package hl7.fhir.uv.extensions.r4#5.3.0
[0;39m[39mLoad Package hl7.fhir.uv.extensions.r4#5.2.0
[0;39m[39mLoad Package hl7.terminology.r4#7.1.0
[0;39m[39mLoad Package hl7.terminology.r4#6.5.0
[0;39m[39mLoad Package hl7.fhir.uv.extensions.r4#5.3.0-ballot-tc1
[0;39m[39mLoad Package hl7.terminology.r4#6.0.2
[0;39m[39mLoad Package hl7.fhir.uv.extensions.r4#5.1.0
[0;39m[39mLoad Package hl7.fhir.uv.pocd#0.3.0
[0;39m[39mLoad Package hl7.fhir.uv.phd#1.1.0
[0;39m[39mLoad Package hl7.terminology.r4#6.2.0
[0;39m[39mLoad Package hl7.fhir.uv.smart-app-launch#2.0.0
[0;39m[39mLoad Package hl7.fhir.uv.ipa#1.1.0
[0;39m[39mLoad Package ihe.iti.balp#1.1.4
[0;39m[39mLoad Package hl7.terminology.r4#6.3.0
[0;39m[39mLoad Package ihe.formatcode.fhir#1.4.0
[0;39m[39mLoad Package ihe.iti.mhd#4.2.3
[0;39m[39mLoad Package hl7.fhir.dk.core#3.6.0
[0;39m[39mLoad Package hl7.fhir.uv.sdc#2.7.0
[0;39m[39mLoad Package hl7.fhir.uv.tools.r4#1.1.2
[0;39mLoad R5 Specials
Initialization complete                                                                              (00:20.995 / 00:53.167, 831Mb)
Load IG                                                                                              (00:00.001 / 00:53.169, 831Mb)
Load Content                                                                                         (00:00.004 / 00:53.173, 833Mb)
Using da_DK as the default narrative language. (inferred from ImplementationGuide.jurisdiction=DK)   (00:00.144 / 00:53.317, 863Mb)
[33mThe locale da-DK is not supported. Messages will default to en-US.
[0;39mProcess Loaded Resources                                                                             (00:01.185 / 00:54.503, 639Mb)
Generating Snapshots                                                                                 (00:01.571 / 00:56.074, 755Mb)

Signing Certificate: RSA key for Subject: OU=IG Publisher, L=Ann Arbor, CN=hl7.org, O=HL7, ST=Missouri, C=us from: OU=IG Publisher, L=Ann Arbor, CN=hl7.org, O=HL7, ST=Missouri, C=us
Fetch https://ehealth.sundhed.dk/fhir/package-list.json for version check                            (00:01.979 / 00:58.054, 995Mb)
Checking Language                                                                                    (00:00.246 / 00:58.301, 1Gb)
Load Dependency Info                                                                                 (00:00.024 / 00:58.325, 1Gb)
Load Info                                                                                            (00:00.009 / 00:58.334, 1Gb)
Load Paths                                                                                           (00:00.004 / 00:58.339, 1Gb)
Check R4 / R4B                                                                                       (00:00.001 / 00:58.341, 1Gb)
Assign Comparison Ids                                                                                (00:00.276 / 00:58.617, 1Gb)
Propagating status                                                                                   (00:00.001 / 00:58.619, 1Gb)
Generating Narratives                                                                                (00:00.000 / 00:58.620, 1Gb)
[33mThe resource type ValueSet cannot be treated as a CodeSystem
[0;39m[33mThe resource type ValueSet cannot be treated as a CodeSystem
[0;39m[33mThe resource type ValueSet cannot be treated as a CodeSystem
[0;39m[33mThe resource type ValueSet cannot be treated as a CodeSystem
[0;39m[33mThe resource type ValueSet cannot be treated as a CodeSystem
[0;39m[33mThe resource type ValueSet cannot be treated as a CodeSystem
[0;39m[33mThe resource type ValueSet cannot be treated as a CodeSystem
[0;39m[33mThe resource type ValueSet cannot be treated as a CodeSystem
[0;39m[33mThe resource type ValueSet cannot be treated as a CodeSystem
[0;39m[33mThe resource type ValueSet cannot be treated as a CodeSystem
[0;39m[33mThe resource type ValueSet cannot be treated as a CodeSystem
[0;39m[33mThe resource type ValueSet cannot be treated as a CodeSystem
[0;39m[33mThe resource type ValueSet cannot be treated as a CodeSystem
[0;39m[33mThe resource type ValueSet cannot be treated as a CodeSystem
[0;39m[33mThe resource type ValueSet cannot be treated as a CodeSystem
[0;39m[33mThe resource type ValueSet cannot be treated as a CodeSystem
[0;39m[33mThe resource type ValueSet cannot be treated as a CodeSystem
[0;39m[33mThe resource type ValueSet cannot be treated as a CodeSystem
[0;39m[33mThe resource type ValueSet cannot be treated as a CodeSystem
[0;39m[33mThe resource type ValueSet cannot be treated as a CodeSystem
[0;39m[33mThe resource type ValueSet cannot be treated as a CodeSystem
[0;39m[33mThe resource type ValueSet cannot be treated as a CodeSystem
[0;39m[33mThe resource type ValueSet cannot be treated as a CodeSystem
[0;39m[33mThe resource type ValueSet cannot be treated as a CodeSystem
[0;39m[33mThe resource type ValueSet cannot be treated as a CodeSystem
[0;39m[33mThe resource type ValueSet cannot be treated as a CodeSystem
[0;39m[33mThe resource type ValueSet cannot be treated as a CodeSystem
[0;39m[33mThe resource type ValueSet cannot be treated as a CodeSystem
[0;39m[33mThe resource type ValueSet cannot be treated as a CodeSystem
[0;39m[33mThe resource type ValueSet cannot be treated as a CodeSystem
[0;39m[33mThe resource type ValueSet cannot be treated as a CodeSystem
[0;39m[33mThe resource type ValueSet cannot be treated as a CodeSystem
[0;39m[33mThe resource type ValueSet cannot be treated as a CodeSystem
[0;39m[33mThe resource type ValueSet cannot be treated as a CodeSystem
[0;39m[33mThe resource type ValueSet cannot be treated as a CodeSystem
[0;39mValidating Conformance Resources                                                                     (00:06.764 / 01:05.384, 1Gb)
[33mThe resource type ValueSet cannot be treated as a CodeSystem
[0;39m[33mThe resource type ValueSet cannot be treated as a CodeSystem
[0;39mCheck profiles & code systems                                                                        (01:08.390 / 02:13.775, 1Gb)
Check realm rules                                                                                    (00:00.014 / 02:13.789, 1Gb)
Previous Version Comparison                                                                          (00:00.001 / 02:13.791, 1Gb)
Comparing previous version 10.0.1                                                                    (00:00.001 / 02:13.792, 1Gb)
.. loaded. Process                                                                                   (00:19.349 / 02:33.142, 2Gb)
finish previous version comparison                                                                   (00:00.002 / 02:33.144, 2Gb)
finish ipa version                                                                                   (00:04.766 / 02:37.910, 2Gb)
finish ips version                                                                                   (00:00.001 / 02:37.911, 2Gb)
comparisons done                                                                                     (00:00.001 / 02:37.913, 2Gb)
Checking for Bundles to sign                                                                         (00:00.067 / 02:37.980, 2Gb)
Validating Resources                                                                                 (00:00.001 / 02:37.981, 2Gb)
[33mGot error response with no Content-Type from https://terminologystandardsservice.ca/tx/fhir with status 401
[0;39m[33m
[0;39mProcessing Provenance Records                                                                        (00:25.897 / 03:03.879, 2Gb)
Generating Outputs in /tmp/ig-builds/dk.ehealth.sundhed.fhir.ig.core#10.0.2/output                   (00:00.001 / 03:03.881, 2Gb)
Generate Native Outputs                                                                              (00:00.346 / 03:04.227, 2Gb)
Run Template                                                                                         (00:36.319 / 03:40.547, 2Gb)
Generate HTML Outputs                                                                                (00:02.223 / 03:42.770, 2Gb)
[33mThe resource type ValueSet cannot be treated as a CodeSystem
[0;39m[33mThe resource type ValueSet cannot be treated as a CodeSystem
[0;39m[33mThe resource type ValueSet cannot be treated as a CodeSystem
[0;39m[33mThe resource type ValueSet cannot be treated as a CodeSystem
[0;39m[33mThe resource type ValueSet cannot be treated as a CodeSystem
[0;39m[33mThe resource type ValueSet cannot be treated as a CodeSystem
[0;39m[33mThe resource type ValueSet cannot be treated as a CodeSystem
[0;39m[33mThe resource type ValueSet cannot be treated as a CodeSystem
[0;39m[33mThe resource type ValueSet cannot be treated as a CodeSystem
[0;39m[33mThe resource type ValueSet cannot be treated as a CodeSystem
[0;39m[33mThe resource type ValueSet cannot be treated as a CodeSystem
[0;39m[33mThe resource type ValueSet cannot be treated as a CodeSystem
[0;39m[33mThe resource type ValueSet cannot be treated as a CodeSystem
[0;39m[33mThe resource type ValueSet cannot be treated as a CodeSystem
[0;39m[33mThe resource type ValueSet cannot be treated as a CodeSystem
[0;39m[33mThe resource type ValueSet cannot be treated as a CodeSystem
[0;39m[33mThe resource type ValueSet cannot be treated as a CodeSystem
[0;39m[33mThe resource type ValueSet cannot be treated as a CodeSystem
[0;39m[33mThe resource type ValueSet cannot be treated as a CodeSystem
[0;39m[33mThe resource type ValueSet cannot be treated as a CodeSystem
[0;39m[33mThe resource type ValueSet cannot be treated as a CodeSystem
[0;39m[33mThe resource type ValueSet cannot be treated as a CodeSystem
[0;39m[33mThe resource type ValueSet cannot be treated as a CodeSystem
[0;39m[33mThe resource type ValueSet cannot be treated as a CodeSystem
[0;39m[33mThe resource type ValueSet cannot be treated as a CodeSystem
[0;39m[33mThe resource type ValueSet cannot be treated as a CodeSystem
[0;39m[33mThe resource type ValueSet cannot be treated as a CodeSystem
[0;39m[33mThe resource type ValueSet cannot be treated as a CodeSystem
[0;39m[33mThe resource type ValueSet cannot be treated as a CodeSystem
[0;39m[33mThe resource type ValueSet cannot be treated as a CodeSystem
[0;39m[33mThe resource type ValueSet cannot be treated as a CodeSystem
[0;39m[33mThe resource type ValueSet cannot be treated as a CodeSystem
[0;39m[33mThe resource type ValueSet cannot be treated as a CodeSystem
[0;39m[33mThe resource type ValueSet cannot be treated as a CodeSystem
[0;39m[33mThe resource type ValueSet cannot be treated as a CodeSystem
[0;39m[33mThe resource type ValueSet cannot be treated as a CodeSystem
[0;39m[33mThe resource type ValueSet cannot be treated as a CodeSystem
[0;39m[33mThe resource type ValueSet cannot be treated as a CodeSystem
[0;39m[33mThe resource type ValueSet cannot be treated as a CodeSystem
[0;39m[33mThe resource type ValueSet cannot be treated as a CodeSystem
[0;39m[33mThe resource type ValueSet cannot be treated as a CodeSystem
[0;39m[33mThe resource type ValueSet cannot be treated as a CodeSystem
[0;39m[33mThe resource type ValueSet cannot be treated as a CodeSystem
[0;39m[33mThe resource type ValueSet cannot be treated as a CodeSystem
[0;39m[33mThe resource type ValueSet cannot be treated as a CodeSystem
[0;39m[33mThe resource type ValueSet cannot be treated as a CodeSystem
[0;39m[33mThe resource type ValueSet cannot be treated as a CodeSystem
[0;39m[33mThe resource type ValueSet cannot be treated as a CodeSystem
[0;39m[33mThe resource type ValueSet cannot be treated as a CodeSystem
[0;39m[33mThe resource type ValueSet cannot be treated as a CodeSystem
[0;39m[33mThe resource type ValueSet cannot be treated as a CodeSystem
[0;39m[33mThe resource type ValueSet cannot be treated as a CodeSystem
[0;39m[33mThe resource type ValueSet cannot be treated as a CodeSystem
[0;39m[33mThe resource type ValueSet cannot be treated as a CodeSystem
[0;39m[33mThe resource type ValueSet cannot be treated as a CodeSystem
[0;39m[33mThe resource type ValueSet cannot be treated as a CodeSystem
[0;39m[33mThe resource type ValueSet cannot be treated as a CodeSystem
[0;39m[33mThe resource type ValueSet cannot be treated as a CodeSystem
[0;39m[33mThe resource type ValueSet cannot be treated as a CodeSystem
[0;39m[33mThe resource type ValueSet cannot be treated as a CodeSystem
[0;39m[33mThe resource type ValueSet cannot be treated as a CodeSystem
[0;39m[33mThe resource type ValueSet cannot be treated as a CodeSystem
[0;39m[33mThe resource type ValueSet cannot be treated as a CodeSystem
[0;39m[33mThe resource type ValueSet cannot be treated as a CodeSystem
[0;39m[33mThe resource type ValueSet cannot be treated as a CodeSystem
[0;39m[33mThe resource type ValueSet cannot be treated as a CodeSystem
[0;39m[33mThe resource type ValueSet cannot be treated as a CodeSystem
[0;39m[33mThe resource type ValueSet cannot be treated as a CodeSystem
[0;39m[33mThe resource type ValueSet cannot be treated as a CodeSystem
[0;39m[33mThe resource type ValueSet cannot be treated as a CodeSystem
[0;39m[33mThe resource type ValueSet cannot be treated as a CodeSystem
[0;39m[33mThe resource type ValueSet cannot be treated as a CodeSystem
[0;39m[33mThe resource type ValueSet cannot be treated as a CodeSystem
[0;39m[33mThe resource type ValueSet cannot be treated as a CodeSystem
[0;39m[33mThe resource type ValueSet cannot be treated as a CodeSystem
[0;39m[33mThe resource type ValueSet cannot be treated as a CodeSystem
[0;39mGenerate Spreadsheets                                                                                (00:36.536 / 04:19.307, 2Gb)
Generate Summaries                                                                                   (00:09.499 / 04:28.806, 2Gb)
Generating Summary Outputs                                                                           (00:00.001 / 04:28.808, 2Gb)
[33mThe resource type ValueSet cannot be treated as a CodeSystem
[0;39m[33mThe resource type ValueSet cannot be treated as a CodeSystem
[0;39mTable of contents has a section with more than 222 entries.  Collapsing will not work reliably
DB Cumulative Time invested: 00:00:01.104
Sending Usage Stats to Server                                                                        (00:09.298 / 04:38.106, 2Gb)
## Memory (MB): Use = 2887, Free = 782, Total = 3670, Max = 3998                                     (00:00.003 / 04:38.109, 2Gb)
Reclaiming memory...                                                                                 (00:00.000 / 04:38.110, 2Gb)
Generating combined package                                                                          (00:00.138 / 04:38.248, 2Gb)
Error generating combined package: /tmp/ig-builds/dk.ehealth.sundhed.fhir.ig.core#10.0.2/output/package.tgz (No such file or directory) (00:00.003 / 04:38.252, 2Gb)
## Memory (MB): Use = 1914, Free = 1793, Total = 3708, Max = 3998                                    (00:01.029 / 04:39.282, 1Gb)
Run jekyll: jekyll build --destination "/tmp/ig-builds/dk.ehealth.sundhed.fhir.ig.core#10.0.2/output" (in folder /tmp/ig-builds/dk.ehealth.sundhed.fhir.ig.core#10.0.2/temp/pages) (00:00.001 / 04:39.283, 1Gb)
Troubleshooting Note: usual cases for Jekyll to fail are:                                            (00:00.000 / 04:39.284, 1Gb)
* A failure to produce a fragment that is already logged in the output above                         (00:00.000 / 04:39.285, 1Gb)
* A reference to a manually edited file that hasn't been provided                                    (00:00.000 / 04:39.286, 1Gb)
Jekyll: Source: /tmp/ig-builds/dk.ehealth.sundhed.fhir.ig.core#10.0.2/temp/pages                     (00:00.374 / 04:39.660, 1Gb)
Jekyll: Generating...                                                                                (00:00.000 / 04:39.661, 1Gb)
Jekyll: done in 20.367 seconds.                                                                      (00:20.365 / 05:00.027, 1Gb)
[39m
[0;39m[39mInstalling dk.ehealth.sundhed.fhir.ig.core#10.0.2
[0;39m[39m done.
[0;39m[39m loaded @ /root/.fhir/packages/dk.ehealth.sundhed.fhir.ig.core#10.0.2
[0;39mChecking Output HTML                                                                                 (00:11.160 / 05:11.187, 2Gb)
Processed /tmp/ig-builds/dk.ehealth.sundhed.fhir.ig.core#10.0.2/output - % reduction = 98 (374805952 ==> 8651927)
found 9393 files                                                                                     (00:06.839 / 05:18.026, 2Gb)
........................................
[33mThe locale da is not supported. Messages will default to en-US.
[0;39m........................................
  ... 9393 html files, 0 pages invalid xhtml (0%)                                                    (01:29.994 / 06:48.021, 2Gb)
  ... 1446709 links, 1216 broken links (0%)                                                          (00:00.001 / 06:48.022, 2Gb)
Generate fragment-usage-analysis.csv                                                                 (00:00.001 / 06:48.023, 2Gb)
Build final .zip                                                                                     (00:00.014 / 06:48.037, 2Gb)
Final .zip built                                                                                     (00:13.339 / 07:01.377, 2Gb)
Built. Times: loading: 00:05.128, generate: 06:14.501, narrative generation: 00:06.761, realm-rules: 00:00.001, previous-version: 00:24.121, jekyll: 00:20.854, validation: 01:30.716 (#689), template: 00:02.163 (#3) (00:11.425 / 07:12.802, 3Gb)
Generating QA                                                                                        (00:00.002 / 07:12.804, 3Gb)
Internal error in location for message: 'Error @1, 2: Found / expecting a token name', loc = '/tmp/ig-builds/dk.ehealth.sundhed.fhir.ig.core#10.0.2/output/OperationDefinition--s-submit-measureme', err = 'Illegal HTML: illegal html element: the (" or "urn:uuid:.".)'
Internal error in location for message: 'Error @1, 2: Found / expecting a token name', loc = '/tmp/ig-builds/dk.ehealth.sundhed.fhir.ig.core#10.0.2/output/StructureDefinition-ehealth-access-cons', err = 'The html source has duplicate anchor Ids: root'
Internal error in location for message: 'Error @1, 2: Found / expecting a token name', loc = '/tmp/ig-builds/dk.ehealth.sundhed.fhir.ig.core#10.0.2/output/StructureDefinition-ehealth-access-prov', err = 'The html source has duplicate anchor Ids: root'
Internal error in location for message: 'Error @1, 2: Found / expecting a token name', loc = '/tmp/ig-builds/dk.ehealth.sundhed.fhir.ig.core#10.0.2/output/StructureDefinition-ehealth-actionguida', err = 'The html source has duplicate anchor Ids: root'
Internal error in location for message: 'Error @1, 2: Found / expecting a token name', loc = '/tmp/ig-builds/dk.ehealth.sundhed.fhir.ig.core#10.0.2/output/StructureDefinition-ehealth-activitydef', err = 'The html source has duplicate anchor Ids: root'
Internal error in location for message: 'Error @1, 2: Found / expecting a token name', loc = '/tmp/ig-builds/dk.ehealth.sundhed.fhir.ig.core#10.0.2/output/StructureDefinition-ehealth-appointment', err = 'The html source has duplicate anchor Ids: root'
Internal error in location for message: 'Error @1, 2: Found / expecting a token name', loc = '/tmp/ig-builds/dk.ehealth.sundhed.fhir.ig.core#10.0.2/output/StructureDefinition-ehealth-auditevent-', err = 'The html source has duplicate anchor Ids: root'
Internal error in location for message: 'Error @1, 2: Found / expecting a token name', loc = '/tmp/ig-builds/dk.ehealth.sundhed.fhir.ig.core#10.0.2/output/StructureDefinition-ehealth-carecommuni', err = 'The html source has duplicate anchor Ids: root'
Internal error in location for message: 'Error @1, 2: Found / expecting a token name', loc = '/tmp/ig-builds/dk.ehealth.sundhed.fhir.ig.core#10.0.2/output/StructureDefinition-ehealth-carecommuni', err = 'Illegal HTML: illegal html element: uuid ().)'
Internal error in location for message: 'Error @1, 2: Found / expecting a token name', loc = '/tmp/ig-builds/dk.ehealth.sundhed.fhir.ig.core#10.0.2/output/StructureDefinition-ehealth-careplan-ex', err = 'The html source has duplicate anchor Ids: root'
Internal error in location for message: 'Error @1, 2: Found / expecting a token name', loc = '/tmp/ig-builds/dk.ehealth.sundhed.fhir.ig.core#10.0.2/output/StructureDefinition-ehealth-careteam-ex', err = 'The html source has duplicate anchor Ids: root'
Internal error in location for message: 'Error @1, 2: Found / expecting a token name', loc = '/tmp/ig-builds/dk.ehealth.sundhed.fhir.ig.core#10.0.2/output/StructureDefinition-ehealth-clinicalimp', err = 'The html source has duplicate anchor Ids: root'
Internal error in location for message: 'Error @1, 2: Found / expecting a token name', loc = '/tmp/ig-builds/dk.ehealth.sundhed.fhir.ig.core#10.0.2/output/StructureDefinition-ehealth-communicati', err = 'The html source has duplicate anchor Ids: root'
Internal error in location for message: 'Error @1, 2: Found / expecting a token name', loc = '/tmp/ig-builds/dk.ehealth.sundhed.fhir.ig.core#10.0.2/output/StructureDefinition-ehealth-communicati', err = 'The html source has duplicate anchor Ids: root'
Internal error in location for message: 'Error @1, 2: Found / expecting a token name', loc = '/tmp/ig-builds/dk.ehealth.sundhed.fhir.ig.core#10.0.2/output/StructureDefinition-ehealth-composition', err = 'The html source has duplicate anchor Ids: root'
Internal error in location for message: 'Error @1, 2: Found / expecting a token name', loc = '/tmp/ig-builds/dk.ehealth.sundhed.fhir.ig.core#10.0.2/output/StructureDefinition-ehealth-condition-e', err = 'The html source has duplicate anchor Ids: root'
Internal error in location for message: 'Error @1, 2: Found / expecting a token name', loc = '/tmp/ig-builds/dk.ehealth.sundhed.fhir.ig.core#10.0.2/output/StructureDefinition-ehealth-consent-exa', err = 'The html source has duplicate anchor Ids: root'
Internal error in location for message: 'Error @1, 2: Found / expecting a token name', loc = '/tmp/ig-builds/dk.ehealth.sundhed.fhir.ig.core#10.0.2/output/StructureDefinition-ehealth-definedques', err = 'The html source has duplicate anchor Ids: root'
Internal error in location for message: 'Error @1, 2: Found / expecting a token name', loc = '/tmp/ig-builds/dk.ehealth.sundhed.fhir.ig.core#10.0.2/output/StructureDefinition-ehealth-device-exam', err = 'The html source has duplicate anchor Ids: root'
Internal error in location for message: 'Error @1, 2: Found / expecting a token name', loc = '/tmp/ig-builds/dk.ehealth.sundhed.fhir.ig.core#10.0.2/output/StructureDefinition-ehealth-devicemetri', err = 'The html source has duplicate anchor Ids: root'
Internal error in location for message: 'Error @1, 2: Found / expecting a token name', loc = '/tmp/ig-builds/dk.ehealth.sundhed.fhir.ig.core#10.0.2/output/StructureDefinition-ehealth-deviceusest', err = 'The html source has duplicate anchor Ids: root'
Internal error in location for message: 'Error @1, 2: Found / expecting a token name', loc = '/tmp/ig-builds/dk.ehealth.sundhed.fhir.ig.core#10.0.2/output/StructureDefinition-ehealth-documentref', err = 'The html source has duplicate anchor Ids: root'
Internal error in location for message: 'Error @1, 2: Found / expecting a token name', loc = '/tmp/ig-builds/dk.ehealth.sundhed.fhir.ig.core#10.0.2/output/StructureDefinition-ehealth-endpoint-ex', err = 'The html source has duplicate anchor Ids: root'
Internal error in location for message: 'Error @1, 2: Found / expecting a token name', loc = '/tmp/ig-builds/dk.ehealth.sundhed.fhir.ig.core#10.0.2/output/StructureDefinition-ehealth-episodeofca', err = 'The html source has duplicate anchor Ids: root'
Internal error in location for message: 'Error @1, 2: Found / expecting a token name', loc = '/tmp/ig-builds/dk.ehealth.sundhed.fhir.ig.core#10.0.2/output/StructureDefinition-ehealth-goal-exampl', err = 'The html source has duplicate anchor Ids: root'
Internal error in location for message: 'Error @1, 2: Found / expecting a token name', loc = '/tmp/ig-builds/dk.ehealth.sundhed.fhir.ig.core#10.0.2/output/StructureDefinition-ehealth-group-appoi', err = 'The html source has duplicate anchor Ids: root'
Internal error in location for message: 'Error @1, 2: Found / expecting a token name', loc = '/tmp/ig-builds/dk.ehealth.sundhed.fhir.ig.core#10.0.2/output/StructureDefinition-ehealth-group-video', err = 'The html source has duplicate anchor Ids: root'
Internal error in location for message: 'Error @1, 2: Found / expecting a token name', loc = '/tmp/ig-builds/dk.ehealth.sundhed.fhir.ig.core#10.0.2/output/StructureDefinition-ehealth-guidanceres', err = 'The html source has duplicate anchor Ids: root'
Internal error in location for message: 'Error @1, 2: Found / expecting a token name', loc = '/tmp/ig-builds/dk.ehealth.sundhed.fhir.ig.core#10.0.2/output/StructureDefinition-ehealth-library-exa', err = 'The html source has duplicate anchor Ids: root'
Internal error in location for message: 'Error @1, 2: Found / expecting a token name', loc = '/tmp/ig-builds/dk.ehealth.sundhed.fhir.ig.core#10.0.2/output/StructureDefinition-ehealth-material-co', err = 'The html source has duplicate anchor Ids: root'
Internal error in location for message: 'Error @1, 2: Found / expecting a token name', loc = '/tmp/ig-builds/dk.ehealth.sundhed.fhir.ig.core#10.0.2/output/StructureDefinition-ehealth-media-examp', err = 'The html source has duplicate anchor Ids: root'
Internal error in location for message: 'Error @1, 2: Found / expecting a token name', loc = '/tmp/ig-builds/dk.ehealth.sundhed.fhir.ig.core#10.0.2/output/StructureDefinition-ehealth-message-exa', err = 'The html source has duplicate anchor Ids: root'
Internal error in location for message: 'Error @1, 2: Found / expecting a token name', loc = '/tmp/ig-builds/dk.ehealth.sundhed.fhir.ig.core#10.0.2/output/StructureDefinition-ehealth-observation', err = 'The html source has duplicate anchor Ids: root'
Internal error in location for message: 'Error @1, 2: Found / expecting a token name', loc = '/tmp/ig-builds/dk.ehealth.sundhed.fhir.ig.core#10.0.2/output/StructureDefinition-ehealth-observation', err = 'The html source has duplicate anchor Ids: root'
Internal error in location for message: 'Error @1, 2: Found / expecting a token name', loc = '/tmp/ig-builds/dk.ehealth.sundhed.fhir.ig.core#10.0.2/output/StructureDefinition-ehealth-organizatio', err = 'The html source has duplicate anchor Ids: root'
Internal error in location for message: 'Error @1, 2: Found / expecting a token name', loc = '/tmp/ig-builds/dk.ehealth.sundhed.fhir.ig.core#10.0.2/output/StructureDefinition-ehealth-patient-exa', err = 'The html source has duplicate anchor Ids: root'
Internal error in location for message: 'Error @1, 2: Found / expecting a token name', loc = '/tmp/ig-builds/dk.ehealth.sundhed.fhir.ig.core#10.0.2/output/StructureDefinition-ehealth-plandefinit', err = 'The html source has duplicate anchor Ids: root'
Internal error in location for message: 'Error @1, 2: Found / expecting a token name', loc = '/tmp/ig-builds/dk.ehealth.sundhed.fhir.ig.core#10.0.2/output/StructureDefinition-ehealth-practitione', err = 'The html source has duplicate anchor Ids: root'
Internal error in location for message: 'Error @1, 2: Found / expecting a token name', loc = '/tmp/ig-builds/dk.ehealth.sundhed.fhir.ig.core#10.0.2/output/StructureDefinition-ehealth-practitione', err = 'The html source has duplicate anchor Ids: root'
Internal error in location for message: 'Error @1, 2: Found / expecting a token name', loc = '/tmp/ig-builds/dk.ehealth.sundhed.fhir.ig.core#10.0.2/output/StructureDefinition-ehealth-provenance-', err = 'The html source has duplicate anchor Ids: root'
Internal error in location for message: 'Error @1, 2: Found / expecting a token name', loc = '/tmp/ig-builds/dk.ehealth.sundhed.fhir.ig.core#10.0.2/output/StructureDefinition-ehealth-questionnai', err = 'The html source has duplicate anchor Ids: root'
Internal error in location for message: 'Error @1, 2: Found / expecting a token name', loc = '/tmp/ig-builds/dk.ehealth.sundhed.fhir.ig.core#10.0.2/output/StructureDefinition-ehealth-questionnai', err = 'The html source has duplicate anchor Ids: root'
Internal error in location for message: 'Error @1, 2: Found / expecting a token name', loc = '/tmp/ig-builds/dk.ehealth.sundhed.fhir.ig.core#10.0.2/output/StructureDefinition-ehealth-questionnai', err = 'The html source has duplicate anchor Ids: root'
Internal error in location for message: 'Error @1, 2: Found / expecting a token name', loc = '/tmp/ig-builds/dk.ehealth.sundhed.fhir.ig.core#10.0.2/output/StructureDefinition-ehealth-relatedpers', err = 'The html source has duplicate anchor Ids: root'
Internal error in location for message: 'Error @1, 2: Found / expecting a token name', loc = '/tmp/ig-builds/dk.ehealth.sundhed.fhir.ig.core#10.0.2/output/StructureDefinition-ehealth-servicerequ', err = 'The html source has duplicate anchor Ids: root'
Internal error in location for message: 'Error @1, 2: Found / expecting a token name', loc = '/tmp/ig-builds/dk.ehealth.sundhed.fhir.ig.core#10.0.2/output/StructureDefinition-ehealth-skrs-patien', err = 'The html source has duplicate anchor Ids: root'
Internal error in location for message: 'Error @1, 2: Found / expecting a token name', loc = '/tmp/ig-builds/dk.ehealth.sundhed.fhir.ig.core#10.0.2/output/StructureDefinition-ehealth-task-exampl', err = 'The html source has duplicate anchor Ids: root'
Internal error in location for message: 'Error @1, 2: Found / expecting a token name', loc = '/tmp/ig-builds/dk.ehealth.sundhed.fhir.ig.core#10.0.2/output/StructureDefinition-ehealth-transformat', err = 'The html source has duplicate anchor Ids: root'
Internal error in location for message: 'Error @1, 2: Found / expecting a token name', loc = '/tmp/ig-builds/dk.ehealth.sundhed.fhir.ig.core#10.0.2/output/StructureDefinition-ehealth-videoappoin', err = 'The html source has duplicate anchor Ids: root'
Internal error in location for message: 'Error @1, 2: Found / expecting a token name', loc = '/tmp/ig-builds/dk.ehealth.sundhed.fhir.ig.core#10.0.2/output/StructureDefinition-ehealth-view-exampl', err = 'The html source has duplicate anchor Ids: root'
Internal error in location for message: 'Error @1, 2: Found / expecting a token name', loc = '/tmp/ig-builds/dk.ehealth.sundhed.fhir.ig.core#10.0.2/output/error-messages.html', err = 'Illegal HTML: illegal html element: DocumentEntry.uniqueId (__)'
Internal error in location for message: 'Error @1, 2: Found / expecting a token name', loc = '/tmp/ig-builds/dk.ehealth.sundhed.fhir.ig.core#10.0.2/output/systematic-error-messages.html', err = 'Illegal HTML: illegal html element: DocumentEntry.uniqueId (__)'
Validation output in /tmp/ig-builds/dk.ehealth.sundhed.fhir.ig.core#10.0.2/output/qa.html
Errors: 2381, Warnings: 1928, Info: 1197, Broken Links: 1216 (00:01.971 / 07:14.776, 2Gb)
Finished @ 10.09.2026 10.11. Max Memory Used = 3Gb. Log file saved in /tmp/fhir-ig-publisher-tmp.log (00:00.055 / 07:14.832, 2Gb)
Prepare Build space in /tmp/ig-builds/dk.ehealth.sundhed.fhir.ig.core#10.0.2-milestone
Build IG at /__w/implementation-guide/implementation-guide/ig: final copy suitable for publication (in /tmp/ig-builds/dk.ehealth.sundhed.fhir.ig.core#10.0.2-milestone) (milestone build)
FHIR IG Publisher Version 2.3.4 (Git# 7ae92f79415a). Built 2026-09-04T06:21:07.840Z (6 days old)    
Detected Java version: 25.0.4 from /opt/java/openjdk on Linux/amd64 (64bit). 3998MB available       
dir = /__w/implementation-guide/implementation-guide, path = /opt/java/openjdk/bin:/usr/local/sbin:/usr/local/bin:/usr/sbin:/usr/bin:/sbin:/bin
Parameters: -publish http://ehealth.sundhed.dk/fhir/10.0.2 -no-exit -ig /tmp/ig-builds/dk.ehealth.sundhed.fhir.ig.core#10.0.2-milestone -milestone
Character encoding = UTF-8 / UTF-8                                                                  
Start Clock @ Thursday, September 10, 2026, 10:12:06 AM Coordinated Universal Time (2026-09-10T10:12:06Z)
                                                                                                    
Build FHIR IG from /tmp/ig-builds/dk.ehealth.sundhed.fhir.ig.core#10.0.2-milestone                   (00:00.002 / 00:00.002, 2Gb)
Build Formal Publication package, intended for http://ehealth.sundhed.dk/fhir/10.0.2                 (00:00.000 / 00:00.003, 2Gb)
No FHIR settings file at /root/.fhir/fhir-settings.json; using defaults (no API keys or npm path)    (00:00.000 / 00:00.004, 2Gb)
Package Cache: /root/.fhir/packages                                                                  (00:00.000 / 00:00.005, 2Gb)
Run Sushi on /tmp/ig-builds/dk.ehealth.sundhed.fhir.ig.core#10.0.2-milestone                         (00:00.001 / 00:00.006, 2Gb)
Sushi: info  Running SUSHI v3.20.1 (implements FHIR Shorthand specification v3.0.0)                  (00:00.461 / 00:00.467, 2Gb)
Sushi: info  Arguments:                                                                              (00:00.000 / 00:00.468, 2Gb)
Sushi: info    --require-latest                                                                      (00:00.000 / 00:00.469, 2Gb)
Sushi: info    --out /tmp/ig-builds/dk.ehealth.sundhed.fhir.ig.core#10.0.2-milestone                 (00:00.000 / 00:00.470, 2Gb)
Sushi: info    /tmp/ig-builds/dk.ehealth.sundhed.fhir.ig.core#10.0.2-milestone                       (00:00.000 / 00:00.471, 2Gb)
Sushi: info  Using configuration file: /tmp/ig-builds/dk.ehealth.sundhed.fhir.ig.core#10.0.2-milestone/sushi-config.yaml (00:00.406 / 00:00.877, 2Gb)
Sushi: info  Importing FSH text...                                                                   (00:00.094 / 00:00.971, 2Gb)
Sushi: info  Preprocessed 114 documents with 0 aliases.                                              (00:00.259 / 00:01.231, 2Gb)
Sushi: info  Imported 205 definitions and 24 instances.                                              (00:00.039 / 00:01.270, 2Gb)
Sushi: info  Loaded virtual package sushi-r5forR4#1.0.0 with 7 resources                             (00:00.121 / 00:01.392, 2Gb)
Sushi: info  Resolved hl7.fhir.uv.tools.r4#latest to concrete version 1.1.2                          (00:00.800 / 00:02.193, 2Gb)
Sushi: info  Loaded hl7.fhir.uv.tools.r4#1.1.2 with 119 resources                                    (00:00.049 / 00:02.243, 2Gb)
Sushi: info  Resolved hl7.terminology.r4#latest to concrete version 7.3.0                            (00:00.172 / 00:02.415, 2Gb)
Sushi: info  Loaded hl7.terminology.r4#7.3.0 with 4176 resources                                     (00:01.007 / 00:03.423, 2Gb)
Sushi: info  Loaded hl7.fhir.dk.core#3.6.0 with 73 resources                                         (00:00.025 / 00:03.449, 2Gb)
Sushi: info  Loaded hl7.fhir.uv.sdc#2.7.0 with 66 resources                                          (00:00.025 / 00:03.474, 2Gb)
Sushi: info  Loaded hl7.fhir.r4.core#4.0.1 with 4581 resources                                       (00:00.949 / 00:04.423, 2Gb)
Sushi: info  Resolved hl7.fhir.uv.extensions.r4#latest to concrete version 5.3.0                     (00:00.184 / 00:04.608, 2Gb)
Sushi: info  Loaded hl7.fhir.uv.extensions.r4#5.3.0 with 885 resources                               (00:00.204 / 00:04.813, 2Gb)
Sushi: info  Loaded virtual package sushi-local#LOCAL with 462 resources                             (00:00.113 / 00:04.926, 2Gb)
Sushi: info  Converting FSH to FHIR resources...                                                     (00:00.017 / 00:04.943, 2Gb)
Sushi: warn  The name "ehealth-access-consent" may not be suitable for machine processing applications such as code generation. Valid names start with an upper-case ASCII letter ('A'..'Z') followed by any combination of upper- or lower-case ASCII letters ('A'..'Z', and 'a'..'z'), numerals ('0'..'9') and '_', with a length limit of 255 characters. (00:00.027 / 00:04.971, 2Gb)
Sushi:   File: /tmp/ig-builds/dk.ehealth.sundhed.fhir.ig.core#10.0.2-milestone/input/fsh/ehealth-access-consent.fsh (00:00.002 / 00:04.973, 2Gb)
Sushi:   Line: 1 - 9                                                                                 (00:00.000 / 00:04.974, 2Gb)
Sushi: warn  The name "ehealth-access-provenance" may not be suitable for machine processing applications such as code generation. Valid names start with an upper-case ASCII letter ('A'..'Z') followed by any combination of upper- or lower-case ASCII letters ('A'..'Z', and 'a'..'z'), numerals ('0'..'9') and '_', with a length limit of 255 characters. (00:00.054 / 00:05.028, 2Gb)
Sushi:   File: /tmp/ig-builds/dk.ehealth.sundhed.fhir.ig.core#10.0.2-milestone/input/fsh/ehealth-access-provenance.fsh (00:00.001 / 00:05.030, 2Gb)
Sushi:   Line: 1 - 10                                                                                (00:00.000 / 00:05.031, 2Gb)
Sushi: warn  The name "ehealth-actionguidance" may not be suitable for machine processing applications such as code generation. Valid names start with an upper-case ASCII letter ('A'..'Z') followed by any combination of upper- or lower-case ASCII letters ('A'..'Z', and 'a'..'z'), numerals ('0'..'9') and '_', with a length limit of 255 characters. (00:00.064 / 00:05.095, 2Gb)
Sushi:   File: /tmp/ig-builds/dk.ehealth.sundhed.fhir.ig.core#10.0.2-milestone/input/fsh/ehealth-actionguidance.fsh (00:00.001 / 00:05.097, 2Gb)
Sushi:   Line: 1 - 17                                                                                (00:00.000 / 00:05.098, 2Gb)
Sushi: warn  The name "ehealth-recommendation" may not be suitable for machine processing applications such as code generation. Valid names start with an upper-case ASCII letter ('A'..'Z') followed by any combination of upper- or lower-case ASCII letters ('A'..'Z', and 'a'..'z'), numerals ('0'..'9') and '_', with a length limit of 255 characters. (00:00.006 / 00:05.104, 2Gb)
Sushi:   File: /tmp/ig-builds/dk.ehealth.sundhed.fhir.ig.core#10.0.2-milestone/input/fsh/ehealth-ext-recommendation.fsh (00:00.001 / 00:05.106, 2Gb)
Sushi:   Line: 1 - 7                                                                                 (00:00.001 / 00:05.108, 2Gb)
Sushi: warn  The name "ehealth-intendedAudience" may not be suitable for machine processing applications such as code generation. Valid names start with an upper-case ASCII letter ('A'..'Z') followed by any combination of upper- or lower-case ASCII letters ('A'..'Z', and 'a'..'z'), numerals ('0'..'9') and '_', with a length limit of 255 characters. (00:00.067 / 00:05.175, 2Gb)
Sushi:   File: /tmp/ig-builds/dk.ehealth.sundhed.fhir.ig.core#10.0.2-milestone/input/fsh/ehealth-ext-intendedAudience.fsh (00:00.001 / 00:05.177, 2Gb)
Sushi:   Line: 1 - 7                                                                                 (00:00.000 / 00:05.178, 2Gb)
Sushi: warn  The name "ehealth-modifier-role" may not be suitable for machine processing applications such as code generation. Valid names start with an upper-case ASCII letter ('A'..'Z') followed by any combination of upper- or lower-case ASCII letters ('A'..'Z', and 'a'..'z'), numerals ('0'..'9') and '_', with a length limit of 255 characters. (00:00.037 / 00:05.215, 2Gb)
Sushi:   File: /tmp/ig-builds/dk.ehealth.sundhed.fhir.ig.core#10.0.2-milestone/input/fsh/ehealth-ext-modifier-role.fsh (00:00.001 / 00:05.217, 2Gb)
Sushi:   Line: 1 - 13                                                                                (00:00.000 / 00:05.218, 2Gb)
Sushi: warn  The name "ehealth-basic-title" may not be suitable for machine processing applications such as code generation. Valid names start with an upper-case ASCII letter ('A'..'Z') followed by any combination of upper- or lower-case ASCII letters ('A'..'Z', and 'a'..'z'), numerals ('0'..'9') and '_', with a length limit of 255 characters. (00:00.078 / 00:05.296, 2Gb)
Sushi:   File: /tmp/ig-builds/dk.ehealth.sundhed.fhir.ig.core#10.0.2-milestone/input/fsh/ehealth-ext-actionguidance-view-title.fsh (00:00.001 / 00:05.298, 2Gb)
Sushi:   Line: 1 - 6                                                                                 (00:00.000 / 00:05.299, 2Gb)
Sushi: warn  The name "ehealth-version" may not be suitable for machine processing applications such as code generation. Valid names start with an upper-case ASCII letter ('A'..'Z') followed by any combination of upper- or lower-case ASCII letters ('A'..'Z', and 'a'..'z'), numerals ('0'..'9') and '_', with a length limit of 255 characters. (00:00.041 / 00:05.340, 2Gb)
Sushi:   File: /tmp/ig-builds/dk.ehealth.sundhed.fhir.ig.core#10.0.2-milestone/input/fsh/ehealth-ext-version.fsh (00:00.001 / 00:05.342, 2Gb)
Sushi:   Line: 1 - 6                                                                                 (00:00.001 / 00:05.344, 2Gb)
Sushi: warn  The name "ehealth-description" may not be suitable for machine processing applications such as code generation. Valid names start with an upper-case ASCII letter ('A'..'Z') followed by any combination of upper- or lower-case ASCII letters ('A'..'Z', and 'a'..'z'), numerals ('0'..'9') and '_', with a length limit of 255 characters. (00:00.045 / 00:05.389, 2Gb)
Sushi:   File: /tmp/ig-builds/dk.ehealth.sundhed.fhir.ig.core#10.0.2-milestone/input/fsh/ehealth-ext-actionguidance-view-description.fsh (00:00.002 / 00:05.392, 2Gb)
Sushi:   Line: 1 - 5                                                                                 (00:00.000 / 00:05.392, 2Gb)
Sushi: warn  The name "ehealth-purpose" may not be suitable for machine processing applications such as code generation. Valid names start with an upper-case ASCII letter ('A'..'Z') followed by any combination of upper- or lower-case ASCII letters ('A'..'Z', and 'a'..'z'), numerals ('0'..'9') and '_', with a length limit of 255 characters. (00:00.047 / 00:05.440, 2Gb)
Sushi:   File: /tmp/ig-builds/dk.ehealth.sundhed.fhir.ig.core#10.0.2-milestone/input/fsh/ehealth-ext-actionguidance-view-purpose.fsh (00:00.001 / 00:05.442, 2Gb)
Sushi:   Line: 1 - 5                                                                                 (00:00.001 / 00:05.443, 2Gb)
Sushi: warn  The name "ehealth-useContext" may not be suitable for machine processing applications such as code generation. Valid names start with an upper-case ASCII letter ('A'..'Z') followed by any combination of upper- or lower-case ASCII letters ('A'..'Z', and 'a'..'z'), numerals ('0'..'9') and '_', with a length limit of 255 characters. (00:00.046 / 00:05.490, 2Gb)
Sushi:   File: /tmp/ig-builds/dk.ehealth.sundhed.fhir.ig.core#10.0.2-milestone/input/fsh/ehealth-ext-usecontext.fsh (00:00.001 / 00:05.491, 2Gb)
Sushi:   Line: 1 - 5                                                                                 (00:00.000 / 00:05.492, 2Gb)
Sushi: warn  The name "ehealth-status" may not be suitable for machine processing applications such as code generation. Valid names start with an upper-case ASCII letter ('A'..'Z') followed by any combination of upper- or lower-case ASCII letters ('A'..'Z', and 'a'..'z'), numerals ('0'..'9') and '_', with a length limit of 255 characters. (00:00.095 / 00:05.587, 2Gb)
Sushi:   File: /tmp/ig-builds/dk.ehealth.sundhed.fhir.ig.core#10.0.2-milestone/input/fsh/ehealth-ext-actionguidance-view-status.fsh (00:00.001 / 00:05.589, 2Gb)
Sushi:   Line: 1 - 7                                                                                 (00:00.000 / 00:05.590, 2Gb)
Sushi: warn  The name "ehealth-content" may not be suitable for machine processing applications such as code generation. Valid names start with an upper-case ASCII letter ('A'..'Z') followed by any combination of upper- or lower-case ASCII letters ('A'..'Z', and 'a'..'z'), numerals ('0'..'9') and '_', with a length limit of 255 characters. (00:00.056 / 00:05.646, 2Gb)
Sushi:   File: /tmp/ig-builds/dk.ehealth.sundhed.fhir.ig.core#10.0.2-milestone/input/fsh/ehealth-ext-actionguidance-view-content.fsh (00:00.001 / 00:05.648, 2Gb)
Sushi:   Line: 1 - 7                                                                                 (00:00.000 / 00:05.649, 2Gb)
Sushi: warn  The name "ehealth-actionguidance-type" may not be suitable for machine processing applications such as code generation. Valid names start with an upper-case ASCII letter ('A'..'Z') followed by any combination of upper- or lower-case ASCII letters ('A'..'Z', and 'a'..'z'), numerals ('0'..'9') and '_', with a length limit of 255 characters. (00:00.027 / 00:05.676, 2Gb)
Sushi:   File: /tmp/ig-builds/dk.ehealth.sundhed.fhir.ig.core#10.0.2-milestone/input/fsh/ehealth-actionguidance.fsh (00:00.001 / 00:05.678, 2Gb)
Sushi:   Line: 20 - 26                                                                               (00:00.000 / 00:05.678, 2Gb)
Sushi: warn  The name "ehealth-actionguidance-for" may not be suitable for machine processing applications such as code generation. Valid names start with an upper-case ASCII letter ('A'..'Z') followed by any combination of upper- or lower-case ASCII letters ('A'..'Z', and 'a'..'z'), numerals ('0'..'9') and '_', with a length limit of 255 characters. (00:00.057 / 00:05.735, 2Gb)
Sushi:   File: /tmp/ig-builds/dk.ehealth.sundhed.fhir.ig.core#10.0.2-milestone/input/fsh/ehealth-actionguidance.fsh (00:00.001 / 00:05.737, 2Gb)
Sushi:   Line: 29 - 40                                                                               (00:00.000 / 00:05.738, 2Gb)
Sushi: warn  The name "ehealth-activitydefinition" may not be suitable for machine processing applications such as code generation. Valid names start with an upper-case ASCII letter ('A'..'Z') followed by any combination of upper- or lower-case ASCII letters ('A'..'Z', and 'a'..'z'), numerals ('0'..'9') and '_', with a length limit of 255 characters. (00:00.050 / 00:05.789, 2Gb)
Sushi:   File: /tmp/ig-builds/dk.ehealth.sundhed.fhir.ig.core#10.0.2-milestone/input/fsh/ehealth-activitydefinition.fsh (00:00.001 / 00:05.791, 2Gb)
Sushi:   Line: 1 - 24                                                                                (00:00.001 / 00:05.792, 2Gb)
Sushi: warn  The name "ehealth-reuseCriteria" may not be suitable for machine processing applications such as code generation. Valid names start with an upper-case ASCII letter ('A'..'Z') followed by any combination of upper- or lower-case ASCII letters ('A'..'Z', and 'a'..'z'), numerals ('0'..'9') and '_', with a length limit of 255 characters. (00:00.000 / 00:05.793, 2Gb)
Sushi:   File: /tmp/ig-builds/dk.ehealth.sundhed.fhir.ig.core#10.0.2-milestone/input/fsh/ehealth-ext-reuseCriteria.fsh (00:00.002 / 00:05.795, 2Gb)
Sushi:   Line: 1 - 20                                                                                (00:00.000 / 00:05.796, 2Gb)
Sushi: warn  The name "ehealth-referenceRange" may not be suitable for machine processing applications such as code generation. Valid names start with an upper-case ASCII letter ('A'..'Z') followed by any combination of upper- or lower-case ASCII letters ('A'..'Z', and 'a'..'z'), numerals ('0'..'9') and '_', with a length limit of 255 characters. (00:00.198 / 00:05.995, 2Gb)
Sushi:   File: /tmp/ig-builds/dk.ehealth.sundhed.fhir.ig.core#10.0.2-milestone/input/fsh/ehealth-ext-referenceRange.fsh (00:00.002 / 00:05.997, 2Gb)
Sushi:   Line: 1 - 15                                                                                (00:00.000 / 00:05.998, 2Gb)
Sushi: warn  The name "ehealth-quality" may not be suitable for machine processing applications such as code generation. Valid names start with an upper-case ASCII letter ('A'..'Z') followed by any combination of upper- or lower-case ASCII letters ('A'..'Z', and 'a'..'z'), numerals ('0'..'9') and '_', with a length limit of 255 characters. (00:00.282 / 00:06.280, 2Gb)
Sushi:   File: /tmp/ig-builds/dk.ehealth.sundhed.fhir.ig.core#10.0.2-milestone/input/fsh/ehealth-ext-quality.fsh (00:00.002 / 00:06.282, 2Gb)
Sushi:   Line: 1 - 13                                                                                (00:00.000 / 00:06.283, 2Gb)
Sushi: warn  The name "ehealth-sharingPolicy" may not be suitable for machine processing applications such as code generation. Valid names start with an upper-case ASCII letter ('A'..'Z') followed by any combination of upper- or lower-case ASCII letters ('A'..'Z', and 'a'..'z'), numerals ('0'..'9') and '_', with a length limit of 255 characters. (00:00.116 / 00:06.399, 2Gb)
Sushi:   File: /tmp/ig-builds/dk.ehealth.sundhed.fhir.ig.core#10.0.2-milestone/input/fsh/ehealth-ext-sharingPolicy.fsh (00:00.002 / 00:06.401, 2Gb)
Sushi:   Line: 1 - 7                                                                                 (00:00.001 / 00:06.402, 2Gb)
Sushi: warn  The name "ehealth-sharingApprovalPolicy" may not be suitable for machine processing applications such as code generation. Valid names start with an upper-case ASCII letter ('A'..'Z') followed by any combination of upper- or lower-case ASCII letters ('A'..'Z', and 'a'..'z'), numerals ('0'..'9') and '_', with a length limit of 255 characters. (00:00.047 / 00:06.449, 2Gb)
Sushi:   File: /tmp/ig-builds/dk.ehealth.sundhed.fhir.ig.core#10.0.2-milestone/input/fsh/ehealth-ext-sharingApprovalPolicy.fsh (00:00.002 / 00:06.451, 2Gb)
Sushi:   Line: 1 - 7                                                                                 (00:00.001 / 00:06.452, 2Gb)
Sushi: warn  The name "ehealth-employee-title" may not be suitable for machine processing applications such as code generation. Valid names start with an upper-case ASCII letter ('A'..'Z') followed by any combination of upper- or lower-case ASCII letters ('A'..'Z', and 'a'..'z'), numerals ('0'..'9') and '_', with a length limit of 255 characters. (00:00.047 / 00:06.500, 2Gb)
Sushi:   File: /tmp/ig-builds/dk.ehealth.sundhed.fhir.ig.core#10.0.2-milestone/input/fsh/ehealth-ext-employee-title.fsh (00:00.002 / 00:06.502, 2Gb)
Sushi:   Line: 1 - 5                                                                                 (00:00.000 / 00:06.503, 2Gb)
Sushi: warn  The name "ehealth-predecessor" may not be suitable for machine processing applications such as code generation. Valid names start with an upper-case ASCII letter ('A'..'Z') followed by any combination of upper- or lower-case ASCII letters ('A'..'Z', and 'a'..'z'), numerals ('0'..'9') and '_', with a length limit of 255 characters. (00:00.033 / 00:06.537, 2Gb)
Sushi:   File: /tmp/ig-builds/dk.ehealth.sundhed.fhir.ig.core#10.0.2-milestone/input/fsh/ehealth-ext-predecessor.fsh (00:00.002 / 00:06.539, 2Gb)
Sushi:   Line: 1 - 6                                                                                 (00:00.000 / 00:06.539, 2Gb)
Sushi: warn  The name "ehealth-base" may not be suitable for machine processing applications such as code generation. Valid names start with an upper-case ASCII letter ('A'..'Z') followed by any combination of upper- or lower-case ASCII letters ('A'..'Z', and 'a'..'z'), numerals ('0'..'9') and '_', with a length limit of 255 characters. (00:00.059 / 00:06.599, 2Gb)
Sushi:   File: /tmp/ig-builds/dk.ehealth.sundhed.fhir.ig.core#10.0.2-milestone/input/fsh/ehealth-ext-base.fsh (00:00.001 / 00:06.601, 2Gb)
Sushi:   Line: 1 - 6                                                                                 (00:00.000 / 00:06.601, 2Gb)
Sushi: warn  The name "ehealth-base-environment" may not be suitable for machine processing applications such as code generation. Valid names start with an upper-case ASCII letter ('A'..'Z') followed by any combination of upper- or lower-case ASCII letters ('A'..'Z', and 'a'..'z'), numerals ('0'..'9') and '_', with a length limit of 255 characters. (00:00.058 / 00:06.660, 2Gb)
Sushi:   File: /tmp/ig-builds/dk.ehealth.sundhed.fhir.ig.core#10.0.2-milestone/input/fsh/ehealth-ext-base-environment.fsh (00:00.001 / 00:06.662, 2Gb)
Sushi:   Line: 1 - 6                                                                                 (00:00.000 / 00:06.663, 2Gb)
Sushi: warn  The name "ehealth-appointment" may not be suitable for machine processing applications such as code generation. Valid names start with an upper-case ASCII letter ('A'..'Z') followed by any combination of upper- or lower-case ASCII letters ('A'..'Z', and 'a'..'z'), numerals ('0'..'9') and '_', with a length limit of 255 characters. (00:00.082 / 00:06.746, 2Gb)
Sushi:   File: /tmp/ig-builds/dk.ehealth.sundhed.fhir.ig.core#10.0.2-milestone/input/fsh/ehealth-appointment.fsh (00:00.001 / 00:06.747, 2Gb)
Sushi:   Line: 1 - 31                                                                                (00:00.000 / 00:06.748, 2Gb)
Sushi: warn  The name "ehealth-responsible" may not be suitable for machine processing applications such as code generation. Valid names start with an upper-case ASCII letter ('A'..'Z') followed by any combination of upper- or lower-case ASCII letters ('A'..'Z', and 'a'..'z'), numerals ('0'..'9') and '_', with a length limit of 255 characters. (00:00.001 / 00:06.749, 2Gb)
Sushi:   File: /tmp/ig-builds/dk.ehealth.sundhed.fhir.ig.core#10.0.2-milestone/input/fsh/ehealth-ext-responsible.fsh (00:00.001 / 00:06.751, 2Gb)
Sushi:   Line: 1 - 6                                                                                 (00:00.000 / 00:06.751, 2Gb)
Sushi: warn  The name "ehealth-group-id" may not be suitable for machine processing applications such as code generation. Valid names start with an upper-case ASCII letter ('A'..'Z') followed by any combination of upper- or lower-case ASCII letters ('A'..'Z', and 'a'..'z'), numerals ('0'..'9') and '_', with a length limit of 255 characters. (00:00.030 / 00:06.781, 2Gb)
Sushi:   File: /tmp/ig-builds/dk.ehealth.sundhed.fhir.ig.core#10.0.2-milestone/input/fsh/ehealth-ext-group-id.fsh (00:00.001 / 00:06.783, 2Gb)
Sushi:   Line: 1 - 5                                                                                 (00:00.000 / 00:06.784, 2Gb)
Sushi: warn  The name "ehealth-legalBasis" may not be suitable for machine processing applications such as code generation. Valid names start with an upper-case ASCII letter ('A'..'Z') followed by any combination of upper- or lower-case ASCII letters ('A'..'Z', and 'a'..'z'), numerals ('0'..'9') and '_', with a length limit of 255 characters. (00:00.038 / 00:06.822, 2Gb)
Sushi:   File: /tmp/ig-builds/dk.ehealth.sundhed.fhir.ig.core#10.0.2-milestone/input/fsh/ehealth-ext-legalBasis.fsh (00:00.001 / 00:06.824, 2Gb)
Sushi:   Line: 1 - 6                                                                                 (00:00.000 / 00:06.824, 2Gb)
Sushi: warn  The name "ehealth-releasableResource" may not be suitable for machine processing applications such as code generation. Valid names start with an upper-case ASCII letter ('A'..'Z') followed by any combination of upper- or lower-case ASCII letters ('A'..'Z', and 'a'..'z'), numerals ('0'..'9') and '_', with a length limit of 255 characters. (00:00.049 / 00:06.874, 2Gb)
Sushi:   File: /tmp/ig-builds/dk.ehealth.sundhed.fhir.ig.core#10.0.2-milestone/input/fsh/ehealth-ext-releasableResource.fsh (00:00.001 / 00:06.876, 2Gb)
Sushi:   Line: 1 - 5                                                                                 (00:00.000 / 00:06.877, 2Gb)
Sushi: warn  The name "ehealth-responsible-organization" may not be suitable for machine processing applications such as code generation. Valid names start with an upper-case ASCII letter ('A'..'Z') followed by any combination of upper- or lower-case ASCII letters ('A'..'Z', and 'a'..'z'), numerals ('0'..'9') and '_', with a length limit of 255 characters. (00:00.017 / 00:06.894, 2Gb)
Sushi:   File: /tmp/ig-builds/dk.ehealth.sundhed.fhir.ig.core#10.0.2-milestone/input/fsh/ehealth-ext-responsible-organization.fsh (00:00.002 / 00:06.896, 2Gb)
Sushi:   Line: 1 - 6                                                                                 (00:00.000 / 00:06.897, 2Gb)
Sushi: warn  The name "ehealth-performer" may not be suitable for machine processing applications such as code generation. Valid names start with an upper-case ASCII letter ('A'..'Z') followed by any combination of upper- or lower-case ASCII letters ('A'..'Z', and 'a'..'z'), numerals ('0'..'9') and '_', with a length limit of 255 characters. (00:00.026 / 00:06.924, 2Gb)
Sushi:   File: /tmp/ig-builds/dk.ehealth.sundhed.fhir.ig.core#10.0.2-milestone/input/fsh/ehealth-ext-performer.fsh (00:00.002 / 00:06.926, 2Gb)
Sushi:   Line: 1 - 6                                                                                 (00:00.000 / 00:06.927, 2Gb)
Sushi: warn  The name "ehealth-performing-organization" may not be suitable for machine processing applications such as code generation. Valid names start with an upper-case ASCII letter ('A'..'Z') followed by any combination of upper- or lower-case ASCII letters ('A'..'Z', and 'a'..'z'), numerals ('0'..'9') and '_', with a length limit of 255 characters. (00:00.032 / 00:06.960, 2Gb)
Sushi:   File: /tmp/ig-builds/dk.ehealth.sundhed.fhir.ig.core#10.0.2-milestone/input/fsh/ehealth-ext-performing-organization.fsh (00:00.001 / 00:06.961, 2Gb)
Sushi:   Line: 1 - 6                                                                                 (00:00.000 / 00:06.962, 2Gb)
Sushi: warn  The name "ehealth-ext-careteam" may not be suitable for machine processing applications such as code generation. Valid names start with an upper-case ASCII letter ('A'..'Z') followed by any combination of upper- or lower-case ASCII letters ('A'..'Z', and 'a'..'z'), numerals ('0'..'9') and '_', with a length limit of 255 characters. (00:00.039 / 00:07.002, 2Gb)
Sushi:   File: /tmp/ig-builds/dk.ehealth.sundhed.fhir.ig.core#10.0.2-milestone/input/fsh/ehealth-ext-careteam.fsh (00:00.001 / 00:07.003, 2Gb)
Sushi:   Line: 1 - 6                                                                                 (00:00.000 / 00:07.004, 2Gb)
Sushi: warn  The name "ehealth-auditevent" may not be suitable for machine processing applications such as code generation. Valid names start with an upper-case ASCII letter ('A'..'Z') followed by any combination of upper- or lower-case ASCII letters ('A'..'Z', and 'a'..'z'), numerals ('0'..'9') and '_', with a length limit of 255 characters. (00:00.080 / 00:07.084, 2Gb)
Sushi:   File: /tmp/ig-builds/dk.ehealth.sundhed.fhir.ig.core#10.0.2-milestone/input/fsh/ehealth-auditevent.fsh (00:00.001 / 00:07.086, 2Gb)
Sushi:   Line: 1 - 4                                                                                 (00:00.000 / 00:07.086, 2Gb)
Sushi: warn  The name "ehealth-carecommunication" may not be suitable for machine processing applications such as code generation. Valid names start with an upper-case ASCII letter ('A'..'Z') followed by any combination of upper- or lower-case ASCII letters ('A'..'Z', and 'a'..'z'), numerals ('0'..'9') and '_', with a length limit of 255 characters. (00:00.010 / 00:07.097, 2Gb)
Sushi:   File: /tmp/ig-builds/dk.ehealth.sundhed.fhir.ig.core#10.0.2-milestone/input/fsh/ehealth-carecommunication.fsh (00:00.001 / 00:07.099, 2Gb)
Sushi:   Line: 6 - 120                                                                               (00:00.000 / 00:07.100, 2Gb)
Sushi: warn  The name "ehealth-carecommunication-sender" may not be suitable for machine processing applications such as code generation. Valid names start with an upper-case ASCII letter ('A'..'Z') followed by any combination of upper- or lower-case ASCII letters ('A'..'Z', and 'a'..'z'), numerals ('0'..'9') and '_', with a length limit of 255 characters. (00:00.083 / 00:07.183, 2Gb)
Sushi:   File: /tmp/ig-builds/dk.ehealth.sundhed.fhir.ig.core#10.0.2-milestone/input/fsh/ehealth-carecommunication.fsh (00:00.002 / 00:07.186, 2Gb)
Sushi:   Line: 124 - 140                                                                             (00:00.000 / 00:07.187, 2Gb)
Sushi: warn  The name "ehealth-carecommunication-destination" may not be suitable for machine processing applications such as code generation. Valid names start with an upper-case ASCII letter ('A'..'Z') followed by any combination of upper- or lower-case ASCII letters ('A'..'Z', and 'a'..'z'), numerals ('0'..'9') and '_', with a length limit of 255 characters. (00:00.094 / 00:07.281, 2Gb)
Sushi:   File: /tmp/ig-builds/dk.ehealth.sundhed.fhir.ig.core#10.0.2-milestone/input/fsh/ehealth-carecommunication.fsh (00:00.002 / 00:07.283, 2Gb)
Sushi:   Line: 142 - 147                                                                             (00:00.000 / 00:07.284, 2Gb)
Sushi: warn  The name "ehealth-carecommunication-origin" may not be suitable for machine processing applications such as code generation. Valid names start with an upper-case ASCII letter ('A'..'Z') followed by any combination of upper- or lower-case ASCII letters ('A'..'Z', and 'a'..'z'), numerals ('0'..'9') and '_', with a length limit of 255 characters. (00:00.022 / 00:07.306, 2Gb)
Sushi:   File: /tmp/ig-builds/dk.ehealth.sundhed.fhir.ig.core#10.0.2-milestone/input/fsh/ehealth-carecommunication.fsh (00:00.002 / 00:07.308, 2Gb)
Sushi:   Line: 161 - 165                                                                             (00:00.000 / 00:07.309, 2Gb)
Sushi: warn  The name "ehealth-carecommunication-message-Type" may not be suitable for machine processing applications such as code generation. Valid names start with an upper-case ASCII letter ('A'..'Z') followed by any combination of upper- or lower-case ASCII letters ('A'..'Z', and 'a'..'z'), numerals ('0'..'9') and '_', with a length limit of 255 characters. (00:00.016 / 00:07.326, 2Gb)
Sushi:   File: /tmp/ig-builds/dk.ehealth.sundhed.fhir.ig.core#10.0.2-milestone/input/fsh/ehealth-carecommunication.fsh (00:00.002 / 00:07.328, 2Gb)
Sushi:   Line: 167 - 172                                                                             (00:00.000 / 00:07.329, 2Gb)
Sushi: warn  The name "ehealth-administrative-status" may not be suitable for machine processing applications such as code generation. Valid names start with an upper-case ASCII letter ('A'..'Z') followed by any combination of upper- or lower-case ASCII letters ('A'..'Z', and 'a'..'z'), numerals ('0'..'9') and '_', with a length limit of 255 characters. (00:00.064 / 00:07.393, 2Gb)
Sushi:   File: /tmp/ig-builds/dk.ehealth.sundhed.fhir.ig.core#10.0.2-milestone/input/fsh/ehealth-message.fsh (00:00.002 / 00:07.396, 2Gb)
Sushi:   Line: 67 - 73                                                                               (00:00.000 / 00:07.396, 2Gb)
Sushi: warn  The name "ehealth-carecommunication-datetime" may not be suitable for machine processing applications such as code generation. Valid names start with an upper-case ASCII letter ('A'..'Z') followed by any combination of upper- or lower-case ASCII letters ('A'..'Z', and 'a'..'z'), numerals ('0'..'9') and '_', with a length limit of 255 characters. (00:00.065 / 00:07.462, 2Gb)
Sushi:   File: /tmp/ig-builds/dk.ehealth.sundhed.fhir.ig.core#10.0.2-milestone/input/fsh/ehealth-carecommunication.fsh (00:00.001 / 00:07.464, 2Gb)
Sushi:   Line: 149 - 153                                                                             (00:00.000 / 00:07.465, 2Gb)
Sushi: warn  The name "ehealth-carecommunication-payload-identifier" may not be suitable for machine processing applications such as code generation. Valid names start with an upper-case ASCII letter ('A'..'Z') followed by any combination of upper- or lower-case ASCII letters ('A'..'Z', and 'a'..'z'), numerals ('0'..'9') and '_', with a length limit of 255 characters. (00:00.027 / 00:07.492, 2Gb)
Sushi:   File: /tmp/ig-builds/dk.ehealth.sundhed.fhir.ig.core#10.0.2-milestone/input/fsh/ehealth-carecommunication.fsh (00:00.001 / 00:07.494, 2Gb)
Sushi:   Line: 155 - 159                                                                             (00:00.000 / 00:07.495, 2Gb)
Sushi: warn  The name "ehealth-careplan" may not be suitable for machine processing applications such as code generation. Valid names start with an upper-case ASCII letter ('A'..'Z') followed by any combination of upper- or lower-case ASCII letters ('A'..'Z', and 'a'..'z'), numerals ('0'..'9') and '_', with a length limit of 255 characters. (00:00.160 / 00:07.655, 2Gb)
Sushi:   File: /tmp/ig-builds/dk.ehealth.sundhed.fhir.ig.core#10.0.2-milestone/input/fsh/ehealth-careplan.fsh (00:00.001 / 00:07.657, 2Gb)
Sushi:   Line: 1 - 56                                                                                (00:00.000 / 00:07.657, 2Gb)
Sushi: warn  The name "ehealth-careplan-statusHistory" may not be suitable for machine processing applications such as code generation. Valid names start with an upper-case ASCII letter ('A'..'Z') followed by any combination of upper- or lower-case ASCII letters ('A'..'Z', and 'a'..'z'), numerals ('0'..'9') and '_', with a length limit of 255 characters. (00:00.011 / 00:07.669, 2Gb)
Sushi:   File: /tmp/ig-builds/dk.ehealth.sundhed.fhir.ig.core#10.0.2-milestone/input/fsh/ehealth-careplan.fsh (00:00.001 / 00:07.671, 2Gb)
Sushi:   Line: 58 - 66                                                                               (00:00.000 / 00:07.671, 2Gb)
Sushi: warn  The name "ehealth-teamHistory" may not be suitable for machine processing applications such as code generation. Valid names start with an upper-case ASCII letter ('A'..'Z') followed by any combination of upper- or lower-case ASCII letters ('A'..'Z', and 'a'..'z'), numerals ('0'..'9') and '_', with a length limit of 255 characters. (00:00.089 / 00:07.761, 2Gb)
Sushi:   File: /tmp/ig-builds/dk.ehealth.sundhed.fhir.ig.core#10.0.2-milestone/input/fsh/ehealth-ext-teamHistory.fsh (00:00.001 / 00:07.763, 2Gb)
Sushi:   Line: 1 - 12                                                                                (00:00.000 / 00:07.764, 2Gb)
Sushi: warn  The name "ehealth-careplan-statusschedule" may not be suitable for machine processing applications such as code generation. Valid names start with an upper-case ASCII letter ('A'..'Z') followed by any combination of upper- or lower-case ASCII letters ('A'..'Z', and 'a'..'z'), numerals ('0'..'9') and '_', with a length limit of 255 characters. (00:00.074 / 00:07.838, 2Gb)
Sushi:   File: /tmp/ig-builds/dk.ehealth.sundhed.fhir.ig.core#10.0.2-milestone/input/fsh/ehealth-careplan.fsh (00:00.001 / 00:07.840, 2Gb)
Sushi:   Line: 68 - 77                                                                               (00:00.000 / 00:07.841, 2Gb)
Sushi: warn  The name "ehealth-teamschedule" may not be suitable for machine processing applications such as code generation. Valid names start with an upper-case ASCII letter ('A'..'Z') followed by any combination of upper- or lower-case ASCII letters ('A'..'Z', and 'a'..'z'), numerals ('0'..'9') and '_', with a length limit of 255 characters. (00:00.031 / 00:07.873, 2Gb)
Sushi:   File: /tmp/ig-builds/dk.ehealth.sundhed.fhir.ig.core#10.0.2-milestone/input/fsh/ehealth-ext-teamschedule.fsh (00:00.001 / 00:07.874, 2Gb)
Sushi:   Line: 1 - 15                                                                                (00:00.000 / 00:07.875, 2Gb)
Sushi: warn  The name "ehealth-participant" may not be suitable for machine processing applications such as code generation. Valid names start with an upper-case ASCII letter ('A'..'Z') followed by any combination of upper- or lower-case ASCII letters ('A'..'Z', and 'a'..'z'), numerals ('0'..'9') and '_', with a length limit of 255 characters. (00:00.206 / 00:08.081, 2Gb)
Sushi:   File: /tmp/ig-builds/dk.ehealth.sundhed.fhir.ig.core#10.0.2-milestone/input/fsh/ehealth-ext-participant.fsh (00:00.001 / 00:08.083, 2Gb)
Sushi:   Line: 1 - 21                                                                                (00:00.000 / 00:08.084, 2Gb)
Sushi: warn  The name "ehealth-careteam" may not be suitable for machine processing applications such as code generation. Valid names start with an upper-case ASCII letter ('A'..'Z') followed by any combination of upper- or lower-case ASCII letters ('A'..'Z', and 'a'..'z'), numerals ('0'..'9') and '_', with a length limit of 255 characters. (00:00.168 / 00:08.252, 2Gb)
Sushi:   File: /tmp/ig-builds/dk.ehealth.sundhed.fhir.ig.core#10.0.2-milestone/input/fsh/ehealth-careteam.fsh (00:00.001 / 00:08.254, 2Gb)
Sushi:   Line: 1 - 23                                                                                (00:00.000 / 00:08.254, 2Gb)
Sushi: warn  The name "ehealth-clinicalimpression" may not be suitable for machine processing applications such as code generation. Valid names start with an upper-case ASCII letter ('A'..'Z') followed by any combination of upper- or lower-case ASCII letters ('A'..'Z', and 'a'..'z'), numerals ('0'..'9') and '_', with a length limit of 255 characters. (00:00.079 / 00:08.334, 2Gb)
Sushi:   File: /tmp/ig-builds/dk.ehealth.sundhed.fhir.ig.core#10.0.2-milestone/input/fsh/ehealth-clinicalimpression.fsh (00:00.001 / 00:08.335, 2Gb)
Sushi:   Line: 1 - 35                                                                                (00:00.000 / 00:08.336, 2Gb)
Sushi: warn  The name "ehealth-clinicalimpression-assessor-organization" may not be suitable for machine processing applications such as code generation. Valid names start with an upper-case ASCII letter ('A'..'Z') followed by any combination of upper- or lower-case ASCII letters ('A'..'Z', and 'a'..'z'), numerals ('0'..'9') and '_', with a length limit of 255 characters. (00:00.000 / 00:08.337, 2Gb)
Sushi:   File: /tmp/ig-builds/dk.ehealth.sundhed.fhir.ig.core#10.0.2-milestone/input/fsh/ehealth-clinicalimpression.fsh (00:00.001 / 00:08.339, 2Gb)
Sushi:   Line: 37 - 43                                                                               (00:00.000 / 00:08.339, 2Gb)
Sushi: warn  The name "ehealth-clinicalimpression-assessor-other" may not be suitable for machine processing applications such as code generation. Valid names start with an upper-case ASCII letter ('A'..'Z') followed by any combination of upper- or lower-case ASCII letters ('A'..'Z', and 'a'..'z'), numerals ('0'..'9') and '_', with a length limit of 255 characters. (00:00.025 / 00:08.365, 2Gb)
Sushi:   File: /tmp/ig-builds/dk.ehealth.sundhed.fhir.ig.core#10.0.2-milestone/input/fsh/ehealth-clinicalimpression.fsh (00:00.001 / 00:08.367, 2Gb)
Sushi:   Line: 45 - 51                                                                               (00:00.001 / 00:08.368, 2Gb)
Sushi: warn  The name "ehealth-clinicalimpression-careplan" may not be suitable for machine processing applications such as code generation. Valid names start with an upper-case ASCII letter ('A'..'Z') followed by any combination of upper- or lower-case ASCII letters ('A'..'Z', and 'a'..'z'), numerals ('0'..'9') and '_', with a length limit of 255 characters. (00:00.027 / 00:08.395, 2Gb)
Sushi:   File: /tmp/ig-builds/dk.ehealth.sundhed.fhir.ig.core#10.0.2-milestone/input/fsh/ehealth-clinicalimpression.fsh (00:00.001 / 00:08.397, 2Gb)
Sushi:   Line: 53 - 59                                                                               (00:00.000 / 00:08.398, 2Gb)
Sushi: warn  The name "ehealth-clinicalimpression-decisionContext" may not be suitable for machine processing applications such as code generation. Valid names start with an upper-case ASCII letter ('A'..'Z') followed by any combination of upper- or lower-case ASCII letters ('A'..'Z', and 'a'..'z'), numerals ('0'..'9') and '_', with a length limit of 255 characters. (00:00.025 / 00:08.423, 2Gb)
Sushi:   File: /tmp/ig-builds/dk.ehealth.sundhed.fhir.ig.core#10.0.2-milestone/input/fsh/ehealth-clinicalimpression.fsh (00:00.002 / 00:08.426, 2Gb)
Sushi:   Line: 61 - 68                                                                               (00:00.000 / 00:08.426, 2Gb)
Sushi: warn  The name "ehealth-clinicalimpression-decision" may not be suitable for machine processing applications such as code generation. Valid names start with an upper-case ASCII letter ('A'..'Z') followed by any combination of upper- or lower-case ASCII letters ('A'..'Z', and 'a'..'z'), numerals ('0'..'9') and '_', with a length limit of 255 characters. (00:00.025 / 00:08.451, 2Gb)
Sushi:   File: /tmp/ig-builds/dk.ehealth.sundhed.fhir.ig.core#10.0.2-milestone/input/fsh/ehealth-clinicalimpression.fsh (00:00.001 / 00:08.453, 2Gb)
Sushi:   Line: 70 - 75                                                                               (00:00.000 / 00:08.454, 2Gb)
Sushi: warn  The name "ehealth-questionnaireresponse-finding-basis" may not be suitable for machine processing applications such as code generation. Valid names start with an upper-case ASCII letter ('A'..'Z') followed by any combination of upper- or lower-case ASCII letters ('A'..'Z', and 'a'..'z'), numerals ('0'..'9') and '_', with a length limit of 255 characters. (00:00.059 / 00:08.514, 2Gb)
Sushi:   File: /tmp/ig-builds/dk.ehealth.sundhed.fhir.ig.core#10.0.2-milestone/input/fsh/ehealth-clinicalimpression.fsh (00:00.001 / 00:08.516, 2Gb)
Sushi:   Line: 100 - 116                                                                             (00:00.000 / 00:08.516, 2Gb)
Sushi: warn  The name "ehealth-questionnaire-answerSignificance" may not be suitable for machine processing applications such as code generation. Valid names start with an upper-case ASCII letter ('A'..'Z') followed by any combination of upper- or lower-case ASCII letters ('A'..'Z', and 'a'..'z'), numerals ('0'..'9') and '_', with a length limit of 255 characters. (00:00.125 / 00:08.642, 2Gb)
Sushi:   File: /tmp/ig-builds/dk.ehealth.sundhed.fhir.ig.core#10.0.2-milestone/input/fsh/ehealth-ext-questionnaire-answerSignificance.fsh (00:00.001 / 00:08.643, 2Gb)
Sushi:   Line: 1 - 9                                                                                 (00:00.000 / 00:08.644, 2Gb)
Sushi: warn  The name "ehealth-answer-Condition" may not be suitable for machine processing applications such as code generation. Valid names start with an upper-case ASCII letter ('A'..'Z') followed by any combination of upper- or lower-case ASCII letters ('A'..'Z', and 'a'..'z'), numerals ('0'..'9') and '_', with a length limit of 255 characters. (00:00.006 / 00:08.650, 2Gb)
Sushi:   File: /tmp/ig-builds/dk.ehealth.sundhed.fhir.ig.core#10.0.2-milestone/input/fsh/ehealth-questionnaire.fsh (00:00.001 / 00:08.652, 2Gb)
Sushi:   Line: 98 - 107                                                                              (00:00.000 / 00:08.653, 2Gb)
Sushi: warn  The name "ehealth-clinicalimpression-viewInvestigationItem" may not be suitable for machine processing applications such as code generation. Valid names start with an upper-case ASCII letter ('A'..'Z') followed by any combination of upper- or lower-case ASCII letters ('A'..'Z', and 'a'..'z'), numerals ('0'..'9') and '_', with a length limit of 255 characters. (00:00.178 / 00:08.831, 2Gb)
Sushi:   File: /tmp/ig-builds/dk.ehealth.sundhed.fhir.ig.core#10.0.2-milestone/input/fsh/ehealth-clinicalimpression.fsh (00:00.001 / 00:08.832, 2Gb)
Sushi:   Line: 85 - 91                                                                               (00:00.000 / 00:08.833, 2Gb)
Sushi: warn  The name "ehealth-clinicalimpression-otherItem" may not be suitable for machine processing applications such as code generation. Valid names start with an upper-case ASCII letter ('A'..'Z') followed by any combination of upper- or lower-case ASCII letters ('A'..'Z', and 'a'..'z'), numerals ('0'..'9') and '_', with a length limit of 255 characters. (00:00.026 / 00:08.860, 2Gb)
Sushi:   File: /tmp/ig-builds/dk.ehealth.sundhed.fhir.ig.core#10.0.2-milestone/input/fsh/ehealth-clinicalimpression.fsh (00:00.001 / 00:08.862, 2Gb)
Sushi:   Line: 93 - 98                                                                               (00:00.000 / 00:08.862, 2Gb)
Sushi: warn  The name "ehealth-communication-request" may not be suitable for machine processing applications such as code generation. Valid names start with an upper-case ASCII letter ('A'..'Z') followed by any combination of upper- or lower-case ASCII letters ('A'..'Z', and 'a'..'z'), numerals ('0'..'9') and '_', with a length limit of 255 characters. (00:00.102 / 00:08.964, 2Gb)
Sushi:   File: /tmp/ig-builds/dk.ehealth.sundhed.fhir.ig.core#10.0.2-milestone/input/fsh/ehealth-communication-request.fsh (00:00.002 / 00:08.967, 2Gb)
Sushi:   Line: 1 - 15                                                                                (00:00.000 / 00:08.967, 2Gb)
Sushi: warn  The name "ehealth-communication" may not be suitable for machine processing applications such as code generation. Valid names start with an upper-case ASCII letter ('A'..'Z') followed by any combination of upper- or lower-case ASCII letters ('A'..'Z', and 'a'..'z'), numerals ('0'..'9') and '_', with a length limit of 255 characters. (00:00.034 / 00:09.002, 2Gb)
Sushi:   File: /tmp/ig-builds/dk.ehealth.sundhed.fhir.ig.core#10.0.2-milestone/input/fsh/ehealth-communication.fsh (00:00.001 / 00:09.003, 2Gb)
Sushi:   Line: 1 - 28                                                                                (00:00.000 / 00:09.004, 2Gb)
Sushi: warn  The name "ehealth-communication-recipientCareTeam" may not be suitable for machine processing applications such as code generation. Valid names start with an upper-case ASCII letter ('A'..'Z') followed by any combination of upper- or lower-case ASCII letters ('A'..'Z', and 'a'..'z'), numerals ('0'..'9') and '_', with a length limit of 255 characters. (00:00.010 / 00:09.014, 2Gb)
Sushi:   File: /tmp/ig-builds/dk.ehealth.sundhed.fhir.ig.core#10.0.2-milestone/input/fsh/ehealth-ext-communication-recipientCareTeam.fsh (00:00.001 / 00:09.016, 2Gb)
Sushi:   Line: 1 - 7                                                                                 (00:00.000 / 00:09.017, 2Gb)
Sushi: warn  The name "ehealth-communication-senderCareTeam" may not be suitable for machine processing applications such as code generation. Valid names start with an upper-case ASCII letter ('A'..'Z') followed by any combination of upper- or lower-case ASCII letters ('A'..'Z', and 'a'..'z'), numerals ('0'..'9') and '_', with a length limit of 255 characters. (00:00.023 / 00:09.040, 2Gb)
Sushi:   File: /tmp/ig-builds/dk.ehealth.sundhed.fhir.ig.core#10.0.2-milestone/input/fsh/ehealth-ext-communication-senderCareTeam.fsh (00:00.001 / 00:09.042, 2Gb)
Sushi:   Line: 1 - 7                                                                                 (00:00.000 / 00:09.042, 2Gb)
Sushi: warn  The name "ehealth-restriction-category" may not be suitable for machine processing applications such as code generation. Valid names start with an upper-case ASCII letter ('A'..'Z') followed by any combination of upper- or lower-case ASCII letters ('A'..'Z', and 'a'..'z'), numerals ('0'..'9') and '_', with a length limit of 255 characters. (00:00.027 / 00:09.069, 2Gb)
Sushi:   File: /tmp/ig-builds/dk.ehealth.sundhed.fhir.ig.core#10.0.2-milestone/input/fsh/ehealth-ext-restriction-category.fsh (00:00.002 / 00:09.072, 2Gb)
Sushi:   Line: 1 - 6                                                                                 (00:00.000 / 00:09.072, 2Gb)
Sushi: warn  The name "ehealth-composition" may not be suitable for machine processing applications such as code generation. Valid names start with an upper-case ASCII letter ('A'..'Z') followed by any combination of upper- or lower-case ASCII letters ('A'..'Z', and 'a'..'z'), numerals ('0'..'9') and '_', with a length limit of 255 characters. (00:00.145 / 00:09.218, 2Gb)
Sushi:   File: /tmp/ig-builds/dk.ehealth.sundhed.fhir.ig.core#10.0.2-milestone/input/fsh/ehealth-composition.fsh (00:00.001 / 00:09.220, 2Gb)
Sushi:   Line: 1 - 20                                                                                (00:00.000 / 00:09.221, 2Gb)
Sushi: warn  The name "ehealth-composition-authorOrganization" may not be suitable for machine processing applications such as code generation. Valid names start with an upper-case ASCII letter ('A'..'Z') followed by any combination of upper- or lower-case ASCII letters ('A'..'Z', and 'a'..'z'), numerals ('0'..'9') and '_', with a length limit of 255 characters. (00:00.000 / 00:09.221, 2Gb)
Sushi:   File: /tmp/ig-builds/dk.ehealth.sundhed.fhir.ig.core#10.0.2-milestone/input/fsh/ehealth-composition.fsh (00:00.002 / 00:09.224, 2Gb)
Sushi:   Line: 22 - 29                                                                               (00:00.000 / 00:09.224, 2Gb)
Sushi: warn  The name "ehealth-condition" may not be suitable for machine processing applications such as code generation. Valid names start with an upper-case ASCII letter ('A'..'Z') followed by any combination of upper- or lower-case ASCII letters ('A'..'Z', and 'a'..'z'), numerals ('0'..'9') and '_', with a length limit of 255 characters. (00:00.090 / 00:09.315, 2Gb)
Sushi:   File: /tmp/ig-builds/dk.ehealth.sundhed.fhir.ig.core#10.0.2-milestone/input/fsh/ehealth-condition.fsh (00:00.001 / 00:09.317, 2Gb)
Sushi:   Line: 1 - 17                                                                                (00:00.000 / 00:09.318, 2Gb)
Sushi: warn  The name "ehealth-code-qualification" may not be suitable for machine processing applications such as code generation. Valid names start with an upper-case ASCII letter ('A'..'Z') followed by any combination of upper- or lower-case ASCII letters ('A'..'Z', and 'a'..'z'), numerals ('0'..'9') and '_', with a length limit of 255 characters. (00:00.010 / 00:09.328, 2Gb)
Sushi:   File: /tmp/ig-builds/dk.ehealth.sundhed.fhir.ig.core#10.0.2-milestone/input/fsh/ehealth-condition.fsh (00:00.002 / 00:09.330, 2Gb)
Sushi:   Line: 19 - 24                                                                               (00:00.000 / 00:09.331, 2Gb)
Sushi: warn  The name "ehealth-consent" may not be suitable for machine processing applications such as code generation. Valid names start with an upper-case ASCII letter ('A'..'Z') followed by any combination of upper- or lower-case ASCII letters ('A'..'Z', and 'a'..'z'), numerals ('0'..'9') and '_', with a length limit of 255 characters. (00:00.120 / 00:09.452, 2Gb)
Sushi:   File: /tmp/ig-builds/dk.ehealth.sundhed.fhir.ig.core#10.0.2-milestone/input/fsh/ehealth-consent.fsh (00:00.001 / 00:09.454, 2Gb)
Sushi:   Line: 1 - 21                                                                                (00:00.000 / 00:09.455, 2Gb)
Sushi: warn  The name "ehealth-consent-affiliation" may not be suitable for machine processing applications such as code generation. Valid names start with an upper-case ASCII letter ('A'..'Z') followed by any combination of upper- or lower-case ASCII letters ('A'..'Z', and 'a'..'z'), numerals ('0'..'9') and '_', with a length limit of 255 characters. (00:00.001 / 00:09.456, 2Gb)
Sushi:   File: /tmp/ig-builds/dk.ehealth.sundhed.fhir.ig.core#10.0.2-milestone/input/fsh/ehealth-consent.fsh (00:00.002 / 00:09.458, 2Gb)
Sushi:   Line: 23 - 29                                                                               (00:00.000 / 00:09.459, 2Gb)
Sushi: warn  The name "ehealth-definedquestion" may not be suitable for machine processing applications such as code generation. Valid names start with an upper-case ASCII letter ('A'..'Z') followed by any combination of upper- or lower-case ASCII letters ('A'..'Z', and 'a'..'z'), numerals ('0'..'9') and '_', with a length limit of 255 characters. (00:00.100 / 00:09.559, 2Gb)
Sushi:   File: /tmp/ig-builds/dk.ehealth.sundhed.fhir.ig.core#10.0.2-milestone/input/fsh/ehealth-definedquestion.fsh (00:00.001 / 00:09.561, 2Gb)
Sushi:   Line: 1 - 3                                                                                 (00:00.000 / 00:09.562, 2Gb)
Sushi: warn  The name "ehealth-device" may not be suitable for machine processing applications such as code generation. Valid names start with an upper-case ASCII letter ('A'..'Z') followed by any combination of upper- or lower-case ASCII letters ('A'..'Z', and 'a'..'z'), numerals ('0'..'9') and '_', with a length limit of 255 characters. (00:00.008 / 00:09.570, 2Gb)
Sushi:   File: /tmp/ig-builds/dk.ehealth.sundhed.fhir.ig.core#10.0.2-milestone/input/fsh/ehealth-device.fsh (00:00.001 / 00:09.572, 2Gb)
Sushi:   Line: 1 - 14                                                                                (00:00.000 / 00:09.573, 2Gb)
Sushi: warn  The name "ehealth-device-privatelyOwned" may not be suitable for machine processing applications such as code generation. Valid names start with an upper-case ASCII letter ('A'..'Z') followed by any combination of upper- or lower-case ASCII letters ('A'..'Z', and 'a'..'z'), numerals ('0'..'9') and '_', with a length limit of 255 characters. (00:00.000 / 00:09.573, 2Gb)
Sushi:   File: /tmp/ig-builds/dk.ehealth.sundhed.fhir.ig.core#10.0.2-milestone/input/fsh/ehealth-device.fsh (00:00.002 / 00:09.575, 2Gb)
Sushi:   Line: 16 - 20                                                                               (00:00.000 / 00:09.576, 2Gb)
Sushi: warn  The name "ehealth-device-suppliers" may not be suitable for machine processing applications such as code generation. Valid names start with an upper-case ASCII letter ('A'..'Z') followed by any combination of upper- or lower-case ASCII letters ('A'..'Z', and 'a'..'z'), numerals ('0'..'9') and '_', with a length limit of 255 characters. (00:00.018 / 00:09.595, 2Gb)
Sushi:   File: /tmp/ig-builds/dk.ehealth.sundhed.fhir.ig.core#10.0.2-milestone/input/fsh/ehealth-device.fsh (00:00.002 / 00:09.597, 2Gb)
Sushi:   Line: 22 - 32                                                                               (00:00.000 / 00:09.598, 2Gb)
Sushi: warn  The name "ehealth-device-registrationToken" may not be suitable for machine processing applications such as code generation. Valid names start with an upper-case ASCII letter ('A'..'Z') followed by any combination of upper- or lower-case ASCII letters ('A'..'Z', and 'a'..'z'), numerals ('0'..'9') and '_', with a length limit of 255 characters. (00:00.067 / 00:09.666, 2Gb)
Sushi:   File: /tmp/ig-builds/dk.ehealth.sundhed.fhir.ig.core#10.0.2-milestone/input/fsh/ehealth-device.fsh (00:00.001 / 00:09.667, 2Gb)
Sushi:   Line: 34 - 38                                                                               (00:00.000 / 00:09.668, 2Gb)
Sushi: warn  The name "ehealth-device-platform" may not be suitable for machine processing applications such as code generation. Valid names start with an upper-case ASCII letter ('A'..'Z') followed by any combination of upper- or lower-case ASCII letters ('A'..'Z', and 'a'..'z'), numerals ('0'..'9') and '_', with a length limit of 255 characters. (00:00.032 / 00:09.701, 2Gb)
Sushi:   File: /tmp/ig-builds/dk.ehealth.sundhed.fhir.ig.core#10.0.2-milestone/input/fsh/ehealth-device.fsh (00:00.001 / 00:09.702, 2Gb)
Sushi:   Line: 40 - 45                                                                               (00:00.000 / 00:09.703, 2Gb)
Sushi: warn  The name "ehealth-devicemetric" may not be suitable for machine processing applications such as code generation. Valid names start with an upper-case ASCII letter ('A'..'Z') followed by any combination of upper- or lower-case ASCII letters ('A'..'Z', and 'a'..'z'), numerals ('0'..'9') and '_', with a length limit of 255 characters. (00:00.055 / 00:09.758, 2Gb)
Sushi:   File: /tmp/ig-builds/dk.ehealth.sundhed.fhir.ig.core#10.0.2-milestone/input/fsh/ehealth-devicemetric.fsh (00:00.001 / 00:09.760, 2Gb)
Sushi:   Line: 1 - 14                                                                                (00:00.000 / 00:09.760, 2Gb)
Sushi: warn  The name "ehealth-devicemetric-properties" may not be suitable for machine processing applications such as code generation. Valid names start with an upper-case ASCII letter ('A'..'Z') followed by any combination of upper- or lower-case ASCII letters ('A'..'Z', and 'a'..'z'), numerals ('0'..'9') and '_', with a length limit of 255 characters. (00:00.000 / 00:09.761, 2Gb)
Sushi:   File: /tmp/ig-builds/dk.ehealth.sundhed.fhir.ig.core#10.0.2-milestone/input/fsh/ehealth-devicemetric.fsh (00:00.001 / 00:09.763, 2Gb)
Sushi:   Line: 16 - 26                                                                               (00:00.000 / 00:09.763, 2Gb)
Sushi: warn  The name "ehealth-devicemetric-qualities" may not be suitable for machine processing applications such as code generation. Valid names start with an upper-case ASCII letter ('A'..'Z') followed by any combination of upper- or lower-case ASCII letters ('A'..'Z', and 'a'..'z'), numerals ('0'..'9') and '_', with a length limit of 255 characters. (00:00.264 / 00:10.028, 2Gb)
Sushi:   File: /tmp/ig-builds/dk.ehealth.sundhed.fhir.ig.core#10.0.2-milestone/input/fsh/ehealth-devicemetric.fsh (00:00.001 / 00:10.030, 2Gb)
Sushi:   Line: 28 - 38                                                                               (00:00.000 / 00:10.030, 2Gb)
Sushi: warn  The name "ehealth-devicemetric-qualityHistory" may not be suitable for machine processing applications such as code generation. Valid names start with an upper-case ASCII letter ('A'..'Z') followed by any combination of upper- or lower-case ASCII letters ('A'..'Z', and 'a'..'z'), numerals ('0'..'9') and '_', with a length limit of 255 characters. (00:00.106 / 00:10.137, 2Gb)
Sushi:   File: /tmp/ig-builds/dk.ehealth.sundhed.fhir.ig.core#10.0.2-milestone/input/fsh/ehealth-devicemetric.fsh (00:00.002 / 00:10.139, 2Gb)
Sushi:   Line: 40 - 53                                                                               (00:00.001 / 00:10.141, 2Gb)
Sushi: warn  The name "ehealth-devicemetric-templateQualities" may not be suitable for machine processing applications such as code generation. Valid names start with an upper-case ASCII letter ('A'..'Z') followed by any combination of upper- or lower-case ASCII letters ('A'..'Z', and 'a'..'z'), numerals ('0'..'9') and '_', with a length limit of 255 characters. (00:00.170 / 00:10.311, 2Gb)
Sushi:   File: /tmp/ig-builds/dk.ehealth.sundhed.fhir.ig.core#10.0.2-milestone/input/fsh/ehealth-devicemetric.fsh (00:00.001 / 00:10.313, 2Gb)
Sushi:   Line: 55 - 64                                                                               (00:00.000 / 00:10.314, 2Gb)
Sushi: warn  The name "ehealth-devicemetric-calibrationExpires" may not be suitable for machine processing applications such as code generation. Valid names start with an upper-case ASCII letter ('A'..'Z') followed by any combination of upper- or lower-case ASCII letters ('A'..'Z', and 'a'..'z'), numerals ('0'..'9') and '_', with a length limit of 255 characters. (00:00.115 / 00:10.430, 2Gb)
Sushi:   File: /tmp/ig-builds/dk.ehealth.sundhed.fhir.ig.core#10.0.2-milestone/input/fsh/ehealth-devicemetric.fsh (00:00.001 / 00:10.431, 2Gb)
Sushi:   Line: 66 - 70                                                                               (00:00.000 / 00:10.432, 2Gb)
Sushi: warn  The name "ehealth-deviceusestatement" may not be suitable for machine processing applications such as code generation. Valid names start with an upper-case ASCII letter ('A'..'Z') followed by any combination of upper- or lower-case ASCII letters ('A'..'Z', and 'a'..'z'), numerals ('0'..'9') and '_', with a length limit of 255 characters. (00:00.030 / 00:10.462, 2Gb)
Sushi:   File: /tmp/ig-builds/dk.ehealth.sundhed.fhir.ig.core#10.0.2-milestone/input/fsh/ehealth-deviceusestatement.fsh (00:00.001 / 00:10.464, 2Gb)
Sushi:   Line: 1 - 13                                                                                (00:00.000 / 00:10.465, 2Gb)
Sushi: warn  The name "ehealth-deviceusestatement-context" may not be suitable for machine processing applications such as code generation. Valid names start with an upper-case ASCII letter ('A'..'Z') followed by any combination of upper- or lower-case ASCII letters ('A'..'Z', and 'a'..'z'), numerals ('0'..'9') and '_', with a length limit of 255 characters. (00:00.000 / 00:10.465, 2Gb)
Sushi:   File: /tmp/ig-builds/dk.ehealth.sundhed.fhir.ig.core#10.0.2-milestone/input/fsh/ehealth-deviceusestatement.fsh (00:00.001 / 00:10.467, 2Gb)
Sushi:   Line: 15 - 21                                                                               (00:00.000 / 00:10.468, 2Gb)
Sushi: warn  The name "ehealth-documentreference" may not be suitable for machine processing applications such as code generation. Valid names start with an upper-case ASCII letter ('A'..'Z') followed by any combination of upper- or lower-case ASCII letters ('A'..'Z', and 'a'..'z'), numerals ('0'..'9') and '_', with a length limit of 255 characters. (00:00.079 / 00:10.548, 2Gb)
Sushi:   File: /tmp/ig-builds/dk.ehealth.sundhed.fhir.ig.core#10.0.2-milestone/input/fsh/ehealth-documentreference.fsh (00:00.001 / 00:10.549, 2Gb)
Sushi:   Line: 1 - 30                                                                                (00:00.000 / 00:10.550, 2Gb)
Sushi: warn  The name "ehealth-intendedOrganization" may not be suitable for machine processing applications such as code generation. Valid names start with an upper-case ASCII letter ('A'..'Z') followed by any combination of upper- or lower-case ASCII letters ('A'..'Z', and 'a'..'z'), numerals ('0'..'9') and '_', with a length limit of 255 characters. (00:00.073 / 00:10.623, 2Gb)
Sushi:   File: /tmp/ig-builds/dk.ehealth.sundhed.fhir.ig.core#10.0.2-milestone/input/fsh/ehealth-ext-intendedOrganization.fsh (00:00.001 / 00:10.625, 2Gb)
Sushi:   Line: 1 - 7                                                                                 (00:00.000 / 00:10.626, 2Gb)
Sushi: warn  The name "ehealth-artifact-date" may not be suitable for machine processing applications such as code generation. Valid names start with an upper-case ASCII letter ('A'..'Z') followed by any combination of upper- or lower-case ASCII letters ('A'..'Z', and 'a'..'z'), numerals ('0'..'9') and '_', with a length limit of 255 characters. (00:00.026 / 00:10.653, 2Gb)
Sushi:   File: /tmp/ig-builds/dk.ehealth.sundhed.fhir.ig.core#10.0.2-milestone/input/fsh/ehealth-ext-artifact-date.fsh (00:00.001 / 00:10.654, 2Gb)
Sushi:   Line: 1 - 6                                                                                 (00:00.000 / 00:10.655, 2Gb)
Sushi: warn  The name "ehealth-usage" may not be suitable for machine processing applications such as code generation. Valid names start with an upper-case ASCII letter ('A'..'Z') followed by any combination of upper- or lower-case ASCII letters ('A'..'Z', and 'a'..'z'), numerals ('0'..'9') and '_', with a length limit of 255 characters. (00:00.031 / 00:10.686, 2Gb)
Sushi:   File: /tmp/ig-builds/dk.ehealth.sundhed.fhir.ig.core#10.0.2-milestone/input/fsh/ehealth-ext-usage.fsh (00:00.001 / 00:10.688, 2Gb)
Sushi:   Line: 1 - 5                                                                                 (00:00.000 / 00:10.689, 2Gb)
Sushi: warn  The name "ehealth-endpoint" may not be suitable for machine processing applications such as code generation. Valid names start with an upper-case ASCII letter ('A'..'Z') followed by any combination of upper- or lower-case ASCII letters ('A'..'Z', and 'a'..'z'), numerals ('0'..'9') and '_', with a length limit of 255 characters. (00:00.052 / 00:10.741, 2Gb)
Sushi:   File: /tmp/ig-builds/dk.ehealth.sundhed.fhir.ig.core#10.0.2-milestone/input/fsh/ehealth-endpoint.fsh (00:00.001 / 00:10.742, 2Gb)
Sushi:   Line: 1 - 7                                                                                 (00:00.000 / 00:10.743, 2Gb)
Sushi: warn  The name "ehealth-episodeofcare" may not be suitable for machine processing applications such as code generation. Valid names start with an upper-case ASCII letter ('A'..'Z') followed by any combination of upper- or lower-case ASCII letters ('A'..'Z', and 'a'..'z'), numerals ('0'..'9') and '_', with a length limit of 255 characters. (00:00.006 / 00:10.749, 2Gb)
Sushi:   File: /tmp/ig-builds/dk.ehealth.sundhed.fhir.ig.core#10.0.2-milestone/input/fsh/ehealth-episodeofcare.fsh (00:00.001 / 00:10.751, 2Gb)
Sushi:   Line: 1 - 23                                                                                (00:00.000 / 00:10.752, 2Gb)
Sushi: warn  The name "ehealth-episodeofcare-caremanagerOrganization" may not be suitable for machine processing applications such as code generation. Valid names start with an upper-case ASCII letter ('A'..'Z') followed by any combination of upper- or lower-case ASCII letters ('A'..'Z', and 'a'..'z'), numerals ('0'..'9') and '_', with a length limit of 255 characters. (00:00.000 / 00:10.752, 2Gb)
Sushi:   File: /tmp/ig-builds/dk.ehealth.sundhed.fhir.ig.core#10.0.2-milestone/input/fsh/ehealth-episodeofcare.fsh (00:00.001 / 00:10.754, 2Gb)
Sushi:   Line: 25 - 31                                                                               (00:00.000 / 00:10.754, 2Gb)
Sushi: warn  The name "ehealth-episodeofcare-statusschedule" may not be suitable for machine processing applications such as code generation. Valid names start with an upper-case ASCII letter ('A'..'Z') followed by any combination of upper- or lower-case ASCII letters ('A'..'Z', and 'a'..'z'), numerals ('0'..'9') and '_', with a length limit of 255 characters. (00:00.027 / 00:10.782, 2Gb)
Sushi:   File: /tmp/ig-builds/dk.ehealth.sundhed.fhir.ig.core#10.0.2-milestone/input/fsh/ehealth-episodeofcare.fsh (00:00.001 / 00:10.784, 2Gb)
Sushi:   Line: 33 - 43                                                                               (00:00.000 / 00:10.784, 2Gb)
Sushi: warn  The name "ehealth-managing-organization" may not be suitable for machine processing applications such as code generation. Valid names start with an upper-case ASCII letter ('A'..'Z') followed by any combination of upper- or lower-case ASCII letters ('A'..'Z', and 'a'..'z'), numerals ('0'..'9') and '_', with a length limit of 255 characters. (00:00.047 / 00:10.831, 2Gb)
Sushi:   File: /tmp/ig-builds/dk.ehealth.sundhed.fhir.ig.core#10.0.2-milestone/input/fsh/ehealth-episodeofcare.fsh (00:00.001 / 00:10.833, 2Gb)
Sushi:   Line: 45 - 59                                                                               (00:00.000 / 00:10.834, 2Gb)
Sushi: warn  The name "ehealth-goal" may not be suitable for machine processing applications such as code generation. Valid names start with an upper-case ASCII letter ('A'..'Z') followed by any combination of upper- or lower-case ASCII letters ('A'..'Z', and 'a'..'z'), numerals ('0'..'9') and '_', with a length limit of 255 characters. (00:00.125 / 00:10.959, 2Gb)
Sushi:   File: /tmp/ig-builds/dk.ehealth.sundhed.fhir.ig.core#10.0.2-milestone/input/fsh/ehealth-goal.fsh (00:00.001 / 00:10.961, 2Gb)
Sushi:   Line: 1 - 13                                                                                (00:00.000 / 00:10.961, 2Gb)
Sushi: warn  The name "ehealth-group-appointment" may not be suitable for machine processing applications such as code generation. Valid names start with an upper-case ASCII letter ('A'..'Z') followed by any combination of upper- or lower-case ASCII letters ('A'..'Z', and 'a'..'z'), numerals ('0'..'9') and '_', with a length limit of 255 characters. (00:00.063 / 00:11.025, 2Gb)
Sushi:   File: /tmp/ig-builds/dk.ehealth.sundhed.fhir.ig.core#10.0.2-milestone/input/fsh/ehealth-group-appointment.fsh (00:00.001 / 00:11.026, 2Gb)
Sushi:   Line: 1 - 34                                                                                (00:00.000 / 00:11.027, 2Gb)
Sushi: warn  The name "ehealth-creator" may not be suitable for machine processing applications such as code generation. Valid names start with an upper-case ASCII letter ('A'..'Z') followed by any combination of upper- or lower-case ASCII letters ('A'..'Z', and 'a'..'z'), numerals ('0'..'9') and '_', with a length limit of 255 characters. (00:00.006 / 00:11.034, 2Gb)
Sushi:   File: /tmp/ig-builds/dk.ehealth.sundhed.fhir.ig.core#10.0.2-milestone/input/fsh/ehealth-ext-creator.fsh (00:00.001 / 00:11.035, 2Gb)
Sushi:   Line: 1 - 6                                                                                 (00:00.000 / 00:11.036, 2Gb)
Sushi: warn  The name "ehealth-registration-deadline" may not be suitable for machine processing applications such as code generation. Valid names start with an upper-case ASCII letter ('A'..'Z') followed by any combination of upper- or lower-case ASCII letters ('A'..'Z', and 'a'..'z'), numerals ('0'..'9') and '_', with a length limit of 255 characters. (00:00.026 / 00:11.062, 2Gb)
Sushi:   File: /tmp/ig-builds/dk.ehealth.sundhed.fhir.ig.core#10.0.2-milestone/input/fsh/ehealth-ext-registration-deadline.fsh (00:00.001 / 00:11.064, 2Gb)
Sushi:   Line: 1 - 5                                                                                 (00:00.000 / 00:11.064, 2Gb)
Sushi: warn  The name "ehealth-assigning-careteam" may not be suitable for machine processing applications such as code generation. Valid names start with an upper-case ASCII letter ('A'..'Z') followed by any combination of upper- or lower-case ASCII letters ('A'..'Z', and 'a'..'z'), numerals ('0'..'9') and '_', with a length limit of 255 characters. (00:00.054 / 00:11.119, 2Gb)
Sushi:   File: /tmp/ig-builds/dk.ehealth.sundhed.fhir.ig.core#10.0.2-milestone/input/fsh/ehealth-ext-assigning-careteam.fsh (00:00.001 / 00:11.121, 2Gb)
Sushi:   Line: 1 - 5                                                                                 (00:00.000 / 00:11.121, 2Gb)
Sushi: warn  The name "ehealth-group-videoappointment" may not be suitable for machine processing applications such as code generation. Valid names start with an upper-case ASCII letter ('A'..'Z') followed by any combination of upper- or lower-case ASCII letters ('A'..'Z', and 'a'..'z'), numerals ('0'..'9') and '_', with a length limit of 255 characters. (00:00.048 / 00:11.170, 2Gb)
Sushi:   File: /tmp/ig-builds/dk.ehealth.sundhed.fhir.ig.core#10.0.2-milestone/input/fsh/ehealth-group-videoappointment.fsh (00:00.001 / 00:11.172, 2Gb)
Sushi:   Line: 1 - 43                                                                                (00:00.000 / 00:11.173, 2Gb)
Sushi: warn  The name "ehealth-end-meeting-on-end-time" may not be suitable for machine processing applications such as code generation. Valid names start with an upper-case ASCII letter ('A'..'Z') followed by any combination of upper- or lower-case ASCII letters ('A'..'Z', and 'a'..'z'), numerals ('0'..'9') and '_', with a length limit of 255 characters. (00:00.000 / 00:11.173, 2Gb)
Sushi:   File: /tmp/ig-builds/dk.ehealth.sundhed.fhir.ig.core#10.0.2-milestone/input/fsh/ehealth-ext-end-meeting-on-end-time.fsh (00:00.001 / 00:11.175, 2Gb)
Sushi:   Line: 1 - 5                                                                                 (00:00.000 / 00:11.175, 2Gb)
Sushi: warn  The name "ehealth-max-participants" may not be suitable for machine processing applications such as code generation. Valid names start with an upper-case ASCII letter ('A'..'Z') followed by any combination of upper- or lower-case ASCII letters ('A'..'Z', and 'a'..'z'), numerals ('0'..'9') and '_', with a length limit of 255 characters. (00:00.022 / 00:11.198, 2Gb)
Sushi:   File: /tmp/ig-builds/dk.ehealth.sundhed.fhir.ig.core#10.0.2-milestone/input/fsh/ehealth-ext-max-participants.fsh (00:00.001 / 00:11.199, 2Gb)
Sushi:   Line: 1 - 5                                                                                 (00:00.000 / 00:11.200, 2Gb)
Sushi: warn  The name "ehealth-meeting-url" may not be suitable for machine processing applications such as code generation. Valid names start with an upper-case ASCII letter ('A'..'Z') followed by any combination of upper- or lower-case ASCII letters ('A'..'Z', and 'a'..'z'), numerals ('0'..'9') and '_', with a length limit of 255 characters. (00:00.028 / 00:11.228, 2Gb)
Sushi:   File: /tmp/ig-builds/dk.ehealth.sundhed.fhir.ig.core#10.0.2-milestone/input/fsh/ehealth-ext-meeting-url.fsh (00:00.001 / 00:11.230, 2Gb)
Sushi:   Line: 1 - 5                                                                                 (00:00.000 / 00:11.231, 2Gb)
Sushi: warn  The name "ehealth-vmr-uri" may not be suitable for machine processing applications such as code generation. Valid names start with an upper-case ASCII letter ('A'..'Z') followed by any combination of upper- or lower-case ASCII letters ('A'..'Z', and 'a'..'z'), numerals ('0'..'9') and '_', with a length limit of 255 characters. (00:00.036 / 00:11.267, 2Gb)
Sushi:   File: /tmp/ig-builds/dk.ehealth.sundhed.fhir.ig.core#10.0.2-milestone/input/fsh/ehealth-ext-vmr-uri.fsh (00:00.001 / 00:11.269, 2Gb)
Sushi:   Line: 1 - 5                                                                                 (00:00.000 / 00:11.269, 2Gb)
Sushi: warn  The name "ehealth-guest-pin-code" may not be suitable for machine processing applications such as code generation. Valid names start with an upper-case ASCII letter ('A'..'Z') followed by any combination of upper- or lower-case ASCII letters ('A'..'Z', and 'a'..'z'), numerals ('0'..'9') and '_', with a length limit of 255 characters. (00:00.035 / 00:11.305, 2Gb)
Sushi:   File: /tmp/ig-builds/dk.ehealth.sundhed.fhir.ig.core#10.0.2-milestone/input/fsh/ehealth-ext-guest-pin-code.fsh (00:00.001 / 00:11.307, 2Gb)
Sushi:   Line: 1 - 5                                                                                 (00:00.000 / 00:11.308, 2Gb)
Sushi: warn  The name "ehealth-host-pin-code" may not be suitable for machine processing applications such as code generation. Valid names start with an upper-case ASCII letter ('A'..'Z') followed by any combination of upper- or lower-case ASCII letters ('A'..'Z', and 'a'..'z'), numerals ('0'..'9') and '_', with a length limit of 255 characters. (00:00.032 / 00:11.340, 2Gb)
Sushi:   File: /tmp/ig-builds/dk.ehealth.sundhed.fhir.ig.core#10.0.2-milestone/input/fsh/ehealth-ext-host-pin-code.fsh (00:00.001 / 00:11.342, 2Gb)
Sushi:   Line: 1 - 5                                                                                 (00:00.000 / 00:11.343, 2Gb)
Sushi: warn  The name "ehealth-guidanceresponse" may not be suitable for machine processing applications such as code generation. Valid names start with an upper-case ASCII letter ('A'..'Z') followed by any combination of upper- or lower-case ASCII letters ('A'..'Z', and 'a'..'z'), numerals ('0'..'9') and '_', with a length limit of 255 characters. (00:00.151 / 00:11.495, 2Gb)
Sushi:   File: /tmp/ig-builds/dk.ehealth.sundhed.fhir.ig.core#10.0.2-milestone/input/fsh/ehealth-guidanceresponse.fsh (00:00.001 / 00:11.497, 2Gb)
Sushi:   Line: 1 - 15                                                                                (00:00.000 / 00:11.497, 2Gb)
Sushi: warn  The name "ehealth-guidanceresponse-episodeOfCare" may not be suitable for machine processing applications such as code generation. Valid names start with an upper-case ASCII letter ('A'..'Z') followed by any combination of upper- or lower-case ASCII letters ('A'..'Z', and 'a'..'z'), numerals ('0'..'9') and '_', with a length limit of 255 characters. (00:00.000 / 00:11.498, 2Gb)
Sushi:   File: /tmp/ig-builds/dk.ehealth.sundhed.fhir.ig.core#10.0.2-milestone/input/fsh/ehealth-guidanceresponse.fsh (00:00.001 / 00:11.499, 2Gb)
Sushi:   Line: 17 - 22                                                                               (00:00.000 / 00:11.500, 2Gb)
Sushi: warn  The name "ehealth-library" may not be suitable for machine processing applications such as code generation. Valid names start with an upper-case ASCII letter ('A'..'Z') followed by any combination of upper- or lower-case ASCII letters ('A'..'Z', and 'a'..'z'), numerals ('0'..'9') and '_', with a length limit of 255 characters. (00:00.086 / 00:11.586, 2Gb)
Sushi:   File: /tmp/ig-builds/dk.ehealth.sundhed.fhir.ig.core#10.0.2-milestone/input/fsh/ehealth-library.fsh (00:00.001 / 00:11.588, 2Gb)
Sushi:   Line: 1 - 12                                                                                (00:00.000 / 00:11.589, 2Gb)
Sushi: warn  The name "ehealth-revision" may not be suitable for machine processing applications such as code generation. Valid names start with an upper-case ASCII letter ('A'..'Z') followed by any combination of upper- or lower-case ASCII letters ('A'..'Z', and 'a'..'z'), numerals ('0'..'9') and '_', with a length limit of 255 characters. (00:00.001 / 00:11.591, 2Gb)
Sushi:   File: /tmp/ig-builds/dk.ehealth.sundhed.fhir.ig.core#10.0.2-milestone/input/fsh/ehealth-ext-revision.fsh (00:00.001 / 00:11.592, 2Gb)
Sushi:   Line: 1 - 6                                                                                 (00:00.000 / 00:11.593, 2Gb)
Sushi: warn  The name "ehealth-aggregation-mode" may not be suitable for machine processing applications such as code generation. Valid names start with an upper-case ASCII letter ('A'..'Z') followed by any combination of upper- or lower-case ASCII letters ('A'..'Z', and 'a'..'z'), numerals ('0'..'9') and '_', with a length limit of 255 characters. (00:00.036 / 00:11.630, 2Gb)
Sushi:   File: /tmp/ig-builds/dk.ehealth.sundhed.fhir.ig.core#10.0.2-milestone/input/fsh/ehealth-ext-aggregation-mode.fsh (00:00.001 / 00:11.631, 2Gb)
Sushi:   Line: 1 - 7                                                                                 (00:00.000 / 00:11.632, 2Gb)
Sushi: warn  The name "ehealth-material-communication" may not be suitable for machine processing applications such as code generation. Valid names start with an upper-case ASCII letter ('A'..'Z') followed by any combination of upper- or lower-case ASCII letters ('A'..'Z', and 'a'..'z'), numerals ('0'..'9') and '_', with a length limit of 255 characters. (00:00.058 / 00:11.691, 2Gb)
Sushi:   File: /tmp/ig-builds/dk.ehealth.sundhed.fhir.ig.core#10.0.2-milestone/input/fsh/ehealth-material-communication.fsh (00:00.001 / 00:11.693, 2Gb)
Sushi:   Line: 1 - 21                                                                                (00:00.000 / 00:11.694, 2Gb)
Sushi: warn  The name "ehealth-period" may not be suitable for machine processing applications such as code generation. Valid names start with an upper-case ASCII letter ('A'..'Z') followed by any combination of upper- or lower-case ASCII letters ('A'..'Z', and 'a'..'z'), numerals ('0'..'9') and '_', with a length limit of 255 characters. (00:00.032 / 00:11.726, 2Gb)
Sushi:   File: /tmp/ig-builds/dk.ehealth.sundhed.fhir.ig.core#10.0.2-milestone/input/fsh/ehealth-ext-period.fsh (00:00.001 / 00:11.727, 2Gb)
Sushi:   Line: 1 - 6                                                                                 (00:00.000 / 00:11.728, 2Gb)
Sushi: warn  The name "ehealth-media" may not be suitable for machine processing applications such as code generation. Valid names start with an upper-case ASCII letter ('A'..'Z') followed by any combination of upper- or lower-case ASCII letters ('A'..'Z', and 'a'..'z'), numerals ('0'..'9') and '_', with a length limit of 255 characters. (00:00.087 / 00:11.815, 2Gb)
Sushi:   File: /tmp/ig-builds/dk.ehealth.sundhed.fhir.ig.core#10.0.2-milestone/input/fsh/ehealth-media.fsh (00:00.001 / 00:11.817, 2Gb)
Sushi:   Line: 1 - 33                                                                                (00:00.000 / 00:11.818, 2Gb)
Sushi: warn  The name "ehealth-resolved-timing" may not be suitable for machine processing applications such as code generation. Valid names start with an upper-case ASCII letter ('A'..'Z') followed by any combination of upper- or lower-case ASCII letters ('A'..'Z', and 'a'..'z'), numerals ('0'..'9') and '_', with a length limit of 255 characters. (00:00.013 / 00:11.831, 2Gb)
Sushi:   File: /tmp/ig-builds/dk.ehealth.sundhed.fhir.ig.core#10.0.2-milestone/input/fsh/ehealth-ext-resolved-timing.fsh (00:00.001 / 00:11.832, 2Gb)
Sushi:   Line: 1 - 18                                                                                (00:00.000 / 00:11.833, 2Gb)
Sushi: warn  The name "ehealth-media-thumbnail" may not be suitable for machine processing applications such as code generation. Valid names start with an upper-case ASCII letter ('A'..'Z') followed by any combination of upper- or lower-case ASCII letters ('A'..'Z', and 'a'..'z'), numerals ('0'..'9') and '_', with a length limit of 255 characters. (00:00.094 / 00:11.928, 2Gb)
Sushi:   File: /tmp/ig-builds/dk.ehealth.sundhed.fhir.ig.core#10.0.2-milestone/input/fsh/ehealth-media.fsh (00:00.001 / 00:11.929, 2Gb)
Sushi:   Line: 55 - 76                                                                               (00:00.000 / 00:11.930, 2Gb)
Sushi: warn  The name "ehealth-media-usage-mode" may not be suitable for machine processing applications such as code generation. Valid names start with an upper-case ASCII letter ('A'..'Z') followed by any combination of upper- or lower-case ASCII letters ('A'..'Z', and 'a'..'z'), numerals ('0'..'9') and '_', with a length limit of 255 characters. (00:00.174 / 00:12.105, 2Gb)
Sushi:   File: /tmp/ig-builds/dk.ehealth.sundhed.fhir.ig.core#10.0.2-milestone/input/fsh/ehealth-media.fsh (00:00.001 / 00:12.107, 2Gb)
Sushi:   Line: 35 - 40                                                                               (00:00.000 / 00:12.107, 2Gb)
Sushi: warn  The name "ehealth-media-related-to" may not be suitable for machine processing applications such as code generation. Valid names start with an upper-case ASCII letter ('A'..'Z') followed by any combination of upper- or lower-case ASCII letters ('A'..'Z', and 'a'..'z'), numerals ('0'..'9') and '_', with a length limit of 255 characters. (00:00.014 / 00:12.122, 2Gb)
Sushi:   File: /tmp/ig-builds/dk.ehealth.sundhed.fhir.ig.core#10.0.2-milestone/input/fsh/ehealth-media.fsh (00:00.001 / 00:12.123, 2Gb)
Sushi:   Line: 42 - 47                                                                               (00:00.000 / 00:12.124, 2Gb)
Sushi: warn  The name "ehealth-media-series-id" may not be suitable for machine processing applications such as code generation. Valid names start with an upper-case ASCII letter ('A'..'Z') followed by any combination of upper- or lower-case ASCII letters ('A'..'Z', and 'a'..'z'), numerals ('0'..'9') and '_', with a length limit of 255 characters. (00:00.015 / 00:12.140, 2Gb)
Sushi:   File: /tmp/ig-builds/dk.ehealth.sundhed.fhir.ig.core#10.0.2-milestone/input/fsh/ehealth-media.fsh (00:00.001 / 00:12.141, 2Gb)
Sushi:   Line: 49 - 53                                                                               (00:00.000 / 00:12.142, 2Gb)
Sushi: warn  The name "ehealth-message" may not be suitable for machine processing applications such as code generation. Valid names start with an upper-case ASCII letter ('A'..'Z') followed by any combination of upper- or lower-case ASCII letters ('A'..'Z', and 'a'..'z'), numerals ('0'..'9') and '_', with a length limit of 255 characters. (00:00.112 / 00:12.255, 2Gb)
Sushi:   File: /tmp/ig-builds/dk.ehealth.sundhed.fhir.ig.core#10.0.2-milestone/input/fsh/ehealth-message.fsh (00:00.001 / 00:12.256, 2Gb)
Sushi:   Line: 1 - 59                                                                                (00:00.000 / 00:12.257, 2Gb)
Sushi: warn  The name "ehealth-thread-id" may not be suitable for machine processing applications such as code generation. Valid names start with an upper-case ASCII letter ('A'..'Z') followed by any combination of upper- or lower-case ASCII letters ('A'..'Z', and 'a'..'z'), numerals ('0'..'9') and '_', with a length limit of 255 characters. (00:00.014 / 00:12.271, 2Gb)
Sushi:   File: /tmp/ig-builds/dk.ehealth.sundhed.fhir.ig.core#10.0.2-milestone/input/fsh/ehealth-message.fsh (00:00.001 / 00:12.273, 2Gb)
Sushi:   Line: 61 - 65                                                                               (00:00.000 / 00:12.274, 2Gb)
Sushi: warn  The name "ehealth-title" may not be suitable for machine processing applications such as code generation. Valid names start with an upper-case ASCII letter ('A'..'Z') followed by any combination of upper- or lower-case ASCII letters ('A'..'Z', and 'a'..'z'), numerals ('0'..'9') and '_', with a length limit of 255 characters. (00:00.035 / 00:12.309, 2Gb)
Sushi:   File: /tmp/ig-builds/dk.ehealth.sundhed.fhir.ig.core#10.0.2-milestone/input/fsh/ehealth-message.fsh (00:00.001 / 00:12.311, 2Gb)
Sushi:   Line: 75 - 79                                                                               (00:00.000 / 00:12.312, 2Gb)
Sushi: warn  The name "ehealth-priority" may not be suitable for machine processing applications such as code generation. Valid names start with an upper-case ASCII letter ('A'..'Z') followed by any combination of upper- or lower-case ASCII letters ('A'..'Z', and 'a'..'z'), numerals ('0'..'9') and '_', with a length limit of 255 characters. (00:00.032 / 00:12.344, 2Gb)
Sushi:   File: /tmp/ig-builds/dk.ehealth.sundhed.fhir.ig.core#10.0.2-milestone/input/fsh/ehealth-message.fsh (00:00.001 / 00:12.346, 2Gb)
Sushi:   Line: 81 - 86                                                                               (00:00.000 / 00:12.347, 2Gb)
Sushi: warn  The name "ehealth-on-behalf-of" may not be suitable for machine processing applications such as code generation. Valid names start with an upper-case ASCII letter ('A'..'Z') followed by any combination of upper- or lower-case ASCII letters ('A'..'Z', and 'a'..'z'), numerals ('0'..'9') and '_', with a length limit of 255 characters. (00:00.026 / 00:12.373, 2Gb)
Sushi:   File: /tmp/ig-builds/dk.ehealth.sundhed.fhir.ig.core#10.0.2-milestone/input/fsh/ehealth-message.fsh (00:00.001 / 00:12.375, 2Gb)
Sushi:   Line: 88 - 94                                                                               (00:00.000 / 00:12.376, 2Gb)
Sushi: warn  The name "ehealth-message-author" may not be suitable for machine processing applications such as code generation. Valid names start with an upper-case ASCII letter ('A'..'Z') followed by any combination of upper- or lower-case ASCII letters ('A'..'Z', and 'a'..'z'), numerals ('0'..'9') and '_', with a length limit of 255 characters. (00:00.023 / 00:12.399, 2Gb)
Sushi:   File: /tmp/ig-builds/dk.ehealth.sundhed.fhir.ig.core#10.0.2-milestone/input/fsh/ehealth-ext-message-author.fsh (00:00.001 / 00:12.401, 2Gb)
Sushi:   Line: 1 - 7                                                                                 (00:00.000 / 00:12.402, 2Gb)
Sushi: warn  The name "ehealth-observation" may not be suitable for machine processing applications such as code generation. Valid names start with an upper-case ASCII letter ('A'..'Z') followed by any combination of upper- or lower-case ASCII letters ('A'..'Z', and 'a'..'z'), numerals ('0'..'9') and '_', with a length limit of 255 characters. (00:00.175 / 00:12.577, 2Gb)
Sushi:   File: /tmp/ig-builds/dk.ehealth.sundhed.fhir.ig.core#10.0.2-milestone/input/fsh/ehealth-observation.fsh (00:00.002 / 00:12.579, 2Gb)
Sushi:   Line: 1 - 27                                                                                (00:00.002 / 00:12.581, 2Gb)
Sushi: warn  The name "ehealth-observation-wound-dimensions" may not be suitable for machine processing applications such as code generation. Valid names start with an upper-case ASCII letter ('A'..'Z') followed by any combination of upper- or lower-case ASCII letters ('A'..'Z', and 'a'..'z'), numerals ('0'..'9') and '_', with a length limit of 255 characters. (00:00.106 / 00:12.688, 2Gb)
Sushi:   File: /tmp/ig-builds/dk.ehealth.sundhed.fhir.ig.core#10.0.2-milestone/input/fsh/ehealth-observation-wound-dimensions.fsh (00:00.001 / 00:12.689, 2Gb)
Sushi:   Line: 1 - 42                                                                                (00:00.000 / 00:12.690, 2Gb)
Sushi: warn  The name "ehealth-observation-method" may not be suitable for machine processing applications such as code generation. Valid names start with an upper-case ASCII letter ('A'..'Z') followed by any combination of upper- or lower-case ASCII letters ('A'..'Z', and 'a'..'z'), numerals ('0'..'9') and '_', with a length limit of 255 characters. (00:00.012 / 00:12.702, 2Gb)
Sushi:   File: /tmp/ig-builds/dk.ehealth.sundhed.fhir.ig.core#10.0.2-milestone/input/fsh/ehealth-observation-wound-dimensions.fsh (00:00.001 / 00:12.703, 2Gb)
Sushi:   Line: 44 - 49                                                                               (00:00.000 / 00:12.704, 2Gb)
Sushi: warn  The name "ehealth-organization" may not be suitable for machine processing applications such as code generation. Valid names start with an upper-case ASCII letter ('A'..'Z') followed by any combination of upper- or lower-case ASCII letters ('A'..'Z', and 'a'..'z'), numerals ('0'..'9') and '_', with a length limit of 255 characters. (00:00.163 / 00:12.868, 2Gb)
Sushi:   File: /tmp/ig-builds/dk.ehealth.sundhed.fhir.ig.core#10.0.2-milestone/input/fsh/ehealth-organization.fsh (00:00.001 / 00:12.870, 2Gb)
Sushi:   Line: 1 - 30                                                                                (00:00.000 / 00:12.870, 2Gb)
Sushi: warn  The name "ehealth-organization-cvrNumber" may not be suitable for machine processing applications such as code generation. Valid names start with an upper-case ASCII letter ('A'..'Z') followed by any combination of upper- or lower-case ASCII letters ('A'..'Z', and 'a'..'z'), numerals ('0'..'9') and '_', with a length limit of 255 characters. (00:00.000 / 00:12.871, 2Gb)
Sushi:   File: /tmp/ig-builds/dk.ehealth.sundhed.fhir.ig.core#10.0.2-milestone/input/fsh/ehealth-organization.fsh (00:00.001 / 00:12.873, 2Gb)
Sushi:   Line: 49 - 54                                                                               (00:00.000 / 00:12.873, 2Gb)
Sushi: warn  The name "ehealth-organization-regionCode" may not be suitable for machine processing applications such as code generation. Valid names start with an upper-case ASCII letter ('A'..'Z') followed by any combination of upper- or lower-case ASCII letters ('A'..'Z', and 'a'..'z'), numerals ('0'..'9') and '_', with a length limit of 255 characters. (00:00.032 / 00:12.906, 2Gb)
Sushi:   File: /tmp/ig-builds/dk.ehealth.sundhed.fhir.ig.core#10.0.2-milestone/input/fsh/ehealth-organization.fsh (00:00.001 / 00:12.908, 2Gb)
Sushi:   Line: 64 - 69                                                                               (00:00.000 / 00:12.909, 2Gb)
Sushi: warn  The name "ehealth-organization-municipalityCode" may not be suitable for machine processing applications such as code generation. Valid names start with an upper-case ASCII letter ('A'..'Z') followed by any combination of upper- or lower-case ASCII letters ('A'..'Z', and 'a'..'z'), numerals ('0'..'9') and '_', with a length limit of 255 characters. (00:00.032 / 00:12.941, 2Gb)
Sushi:   File: /tmp/ig-builds/dk.ehealth.sundhed.fhir.ig.core#10.0.2-milestone/input/fsh/ehealth-organization.fsh (00:00.001 / 00:12.943, 2Gb)
Sushi:   Line: 71 - 75                                                                               (00:00.000 / 00:12.943, 2Gb)
Sushi: warn  The name "ehealth-organization-source" may not be suitable for machine processing applications such as code generation. Valid names start with an upper-case ASCII letter ('A'..'Z') followed by any combination of upper- or lower-case ASCII letters ('A'..'Z', and 'a'..'z'), numerals ('0'..'9') and '_', with a length limit of 255 characters. (00:00.032 / 00:12.976, 2Gb)
Sushi:   File: /tmp/ig-builds/dk.ehealth.sundhed.fhir.ig.core#10.0.2-milestone/input/fsh/ehealth-organization.fsh (00:00.001 / 00:12.978, 2Gb)
Sushi:   Line: 84 - 90                                                                               (00:00.000 / 00:12.978, 2Gb)
Sushi: warn  The name "ehealth-organization-synchronizationStatus" may not be suitable for machine processing applications such as code generation. Valid names start with an upper-case ASCII letter ('A'..'Z') followed by any combination of upper- or lower-case ASCII letters ('A'..'Z', and 'a'..'z'), numerals ('0'..'9') and '_', with a length limit of 255 characters. (00:00.050 / 00:13.028, 2Gb)
Sushi:   File: /tmp/ig-builds/dk.ehealth.sundhed.fhir.ig.core#10.0.2-milestone/input/fsh/ehealth-organization.fsh (00:00.001 / 00:13.030, 2Gb)
Sushi:   Line: 108 - 114                                                                             (00:00.000 / 00:13.031, 2Gb)
Sushi: warn  The name "ehealth-organization-providerIdentifier" may not be suitable for machine processing applications such as code generation. Valid names start with an upper-case ASCII letter ('A'..'Z') followed by any combination of upper- or lower-case ASCII letters ('A'..'Z', and 'a'..'z'), numerals ('0'..'9') and '_', with a length limit of 255 characters. (00:00.045 / 00:13.077, 2Gb)
Sushi:   File: /tmp/ig-builds/dk.ehealth.sundhed.fhir.ig.core#10.0.2-milestone/input/fsh/ehealth-organization.fsh (00:00.001 / 00:13.078, 2Gb)
Sushi:   Line: 77 - 82                                                                               (00:00.000 / 00:13.079, 2Gb)
Sushi: warn  The name "ehealth-organization-specialty" may not be suitable for machine processing applications such as code generation. Valid names start with an upper-case ASCII letter ('A'..'Z') followed by any combination of upper- or lower-case ASCII letters ('A'..'Z', and 'a'..'z'), numerals ('0'..'9') and '_', with a length limit of 255 characters. (00:00.034 / 00:13.114, 2Gb)
Sushi:   File: /tmp/ig-builds/dk.ehealth.sundhed.fhir.ig.core#10.0.2-milestone/input/fsh/ehealth-organization.fsh (00:00.001 / 00:13.116, 2Gb)
Sushi:   Line: 116 - 131                                                                             (00:00.000 / 00:13.116, 2Gb)
Sushi: warn  The name "ehealth-organization-relatedTo" may not be suitable for machine processing applications such as code generation. Valid names start with an upper-case ASCII letter ('A'..'Z') followed by any combination of upper- or lower-case ASCII letters ('A'..'Z', and 'a'..'z'), numerals ('0'..'9') and '_', with a length limit of 255 characters. (00:00.078 / 00:13.195, 2Gb)
Sushi:   File: /tmp/ig-builds/dk.ehealth.sundhed.fhir.ig.core#10.0.2-milestone/input/fsh/ehealth-organization.fsh (00:00.001 / 00:13.197, 2Gb)
Sushi:   Line: 33 - 47                                                                               (00:00.000 / 00:13.197, 2Gb)
Sushi: warn  The name "ehealth-organization-telecomValue" may not be suitable for machine processing applications such as code generation. Valid names start with an upper-case ASCII letter ('A'..'Z') followed by any combination of upper- or lower-case ASCII letters ('A'..'Z', and 'a'..'z'), numerals ('0'..'9') and '_', with a length limit of 255 characters. (00:00.114 / 00:13.312, 2Gb)
Sushi:   File: /tmp/ig-builds/dk.ehealth.sundhed.fhir.ig.core#10.0.2-milestone/input/fsh/ehealth-organization.fsh (00:00.001 / 00:13.314, 2Gb)
Sushi:   Line: 56 - 61                                                                               (00:00.000 / 00:13.314, 2Gb)
Sushi: warn  The name "ehealth-organization-telecomSystem" may not be suitable for machine processing applications such as code generation. Valid names start with an upper-case ASCII letter ('A'..'Z') followed by any combination of upper- or lower-case ASCII letters ('A'..'Z', and 'a'..'z'), numerals ('0'..'9') and '_', with a length limit of 255 characters. (00:00.033 / 00:13.348, 2Gb)
Sushi:   File: /tmp/ig-builds/dk.ehealth.sundhed.fhir.ig.core#10.0.2-milestone/input/fsh/ehealth-organization.fsh (00:00.001 / 00:13.349, 2Gb)
Sushi:   Line: 92 - 98                                                                               (00:00.000 / 00:13.350, 2Gb)
Sushi: warn  The name "ehealth-organization-telecomCustodian" may not be suitable for machine processing applications such as code generation. Valid names start with an upper-case ASCII letter ('A'..'Z') followed by any combination of upper- or lower-case ASCII letters ('A'..'Z', and 'a'..'z'), numerals ('0'..'9') and '_', with a length limit of 255 characters. (00:00.046 / 00:13.397, 2Gb)
Sushi:   File: /tmp/ig-builds/dk.ehealth.sundhed.fhir.ig.core#10.0.2-milestone/input/fsh/ehealth-organization.fsh (00:00.001 / 00:13.398, 2Gb)
Sushi:   Line: 100 - 106                                                                             (00:00.000 / 00:13.399, 2Gb)
Sushi: warn  The name "ehealth-patient" may not be suitable for machine processing applications such as code generation. Valid names start with an upper-case ASCII letter ('A'..'Z') followed by any combination of upper- or lower-case ASCII letters ('A'..'Z', and 'a'..'z'), numerals ('0'..'9') and '_', with a length limit of 255 characters. (00:00.072 / 00:13.471, 2Gb)
Sushi:   File: /tmp/ig-builds/dk.ehealth.sundhed.fhir.ig.core#10.0.2-milestone/input/fsh/ehealth-patient.fsh (00:00.001 / 00:13.473, 2Gb)
Sushi:   Line: 1 - 52                                                                                (00:00.001 / 00:13.474, 2Gb)
Sushi: warn  The name "ehealth-itcompetencelevel" may not be suitable for machine processing applications such as code generation. Valid names start with an upper-case ASCII letter ('A'..'Z') followed by any combination of upper- or lower-case ASCII letters ('A'..'Z', and 'a'..'z'), numerals ('0'..'9') and '_', with a length limit of 255 characters. (00:00.000 / 00:13.475, 2Gb)
Sushi:   File: /tmp/ig-builds/dk.ehealth.sundhed.fhir.ig.core#10.0.2-milestone/input/fsh/ehealth-patient.fsh (00:00.001 / 00:13.476, 2Gb)
Sushi:   Line: 54 - 66                                                                               (00:00.000 / 00:13.477, 2Gb)
Sushi: warn  Extension ehealth-itcompetencelevel has a description field that should not be empty.   (00:00.000 / 00:13.477, 2Gb)
Sushi: warn  The name "patient-interpreterRequired" may not be suitable for machine processing applications such as code generation. Valid names start with an upper-case ASCII letter ('A'..'Z') followed by any combination of upper- or lower-case ASCII letters ('A'..'Z', and 'a'..'z'), numerals ('0'..'9') and '_', with a length limit of 255 characters. (00:00.103 / 00:13.581, 2Gb)
Sushi:   File: /tmp/ig-builds/dk.ehealth.sundhed.fhir.ig.core#10.0.2-milestone/input/fsh/ehealth-patient.fsh (00:00.001 / 00:13.583, 2Gb)
Sushi:   Line: 68 - 72                                                                               (00:00.000 / 00:13.583, 2Gb)
Sushi: warn  The name "ehealth-general-health-condition" may not be suitable for machine processing applications such as code generation. Valid names start with an upper-case ASCII letter ('A'..'Z') followed by any combination of upper- or lower-case ASCII letters ('A'..'Z', and 'a'..'z'), numerals ('0'..'9') and '_', with a length limit of 255 characters. (00:00.021 / 00:13.605, 2Gb)
Sushi:   File: /tmp/ig-builds/dk.ehealth.sundhed.fhir.ig.core#10.0.2-milestone/input/fsh/ehealth-patient.fsh (00:00.002 / 00:13.607, 2Gb)
Sushi:   Line: 74 - 83                                                                               (00:00.000 / 00:13.607, 2Gb)
Sushi: warn  The name "ehealth-nameandaddressprotection" may not be suitable for machine processing applications such as code generation. Valid names start with an upper-case ASCII letter ('A'..'Z') followed by any combination of upper- or lower-case ASCII letters ('A'..'Z', and 'a'..'z'), numerals ('0'..'9') and '_', with a length limit of 255 characters. (00:00.070 / 00:13.678, 2Gb)
Sushi:   File: /tmp/ig-builds/dk.ehealth.sundhed.fhir.ig.core#10.0.2-milestone/input/fsh/ehealth-ext-nameandaddressprotection.fsh (00:00.002 / 00:13.680, 2Gb)
Sushi:   Line: 1 - 6                                                                                 (00:00.000 / 00:13.681, 2Gb)
Sushi: warn  The name "ehealth-patient-contactnote" may not be suitable for machine processing applications such as code generation. Valid names start with an upper-case ASCII letter ('A'..'Z') followed by any combination of upper- or lower-case ASCII letters ('A'..'Z', and 'a'..'z'), numerals ('0'..'9') and '_', with a length limit of 255 characters. (00:00.092 / 00:13.773, 2Gb)
Sushi:   File: /tmp/ig-builds/dk.ehealth.sundhed.fhir.ig.core#10.0.2-milestone/input/fsh/ehealth-ext-patient-contactnote.fsh (00:00.002 / 00:13.775, 2Gb)
Sushi:   Line: 1 - 5                                                                                 (00:00.000 / 00:13.776, 2Gb)
Sushi: warn  At least one slice of Patient.generalPractitioner has a max greater than the overall element max. The max of the following slice(s) has been reduced to match the max of Patient.generalPractitioner: referencedSORUnit (00:00.038 / 00:13.814, 2Gb)
Sushi: warn  The name "ehealth-plandefinition" may not be suitable for machine processing applications such as code generation. Valid names start with an upper-case ASCII letter ('A'..'Z') followed by any combination of upper- or lower-case ASCII letters ('A'..'Z', and 'a'..'z'), numerals ('0'..'9') and '_', with a length limit of 255 characters. (00:00.072 / 00:13.887, 2Gb)
Sushi:   File: /tmp/ig-builds/dk.ehealth.sundhed.fhir.ig.core#10.0.2-milestone/input/fsh/ehealth-plandefinition.fsh (00:00.002 / 00:13.889, 2Gb)
Sushi:   Line: 1 - 20                                                                                (00:00.000 / 00:13.889, 2Gb)
Sushi: warn  The name "ehealth-overviewUsageMode" may not be suitable for machine processing applications such as code generation. Valid names start with an upper-case ASCII letter ('A'..'Z') followed by any combination of upper- or lower-case ASCII letters ('A'..'Z', and 'a'..'z'), numerals ('0'..'9') and '_', with a length limit of 255 characters. (00:00.017 / 00:13.907, 2Gb)
Sushi:   File: /tmp/ig-builds/dk.ehealth.sundhed.fhir.ig.core#10.0.2-milestone/input/fsh/ehealth-ext-overviewUsageMode.fsh (00:00.002 / 00:13.909, 2Gb)
Sushi:   Line: 1 - 7                                                                                 (00:00.000 / 00:13.910, 2Gb)
Sushi: warn  The name "ehealth-actionTrigger" may not be suitable for machine processing applications such as code generation. Valid names start with an upper-case ASCII letter ('A'..'Z') followed by any combination of upper- or lower-case ASCII letters ('A'..'Z', and 'a'..'z'), numerals ('0'..'9') and '_', with a length limit of 255 characters. (00:00.050 / 00:13.961, 2Gb)
Sushi:   File: /tmp/ig-builds/dk.ehealth.sundhed.fhir.ig.core#10.0.2-milestone/input/fsh/ehealth-plandefinition.fsh (00:00.002 / 00:13.963, 2Gb)
Sushi:   Line: 22 - 42                                                                               (00:00.000 / 00:13.964, 2Gb)
Sushi: warn  The name "ehealth-triggerCondition" may not be suitable for machine processing applications such as code generation. Valid names start with an upper-case ASCII letter ('A'..'Z') followed by any combination of upper- or lower-case ASCII letters ('A'..'Z', and 'a'..'z'), numerals ('0'..'9') and '_', with a length limit of 255 characters. (00:00.007 / 00:13.971, 2Gb)
Sushi:   File: /tmp/ig-builds/dk.ehealth.sundhed.fhir.ig.core#10.0.2-milestone/input/fsh/ehealth-ext-triggerCondition.fsh (00:00.002 / 00:13.973, 2Gb)
Sushi:   Line: 1 - 12                                                                                (00:00.000 / 00:13.973, 2Gb)
Sushi: warn  The name "ehealth-include-as-extra" may not be suitable for machine processing applications such as code generation. Valid names start with an upper-case ASCII letter ('A'..'Z') followed by any combination of upper- or lower-case ASCII letters ('A'..'Z', and 'a'..'z'), numerals ('0'..'9') and '_', with a length limit of 255 characters. (00:00.099 / 00:14.073, 2Gb)
Sushi:   File: /tmp/ig-builds/dk.ehealth.sundhed.fhir.ig.core#10.0.2-milestone/input/fsh/ehealth-ext-include-as-extra.fsh (00:00.002 / 00:14.075, 2Gb)
Sushi:   Line: 1 - 6                                                                                 (00:00.001 / 00:14.076, 2Gb)
Sushi: warn  The name "ehealth-aggregate-group-id" may not be suitable for machine processing applications such as code generation. Valid names start with an upper-case ASCII letter ('A'..'Z') followed by any combination of upper- or lower-case ASCII letters ('A'..'Z', and 'a'..'z'), numerals ('0'..'9') and '_', with a length limit of 255 characters. (00:00.018 / 00:14.095, 2Gb)
Sushi:   File: /tmp/ig-builds/dk.ehealth.sundhed.fhir.ig.core#10.0.2-milestone/input/fsh/ehealth-ext-aggregate-group-id.fsh (00:00.002 / 00:14.097, 2Gb)
Sushi:   Line: 1 - 5                                                                                 (00:00.000 / 00:14.098, 2Gb)
Sushi: warn  The name "ehealth-practitioner" may not be suitable for machine processing applications such as code generation. Valid names start with an upper-case ASCII letter ('A'..'Z') followed by any combination of upper- or lower-case ASCII letters ('A'..'Z', and 'a'..'z'), numerals ('0'..'9') and '_', with a length limit of 255 characters. (00:00.040 / 00:14.139, 2Gb)
Sushi:   File: /tmp/ig-builds/dk.ehealth.sundhed.fhir.ig.core#10.0.2-milestone/input/fsh/ehealth-practitioner.fsh (00:00.002 / 00:14.141, 2Gb)
Sushi:   Line: 1 - 13                                                                                (00:00.000 / 00:14.142, 2Gb)
Sushi: warn  The name "ehealth-provider-affiliation" may not be suitable for machine processing applications such as code generation. Valid names start with an upper-case ASCII letter ('A'..'Z') followed by any combination of upper- or lower-case ASCII letters ('A'..'Z', and 'a'..'z'), numerals ('0'..'9') and '_', with a length limit of 255 characters. (00:00.006 / 00:14.149, 2Gb)
Sushi:   File: /tmp/ig-builds/dk.ehealth.sundhed.fhir.ig.core#10.0.2-milestone/input/fsh/ehealth-practitioner.fsh (00:00.002 / 00:14.151, 2Gb)
Sushi:   Line: 15 - 28                                                                               (00:00.000 / 00:14.151, 2Gb)
Sushi: warn  The name "ehealth-practitionerrole" may not be suitable for machine processing applications such as code generation. Valid names start with an upper-case ASCII letter ('A'..'Z') followed by any combination of upper- or lower-case ASCII letters ('A'..'Z', and 'a'..'z'), numerals ('0'..'9') and '_', with a length limit of 255 characters. (00:00.066 / 00:14.218, 2Gb)
Sushi:   File: /tmp/ig-builds/dk.ehealth.sundhed.fhir.ig.core#10.0.2-milestone/input/fsh/ehealth-practitionerrole.fsh (00:00.001 / 00:14.220, 2Gb)
Sushi:   Line: 1 - 8                                                                                 (00:00.000 / 00:14.220, 2Gb)
Sushi: warn  The name "ehealth-provenance" may not be suitable for machine processing applications such as code generation. Valid names start with an upper-case ASCII letter ('A'..'Z') followed by any combination of upper- or lower-case ASCII letters ('A'..'Z', and 'a'..'z'), numerals ('0'..'9') and '_', with a length limit of 255 characters. (00:00.026 / 00:14.247, 2Gb)
Sushi:   File: /tmp/ig-builds/dk.ehealth.sundhed.fhir.ig.core#10.0.2-milestone/input/fsh/ehealth-provenance.fsh (00:00.001 / 00:14.249, 2Gb)
Sushi:   Line: 1 - 8                                                                                 (00:00.000 / 00:14.249, 2Gb)
Sushi: warn  The name "ehealth-provenance-dateTimeOfReusedEntity" may not be suitable for machine processing applications such as code generation. Valid names start with an upper-case ASCII letter ('A'..'Z') followed by any combination of upper- or lower-case ASCII letters ('A'..'Z', and 'a'..'z'), numerals ('0'..'9') and '_', with a length limit of 255 characters. (00:00.000 / 00:14.250, 2Gb)
Sushi:   File: /tmp/ig-builds/dk.ehealth.sundhed.fhir.ig.core#10.0.2-milestone/input/fsh/ehealth-provenance.fsh (00:00.001 / 00:14.252, 2Gb)
Sushi:   Line: 10 - 15                                                                               (00:00.000 / 00:14.252, 2Gb)
Sushi: warn  The name "ehealth-questionnaire" may not be suitable for machine processing applications such as code generation. Valid names start with an upper-case ASCII letter ('A'..'Z') followed by any combination of upper- or lower-case ASCII letters ('A'..'Z', and 'a'..'z'), numerals ('0'..'9') and '_', with a length limit of 255 characters. (00:00.104 / 00:14.357, 2Gb)
Sushi:   File: /tmp/ig-builds/dk.ehealth.sundhed.fhir.ig.core#10.0.2-milestone/input/fsh/ehealth-questionnaire.fsh (00:00.001 / 00:14.359, 2Gb)
Sushi:   Line: 1 - 39                                                                                (00:00.000 / 00:14.359, 2Gb)
Sushi: warn  The name "ehealth-questionnaire-recommendation" may not be suitable for machine processing applications such as code generation. Valid names start with an upper-case ASCII letter ('A'..'Z') followed by any combination of upper- or lower-case ASCII letters ('A'..'Z', and 'a'..'z'), numerals ('0'..'9') and '_', with a length limit of 255 characters. (00:00.000 / 00:14.360, 2Gb)
Sushi:   File: /tmp/ig-builds/dk.ehealth.sundhed.fhir.ig.core#10.0.2-milestone/input/fsh/ehealth-questionnaire.fsh (00:00.001 / 00:14.362, 2Gb)
Sushi:   Line: 48 - 54                                                                               (00:00.000 / 00:14.362, 2Gb)
Sushi: warn  The name "ehealth-questionnaire-intendedOrganization" may not be suitable for machine processing applications such as code generation. Valid names start with an upper-case ASCII letter ('A'..'Z') followed by any combination of upper- or lower-case ASCII letters ('A'..'Z', and 'a'..'z'), numerals ('0'..'9') and '_', with a length limit of 255 characters. (00:00.047 / 00:14.409, 2Gb)
Sushi:   File: /tmp/ig-builds/dk.ehealth.sundhed.fhir.ig.core#10.0.2-milestone/input/fsh/ehealth-questionnaire.fsh (00:00.001 / 00:14.411, 2Gb)
Sushi:   Line: 56 - 62                                                                               (00:00.000 / 00:14.412, 2Gb)
Sushi: warn  The name "ehealth-questionnaire-type" may not be suitable for machine processing applications such as code generation. Valid names start with an upper-case ASCII letter ('A'..'Z') followed by any combination of upper- or lower-case ASCII letters ('A'..'Z', and 'a'..'z'), numerals ('0'..'9') and '_', with a length limit of 255 characters. (00:00.028 / 00:14.440, 2Gb)
Sushi:   File: /tmp/ig-builds/dk.ehealth.sundhed.fhir.ig.core#10.0.2-milestone/input/fsh/ehealth-questionnaire.fsh (00:00.001 / 00:14.442, 2Gb)
Sushi:   Line: 64 - 70                                                                               (00:00.000 / 00:14.443, 2Gb)
Sushi: warn  The name "ehealth-questionnaire-sliderStepValueDecimal" may not be suitable for machine processing applications such as code generation. Valid names start with an upper-case ASCII letter ('A'..'Z') followed by any combination of upper- or lower-case ASCII letters ('A'..'Z', and 'a'..'z'), numerals ('0'..'9') and '_', with a length limit of 255 characters. (00:00.063 / 00:14.506, 2Gb)
Sushi:   File: /tmp/ig-builds/dk.ehealth.sundhed.fhir.ig.core#10.0.2-milestone/input/fsh/ehealth-questionnaire.fsh (00:00.001 / 00:14.508, 2Gb)
Sushi:   Line: 41 - 46                                                                               (00:00.000 / 00:14.509, 2Gb)
Sushi: warn  The name "ehealth-questionnaire-feedback" may not be suitable for machine processing applications such as code generation. Valid names start with an upper-case ASCII letter ('A'..'Z') followed by any combination of upper- or lower-case ASCII letters ('A'..'Z', and 'a'..'z'), numerals ('0'..'9') and '_', with a length limit of 255 characters. (00:00.024 / 00:14.533, 2Gb)
Sushi:   File: /tmp/ig-builds/dk.ehealth.sundhed.fhir.ig.core#10.0.2-milestone/input/fsh/ehealth-questionnaire.fsh (00:00.001 / 00:14.535, 2Gb)
Sushi:   Line: 72 - 85                                                                               (00:00.000 / 00:14.536, 2Gb)
Sushi: warn  The name "ehealth-questionnaire-image" may not be suitable for machine processing applications such as code generation. Valid names start with an upper-case ASCII letter ('A'..'Z') followed by any combination of upper- or lower-case ASCII letters ('A'..'Z', and 'a'..'z'), numerals ('0'..'9') and '_', with a length limit of 255 characters. (00:00.071 / 00:14.607, 2Gb)
Sushi:   File: /tmp/ig-builds/dk.ehealth.sundhed.fhir.ig.core#10.0.2-milestone/input/fsh/ehealth-questionnaire.fsh (00:00.001 / 00:14.609, 2Gb)
Sushi:   Line: 87 - 96                                                                               (00:00.000 / 00:14.610, 2Gb)
Sushi: warn  The name "ehealth-questionnaire-shortText" may not be suitable for machine processing applications such as code generation. Valid names start with an upper-case ASCII letter ('A'..'Z') followed by any combination of upper- or lower-case ASCII letters ('A'..'Z', and 'a'..'z'), numerals ('0'..'9') and '_', with a length limit of 255 characters. (00:00.047 / 00:14.658, 2Gb)
Sushi:   File: /tmp/ig-builds/dk.ehealth.sundhed.fhir.ig.core#10.0.2-milestone/input/fsh/ehealth-ext-questionnaire-shortText.fsh (00:00.001 / 00:14.659, 2Gb)
Sushi:   Line: 1 - 5                                                                                 (00:00.000 / 00:14.660, 2Gb)
Sushi: warn  The name "ehealth-questionnaire-helpText" may not be suitable for machine processing applications such as code generation. Valid names start with an upper-case ASCII letter ('A'..'Z') followed by any combination of upper- or lower-case ASCII letters ('A'..'Z', and 'a'..'z'), numerals ('0'..'9') and '_', with a length limit of 255 characters. (00:00.033 / 00:14.693, 2Gb)
Sushi:   File: /tmp/ig-builds/dk.ehealth.sundhed.fhir.ig.core#10.0.2-milestone/input/fsh/ehealth-questionnaire.fsh (00:00.001 / 00:14.695, 2Gb)
Sushi:   Line: 109 - 120                                                                             (00:00.000 / 00:14.696, 2Gb)
Sushi: warn  The name "ehealth-external-identifier" may not be suitable for machine processing applications such as code generation. Valid names start with an upper-case ASCII letter ('A'..'Z') followed by any combination of upper- or lower-case ASCII letters ('A'..'Z', and 'a'..'z'), numerals ('0'..'9') and '_', with a length limit of 255 characters. (00:00.063 / 00:14.759, 2Gb)
Sushi:   File: /tmp/ig-builds/dk.ehealth.sundhed.fhir.ig.core#10.0.2-milestone/input/fsh/ehealth-questionnaire.fsh (00:00.001 / 00:14.761, 2Gb)
Sushi:   Line: 128 - 132                                                                             (00:00.000 / 00:14.761, 2Gb)
Sushi: warn  The name "ehealth-questionnaire-item-is-copyright" may not be suitable for machine processing applications such as code generation. Valid names start with an upper-case ASCII letter ('A'..'Z') followed by any combination of upper- or lower-case ASCII letters ('A'..'Z', and 'a'..'z'), numerals ('0'..'9') and '_', with a length limit of 255 characters. (00:00.054 / 00:14.816, 2Gb)
Sushi:   File: /tmp/ig-builds/dk.ehealth.sundhed.fhir.ig.core#10.0.2-milestone/input/fsh/ehealth-questionnaire.fsh (00:00.001 / 00:14.818, 2Gb)
Sushi:   Line: 134 - 139                                                                             (00:00.000 / 00:14.819, 2Gb)
Sushi: warn  The name "ehealth-enableBehavior-conditionId" may not be suitable for machine processing applications such as code generation. Valid names start with an upper-case ASCII letter ('A'..'Z') followed by any combination of upper- or lower-case ASCII letters ('A'..'Z', and 'a'..'z'), numerals ('0'..'9') and '_', with a length limit of 255 characters. (00:00.052 / 00:14.871, 2Gb)
Sushi:   File: /tmp/ig-builds/dk.ehealth.sundhed.fhir.ig.core#10.0.2-milestone/input/fsh/ehealth-questionnaire.fsh (00:00.001 / 00:14.873, 2Gb)
Sushi:   Line: 122 - 126                                                                             (00:00.000 / 00:14.873, 2Gb)
Sushi: warn  The name "ehealth-questionnaire-advanced" may not be suitable for machine processing applications such as code generation. Valid names start with an upper-case ASCII letter ('A'..'Z') followed by any combination of upper- or lower-case ASCII letters ('A'..'Z', and 'a'..'z'), numerals ('0'..'9') and '_', with a length limit of 255 characters. (00:00.064 / 00:14.937, 2Gb)
Sushi:   File: /tmp/ig-builds/dk.ehealth.sundhed.fhir.ig.core#10.0.2-milestone/input/fsh/ehealth-questionnaire-advanced.fsh (00:00.001 / 00:14.939, 2Gb)
Sushi:   Line: 1 - 9                                                                                 (00:00.000 / 00:14.939, 2Gb)
Sushi: warn  The name "ehealth-questionnaireresponse" may not be suitable for machine processing applications such as code generation. Valid names start with an upper-case ASCII letter ('A'..'Z') followed by any combination of upper- or lower-case ASCII letters ('A'..'Z', and 'a'..'z'), numerals ('0'..'9') and '_', with a length limit of 255 characters. (00:00.012 / 00:14.952, 2Gb)
Sushi:   File: /tmp/ig-builds/dk.ehealth.sundhed.fhir.ig.core#10.0.2-milestone/input/fsh/ehealth-questionnaireresponse.fsh (00:00.001 / 00:14.954, 2Gb)
Sushi:   Line: 1 - 25                                                                                (00:00.000 / 00:14.955, 2Gb)
Sushi: warn  The name "ehealth-effectivePeriod" may not be suitable for machine processing applications such as code generation. Valid names start with an upper-case ASCII letter ('A'..'Z') followed by any combination of upper- or lower-case ASCII letters ('A'..'Z', and 'a'..'z'), numerals ('0'..'9') and '_', with a length limit of 255 characters. (00:00.015 / 00:14.970, 2Gb)
Sushi:   File: /tmp/ig-builds/dk.ehealth.sundhed.fhir.ig.core#10.0.2-milestone/input/fsh/ehealth-questionnaireresponse.fsh (00:00.001 / 00:14.972, 2Gb)
Sushi:   Line: 27 - 32                                                                               (00:00.000 / 00:14.973, 2Gb)
Sushi: warn  The name "ehealth-relatedperson" may not be suitable for machine processing applications such as code generation. Valid names start with an upper-case ASCII letter ('A'..'Z') followed by any combination of upper- or lower-case ASCII letters ('A'..'Z', and 'a'..'z'), numerals ('0'..'9') and '_', with a length limit of 255 characters. (00:00.134 / 00:15.107, 2Gb)
Sushi:   File: /tmp/ig-builds/dk.ehealth.sundhed.fhir.ig.core#10.0.2-milestone/input/fsh/ehealth-relatedperson.fsh (00:00.001 / 00:15.109, 2Gb)
Sushi:   Line: 1 - 26                                                                                (00:00.000 / 00:15.110, 2Gb)
Sushi: warn  The name "ehealth-telecom-purpose" may not be suitable for machine processing applications such as code generation. Valid names start with an upper-case ASCII letter ('A'..'Z') followed by any combination of upper- or lower-case ASCII letters ('A'..'Z', and 'a'..'z'), numerals ('0'..'9') and '_', with a length limit of 255 characters. (00:00.043 / 00:15.153, 2Gb)
Sushi:   File: /tmp/ig-builds/dk.ehealth.sundhed.fhir.ig.core#10.0.2-milestone/input/fsh/ehealth-ext-telecom-purpose.fsh (00:00.001 / 00:15.154, 2Gb)
Sushi:   Line: 1 - 11                                                                                (00:00.000 / 00:15.155, 2Gb)
Sushi: warn  The name "ehealth-servicerequest" may not be suitable for machine processing applications such as code generation. Valid names start with an upper-case ASCII letter ('A'..'Z') followed by any combination of upper- or lower-case ASCII letters ('A'..'Z', and 'a'..'z'), numerals ('0'..'9') and '_', with a length limit of 255 characters. (00:00.086 / 00:15.242, 2Gb)
Sushi:   File: /tmp/ig-builds/dk.ehealth.sundhed.fhir.ig.core#10.0.2-milestone/input/fsh/ehealth-servicerequest.fsh (00:00.001 / 00:15.243, 2Gb)
Sushi:   Line: 1 - 31                                                                                (00:00.000 / 00:15.244, 2Gb)
Sushi: warn  The name "ehealth-trigger-enablement-code" may not be suitable for machine processing applications such as code generation. Valid names start with an upper-case ASCII letter ('A'..'Z') followed by any combination of upper- or lower-case ASCII letters ('A'..'Z', and 'a'..'z'), numerals ('0'..'9') and '_', with a length limit of 255 characters. (00:00.020 / 00:15.264, 2Gb)
Sushi:   File: /tmp/ig-builds/dk.ehealth.sundhed.fhir.ig.core#10.0.2-milestone/input/fsh/ehealth-servicerequest.fsh (00:00.001 / 00:15.266, 2Gb)
Sushi:   Line: 33 - 39                                                                               (00:00.000 / 00:15.267, 2Gb)
Sushi: warn  The name "ehealth-servicerequest-statusHistory" may not be suitable for machine processing applications such as code generation. Valid names start with an upper-case ASCII letter ('A'..'Z') followed by any combination of upper- or lower-case ASCII letters ('A'..'Z', and 'a'..'z'), numerals ('0'..'9') and '_', with a length limit of 255 characters. (00:00.025 / 00:15.292, 2Gb)
Sushi:   File: /tmp/ig-builds/dk.ehealth.sundhed.fhir.ig.core#10.0.2-milestone/input/fsh/ehealth-servicerequest.fsh (00:00.001 / 00:15.294, 2Gb)
Sushi:   Line: 41 - 49                                                                               (00:00.000 / 00:15.295, 2Gb)
Sushi: warn  The name "ehealth-servicerequest-statusSchedule" may not be suitable for machine processing applications such as code generation. Valid names start with an upper-case ASCII letter ('A'..'Z') followed by any combination of upper- or lower-case ASCII letters ('A'..'Z', and 'a'..'z'), numerals ('0'..'9') and '_', with a length limit of 255 characters. (00:00.087 / 00:15.382, 2Gb)
Sushi:   File: /tmp/ig-builds/dk.ehealth.sundhed.fhir.ig.core#10.0.2-milestone/input/fsh/ehealth-servicerequest.fsh (00:00.001 / 00:15.384, 2Gb)
Sushi:   Line: 51 - 60                                                                               (00:00.000 / 00:15.384, 2Gb)
Sushi: warn  The name "ehealth-aggregate-id" may not be suitable for machine processing applications such as code generation. Valid names start with an upper-case ASCII letter ('A'..'Z') followed by any combination of upper- or lower-case ASCII letters ('A'..'Z', and 'a'..'z'), numerals ('0'..'9') and '_', with a length limit of 255 characters. (00:00.029 / 00:15.414, 2Gb)
Sushi:   File: /tmp/ig-builds/dk.ehealth.sundhed.fhir.ig.core#10.0.2-milestone/input/fsh/ehealth-servicerequest.fsh (00:00.001 / 00:15.416, 2Gb)
Sushi:   Line: 62 - 67                                                                               (00:00.000 / 00:15.416, 2Gb)
Sushi: warn  The name "ehealth-skrs-patient" may not be suitable for machine processing applications such as code generation. Valid names start with an upper-case ASCII letter ('A'..'Z') followed by any combination of upper- or lower-case ASCII letters ('A'..'Z', and 'a'..'z'), numerals ('0'..'9') and '_', with a length limit of 255 characters. (00:00.119 / 00:15.536, 2Gb)
Sushi:   File: /tmp/ig-builds/dk.ehealth.sundhed.fhir.ig.core#10.0.2-milestone/input/fsh/ehealth-skrs-patient.fsh (00:00.001 / 00:15.538, 2Gb)
Sushi:   Line: 1 - 28                                                                                (00:00.000 / 00:15.539, 2Gb)
Sushi: warn  The name "ehealth-task" may not be suitable for machine processing applications such as code generation. Valid names start with an upper-case ASCII letter ('A'..'Z') followed by any combination of upper- or lower-case ASCII letters ('A'..'Z', and 'a'..'z'), numerals ('0'..'9') and '_', with a length limit of 255 characters. (00:00.087 / 00:15.626, 2Gb)
Sushi:   File: /tmp/ig-builds/dk.ehealth.sundhed.fhir.ig.core#10.0.2-milestone/input/fsh/ehealth-task.fsh (00:00.001 / 00:15.628, 2Gb)
Sushi:   Line: 1 - 28                                                                                (00:00.000 / 00:15.628, 2Gb)
Sushi: warn  The name "ehealth-task-episodeOfCare" may not be suitable for machine processing applications such as code generation. Valid names start with an upper-case ASCII letter ('A'..'Z') followed by any combination of upper- or lower-case ASCII letters ('A'..'Z', and 'a'..'z'), numerals ('0'..'9') and '_', with a length limit of 255 characters. (00:00.000 / 00:15.629, 2Gb)
Sushi:   File: /tmp/ig-builds/dk.ehealth.sundhed.fhir.ig.core#10.0.2-milestone/input/fsh/ehealth-task.fsh (00:00.001 / 00:15.631, 2Gb)
Sushi:   Line: 46 - 49                                                                               (00:00.000 / 00:15.631, 2Gb)
Sushi: warn  The name "ehealth-task-category" may not be suitable for machine processing applications such as code generation. Valid names start with an upper-case ASCII letter ('A'..'Z') followed by any combination of upper- or lower-case ASCII letters ('A'..'Z', and 'a'..'z'), numerals ('0'..'9') and '_', with a length limit of 255 characters. (00:00.015 / 00:15.646, 2Gb)
Sushi:   File: /tmp/ig-builds/dk.ehealth.sundhed.fhir.ig.core#10.0.2-milestone/input/fsh/ehealth-task.fsh (00:00.001 / 00:15.648, 2Gb)
Sushi:   Line: 30 - 36                                                                               (00:00.000 / 00:15.649, 2Gb)
Sushi: warn  The name "ehealth-task-responsible" may not be suitable for machine processing applications such as code generation. Valid names start with an upper-case ASCII letter ('A'..'Z') followed by any combination of upper- or lower-case ASCII letters ('A'..'Z', and 'a'..'z'), numerals ('0'..'9') and '_', with a length limit of 255 characters. (00:00.047 / 00:15.696, 2Gb)
Sushi:   File: /tmp/ig-builds/dk.ehealth.sundhed.fhir.ig.core#10.0.2-milestone/input/fsh/ehealth-task.fsh (00:00.001 / 00:15.697, 2Gb)
Sushi:   Line: 38 - 44                                                                               (00:00.000 / 00:15.698, 2Gb)
Sushi: warn  The name "ehealth-reference-careplan" may not be suitable for machine processing applications such as code generation. Valid names start with an upper-case ASCII letter ('A'..'Z') followed by any combination of upper- or lower-case ASCII letters ('A'..'Z', and 'a'..'z'), numerals ('0'..'9') and '_', with a length limit of 255 characters. (00:00.037 / 00:15.736, 2Gb)
Sushi:   File: /tmp/ig-builds/dk.ehealth.sundhed.fhir.ig.core#10.0.2-milestone/input/fsh/ehealth-ext-reference-careplan.fsh (00:00.001 / 00:15.737, 2Gb)
Sushi:   Line: 1 - 6                                                                                 (00:00.000 / 00:15.738, 2Gb)
Sushi: warn  The name "ehealth-transformation-documentreference" may not be suitable for machine processing applications such as code generation. Valid names start with an upper-case ASCII letter ('A'..'Z') followed by any combination of upper- or lower-case ASCII letters ('A'..'Z', and 'a'..'z'), numerals ('0'..'9') and '_', with a length limit of 255 characters. (00:00.137 / 00:15.875, 2Gb)
Sushi:   File: /tmp/ig-builds/dk.ehealth.sundhed.fhir.ig.core#10.0.2-milestone/input/fsh/ehealth-transformation-documentreference.fsh (00:00.001 / 00:15.877, 2Gb)
Sushi:   Line: 1 - 22                                                                                (00:00.000 / 00:15.878, 2Gb)
Sushi: warn  The name "ehealth-manuallydeprecated-type" may not be suitable for machine processing applications such as code generation. Valid names start with an upper-case ASCII letter ('A'..'Z') followed by any combination of upper- or lower-case ASCII letters ('A'..'Z', and 'a'..'z'), numerals ('0'..'9') and '_', with a length limit of 255 characters. (00:00.064 / 00:15.943, 2Gb)
Sushi:   File: /tmp/ig-builds/dk.ehealth.sundhed.fhir.ig.core#10.0.2-milestone/input/fsh/ehealth-transformation-documentreference.fsh (00:00.001 / 00:15.944, 2Gb)
Sushi:   Line: 24 - 29                                                                               (00:00.000 / 00:15.945, 2Gb)
Sushi: warn  The name "ehealth-document-sharing-state" may not be suitable for machine processing applications such as code generation. Valid names start with an upper-case ASCII letter ('A'..'Z') followed by any combination of upper- or lower-case ASCII letters ('A'..'Z', and 'a'..'z'), numerals ('0'..'9') and '_', with a length limit of 255 characters. (00:00.017 / 00:15.962, 2Gb)
Sushi:   File: /tmp/ig-builds/dk.ehealth.sundhed.fhir.ig.core#10.0.2-milestone/input/fsh/ehealth-transformation-documentreference.fsh (00:00.001 / 00:15.964, 2Gb)
Sushi:   Line: 31 - 37                                                                               (00:00.000 / 00:15.965, 2Gb)
Sushi: warn  The name "ehealth-videoappointment" may not be suitable for machine processing applications such as code generation. Valid names start with an upper-case ASCII letter ('A'..'Z') followed by any combination of upper- or lower-case ASCII letters ('A'..'Z', and 'a'..'z'), numerals ('0'..'9') and '_', with a length limit of 255 characters. (00:00.063 / 00:16.029, 2Gb)
Sushi:   File: /tmp/ig-builds/dk.ehealth.sundhed.fhir.ig.core#10.0.2-milestone/input/fsh/ehealth-videoappointment.fsh (00:00.001 / 00:16.030, 2Gb)
Sushi:   Line: 1 - 45                                                                                (00:00.000 / 00:16.031, 2Gb)
Sushi: warn  The name "ehealth-view" may not be suitable for machine processing applications such as code generation. Valid names start with an upper-case ASCII letter ('A'..'Z') followed by any combination of upper- or lower-case ASCII letters ('A'..'Z', and 'a'..'z'), numerals ('0'..'9') and '_', with a length limit of 255 characters. (00:00.111 / 00:16.142, 2Gb)
Sushi:   File: /tmp/ig-builds/dk.ehealth.sundhed.fhir.ig.core#10.0.2-milestone/input/fsh/ehealth-view.fsh (00:00.002 / 00:16.144, 2Gb)
Sushi:   Line: 1 - 17                                                                                (00:00.000 / 00:16.145, 2Gb)
Sushi: warn  The name "ehealth-view-type" may not be suitable for machine processing applications such as code generation. Valid names start with an upper-case ASCII letter ('A'..'Z') followed by any combination of upper- or lower-case ASCII letters ('A'..'Z', and 'a'..'z'), numerals ('0'..'9') and '_', with a length limit of 255 characters. (00:00.013 / 00:16.158, 2Gb)
Sushi:   File: /tmp/ig-builds/dk.ehealth.sundhed.fhir.ig.core#10.0.2-milestone/input/fsh/ehealth-view.fsh (00:00.001 / 00:16.160, 2Gb)
Sushi:   Line: 20 - 26                                                                               (00:00.000 / 00:16.161, 2Gb)
Sushi: warn  The name "ehealth-view-for" may not be suitable for machine processing applications such as code generation. Valid names start with an upper-case ASCII letter ('A'..'Z') followed by any combination of upper- or lower-case ASCII letters ('A'..'Z', and 'a'..'z'), numerals ('0'..'9') and '_', with a length limit of 255 characters. (00:00.047 / 00:16.209, 2Gb)
Sushi:   File: /tmp/ig-builds/dk.ehealth.sundhed.fhir.ig.core#10.0.2-milestone/input/fsh/ehealth-view.fsh (00:00.001 / 00:16.211, 2Gb)
Sushi:   Line: 29 - 40                                                                               (00:00.000 / 00:16.212, 2Gb)
Sushi: warn  The name "ehealth-clinicalimpression-mediaInvestigationItem" may not be suitable for machine processing applications such as code generation. Valid names start with an upper-case ASCII letter ('A'..'Z') followed by any combination of upper- or lower-case ASCII letters ('A'..'Z', and 'a'..'z'), numerals ('0'..'9') and '_', with a length limit of 255 characters. (00:00.042 / 00:16.254, 2Gb)
Sushi:   File: /tmp/ig-builds/dk.ehealth.sundhed.fhir.ig.core#10.0.2-milestone/input/fsh/ehealth-clinicalimpression.fsh (00:00.002 / 00:16.256, 2Gb)
Sushi:   Line: 77 - 83                                                                               (00:00.000 / 00:16.257, 2Gb)
Sushi: info  Converted 194 FHIR StructureDefinitions.                                                (00:00.021 / 00:16.279, 2Gb)
Sushi: info  Converted 5 FHIR CodeSystems.                                                           (00:00.042 / 00:16.321, 2Gb)
Sushi: info  Converted 6 FHIR ValueSets.                                                             (00:00.177 / 00:16.499, 2Gb)
Sushi: info  Converted 24 FHIR instances.                                                            (00:01.734 / 00:18.234, 2Gb)
Sushi: info  Exporting FHIR resources as JSON...                                                     (00:00.000 / 00:18.235, 2Gb)
Sushi: info  Exported 226 FHIR resources as JSON.                                                    (00:00.299 / 00:18.534, 2Gb)
Sushi: info  Assembling Implementation Guide sources...                                              (00:00.005 / 00:18.539, 2Gb)
Sushi: info  Generated ImplementationGuide-dk.ehealth.sundhed.fhir.ig.core.json                      (00:00.090 / 00:18.630, 2Gb)
Sushi: info  Assembled Implementation Guide sources; ready for IG Publisher.                         (00:00.000 / 00:18.631, 2Gb)
Sushi: ========================= SUSHI RESULTS ===========================                           (00:00.001 / 00:18.632, 2Gb)
Sushi: |  -------------------------------------------------------------  |                           (00:00.000 / 00:18.633, 2Gb)
Sushi: | |    Profiles   |  Extensions  |   Logicals   |   Resources   | |                           (00:00.000 / 00:18.633, 2Gb)
Sushi: | |-------------------------------------------------------------| |                           (00:00.000 / 00:18.634, 2Gb)
Sushi: | |      48       |     146      |      0       |       0       | |                           (00:00.000 / 00:18.634, 2Gb)
Sushi: |  -------------------------------------------------------------  |                           (00:00.000 / 00:18.635, 2Gb)
Sushi: |  -------------------------------------------------------------  |                           (00:00.000 / 00:18.636, 2Gb)
Sushi: | |      ValueSets     |    CodeSystems    |     Instances      | |                           (00:00.000 / 00:18.636, 2Gb)
Sushi: | |-------------------------------------------------------------| |                           (00:00.000 / 00:18.637, 2Gb)
Sushi: | |         6          |         5         |         24         | |                           (00:00.000 / 00:18.637, 2Gb)
Sushi: |  -------------------------------------------------------------  |                           (00:00.000 / 00:18.638, 2Gb)
Sushi: |                                                                 |                           (00:00.000 / 00:18.638, 2Gb)
Sushi: ===================================================================                           (00:00.000 / 00:18.639, 2Gb)
Sushi: | Something smells fishy...              0 Errors    196 Warnings |                           (00:00.000 / 00:18.639, 2Gb)
Sushi: ===================================================================                           (00:00.000 / 00:18.640, 2Gb)
Root directory: /tmp/ig-builds/dk.ehealth.sundhed.fhir.ig.core#10.0.2-milestone                      (00:00.036 / 00:18.676, 2Gb)
Unable to load IG as an r5 IG - try R4 (property code is a class com.google.gson.JsonPrimitive looking for an object) (00:00.037 / 00:18.714, 2Gb)
Load Template from #ig-template                                                                      (00:00.068 / 00:18.782, 2Gb)
 Load Template from fhir.base.template#current                                                       (00:00.002 / 00:18.785, 2Gb)
[33mThis content depends on fhir.base.template which is no longer considered secure to use
[0;39m[33mSee Security notification at https://www.fhir.org/guides/security-notices/2026-03-npm-dependencies.html
[0;39mScanning directory: /tmp/ig-builds/dk.ehealth.sundhed.fhir.ig.core#10.0.2-milestone/template
======================================================================
Terminology Cache is at /tmp/ig-builds/dk.ehealth.sundhed.fhir.ig.core#10.0.2-milestone/input-cache/txcache. 30 files in cache (00:08.058 / 00:26.843, 2Gb)
Core Package hl7.fhir.r4.core#4.0.1                                                                  (00:00.000 / 00:26.844, 2Gb)
Running Terminology Log: /tmp/ohfu-fhir-ig-11184772195663303439.html
Connect to Terminology Server at https://tx.fhir.org                                                 (00:02.935 / 00:29.780, 3Gb)
[39mLoad Package hl7.fhir.pubpack#0.2.5
[0;39m[39mLoad Package hl7.fhir.xver-extensions#0.1.0
[0;39m[39mLoad Package hl7.terminology.r4#7.3.0
[0;39m[39mLoad Package hl7.fhir.uv.extensions.r4#5.3.0
[0;39m[39mLoad Package hl7.fhir.uv.extensions.r4#5.2.0
[0;39m[39mLoad Package hl7.terminology.r4#7.1.0
[0;39m[39mLoad Package hl7.terminology.r4#6.5.0
[0;39m[39mLoad Package hl7.fhir.uv.extensions.r4#5.3.0-ballot-tc1
[0;39m[39mLoad Package hl7.terminology.r4#6.0.2
[0;39m[39mLoad Package hl7.fhir.uv.extensions.r4#5.1.0
[0;39m[39mLoad Package hl7.fhir.uv.pocd#0.3.0
[0;39m[39mLoad Package hl7.fhir.uv.phd#1.1.0
[0;39m[39mLoad Package hl7.terminology.r4#6.2.0
[0;39m[39mLoad Package hl7.fhir.uv.smart-app-launch#2.0.0
[0;39m[39mLoad Package hl7.fhir.uv.ipa#1.1.0
[0;39m[39mLoad Package ihe.iti.balp#1.1.4
[0;39m[39mLoad Package hl7.terminology.r4#6.3.0
[0;39m[39mLoad Package ihe.formatcode.fhir#1.4.0
[0;39m[39mLoad Package ihe.iti.mhd#4.2.3
[0;39m[39mLoad Package hl7.fhir.dk.core#3.6.0
[0;39m[39mLoad Package hl7.fhir.uv.sdc#2.7.0
[0;39m[39mLoad Package hl7.fhir.uv.tools.r4#1.1.2
[0;39mLoad R5 Specials
Initialization complete                                                                              (00:17.654 / 00:47.433, 1Gb)
Load IG                                                                                              (00:00.001 / 00:47.434, 1Gb)
Load Content                                                                                         (00:00.003 / 00:47.438, 1Gb)
Using da_DK as the default narrative language. (inferred from ImplementationGuide.jurisdiction=DK)   (00:00.171 / 00:47.609, 667Mb)
Process Loaded Resources                                                                             (00:00.921 / 00:48.531, 1Gb)
Generating Snapshots                                                                                 (00:01.217 / 00:49.748, 797Mb)

Signing Certificate: RSA key for Subject: OU=IG Publisher, L=Ann Arbor, CN=hl7.org, O=HL7, ST=Missouri, C=us from: OU=IG Publisher, L=Ann Arbor, CN=hl7.org, O=HL7, ST=Missouri, C=us
Fetch https://ehealth.sundhed.dk/fhir/package-list.json for version check                            (00:01.346 / 00:51.095, 1Gb)
Checking Language                                                                                    (00:00.065 / 00:51.160, 1Gb)
Load Dependency Info                                                                                 (00:00.009 / 00:51.169, 1Gb)
Load Info                                                                                            (00:00.002 / 00:51.172, 1Gb)
Load Paths                                                                                           (00:00.001 / 00:51.174, 1Gb)
Check R4 / R4B                                                                                       (00:00.001 / 00:51.175, 1Gb)
Assign Comparison Ids                                                                                (00:00.207 / 00:51.382, 941Mb)
Propagating status                                                                                   (00:00.001 / 00:51.383, 941Mb)
Generating Narratives                                                                                (00:00.000 / 00:51.384, 941Mb)
[33mThe resource type ValueSet cannot be treated as a CodeSystem
[0;39m[33mThe resource type ValueSet cannot be treated as a CodeSystem
[0;39m[33mThe resource type ValueSet cannot be treated as a CodeSystem
[0;39m[33mThe resource type ValueSet cannot be treated as a CodeSystem
[0;39m[33mThe resource type ValueSet cannot be treated as a CodeSystem
[0;39m[33mThe resource type ValueSet cannot be treated as a CodeSystem
[0;39m[33mThe resource type ValueSet cannot be treated as a CodeSystem
[0;39m[33mThe resource type ValueSet cannot be treated as a CodeSystem
[0;39m[33mThe resource type ValueSet cannot be treated as a CodeSystem
[0;39m[33mThe resource type ValueSet cannot be treated as a CodeSystem
[0;39m[33mThe resource type ValueSet cannot be treated as a CodeSystem
[0;39m[33mThe resource type ValueSet cannot be treated as a CodeSystem
[0;39m[33mThe resource type ValueSet cannot be treated as a CodeSystem
[0;39m[33mThe resource type ValueSet cannot be treated as a CodeSystem
[0;39m[33mThe resource type ValueSet cannot be treated as a CodeSystem
[0;39m[33mThe resource type ValueSet cannot be treated as a CodeSystem
[0;39m[33mThe resource type ValueSet cannot be treated as a CodeSystem
[0;39m[33mThe resource type ValueSet cannot be treated as a CodeSystem
[0;39m[33mThe resource type ValueSet cannot be treated as a CodeSystem
[0;39m[33mThe resource type ValueSet cannot be treated as a CodeSystem
[0;39m[33mThe resource type ValueSet cannot be treated as a CodeSystem
[0;39m[33mThe resource type ValueSet cannot be treated as a CodeSystem
[0;39m[33mThe resource type ValueSet cannot be treated as a CodeSystem
[0;39m[33mThe resource type ValueSet cannot be treated as a CodeSystem
[0;39m[33mThe resource type ValueSet cannot be treated as a CodeSystem
[0;39m[33mThe resource type ValueSet cannot be treated as a CodeSystem
[0;39m[33mThe resource type ValueSet cannot be treated as a CodeSystem
[0;39m[33mThe resource type ValueSet cannot be treated as a CodeSystem
[0;39m[33mThe resource type ValueSet cannot be treated as a CodeSystem
[0;39m[33mThe resource type ValueSet cannot be treated as a CodeSystem
[0;39m[33mThe resource type ValueSet cannot be treated as a CodeSystem
[0;39m[33mThe resource type ValueSet cannot be treated as a CodeSystem
[0;39m[33mThe resource type ValueSet cannot be treated as a CodeSystem
[0;39m[33mThe resource type ValueSet cannot be treated as a CodeSystem
[0;39m[33mThe resource type ValueSet cannot be treated as a CodeSystem
[0;39mValidating Conformance Resources                                                                     (00:03.709 / 00:55.093, 1Gb)
[33mThe resource type ValueSet cannot be treated as a CodeSystem
[0;39m[33mThe resource type ValueSet cannot be treated as a CodeSystem
[0;39mCheck profiles & code systems                                                                        (00:15.064 / 01:10.158, 1Gb)
Check realm rules                                                                                    (00:00.015 / 01:10.174, 1Gb)
Previous Version Comparison                                                                          (00:00.001 / 01:10.176, 1Gb)
Comparing previous version 10.0.1                                                                    (00:00.001 / 01:10.177, 1Gb)
.. loaded. Process                                                                                   (00:18.118 / 01:28.295, 1Gb)
finish previous version comparison                                                                   (00:00.002 / 01:28.297, 1Gb)
finish ipa version                                                                                   (00:04.100 / 01:32.398, 2Gb)
finish ips version                                                                                   (00:00.001 / 01:32.400, 2Gb)
comparisons done                                                                                     (00:00.001 / 01:32.401, 2Gb)
Checking for Bundles to sign                                                                         (00:00.138 / 01:32.539, 2Gb)
Validating Resources                                                                                 (00:00.001 / 01:32.541, 2Gb)
[33mGot error response with no Content-Type from https://terminologystandardsservice.ca/tx/fhir with status 401
[0;39m[33m
[0;39mProcessing Provenance Records                                                                        (00:21.262 / 01:53.803, 2Gb)
Generating Outputs in /tmp/ig-builds/dk.ehealth.sundhed.fhir.ig.core#10.0.2-milestone/output         (00:00.001 / 01:53.805, 2Gb)
Generate Native Outputs                                                                              (00:00.276 / 01:54.082, 2Gb)
Run Template                                                                                         (00:35.516 / 02:29.599, 2Gb)
Generate HTML Outputs                                                                                (00:02.051 / 02:31.650, 2Gb)
[33mThe resource type ValueSet cannot be treated as a CodeSystem
[0;39m[33mThe resource type ValueSet cannot be treated as a CodeSystem
[0;39m[33mThe resource type ValueSet cannot be treated as a CodeSystem
[0;39m[33mThe resource type ValueSet cannot be treated as a CodeSystem
[0;39m[33mThe resource type ValueSet cannot be treated as a CodeSystem
[0;39m[33mThe resource type ValueSet cannot be treated as a CodeSystem
[0;39m[33mThe resource type ValueSet cannot be treated as a CodeSystem
[0;39m[33mThe resource type ValueSet cannot be treated as a CodeSystem
[0;39m[33mThe resource type ValueSet cannot be treated as a CodeSystem
[0;39m[33mThe resource type ValueSet cannot be treated as a CodeSystem
[0;39m[33mThe resource type ValueSet cannot be treated as a CodeSystem
[0;39m[33mThe resource type ValueSet cannot be treated as a CodeSystem
[0;39m[33mThe resource type ValueSet cannot be treated as a CodeSystem
[0;39m[33mThe resource type ValueSet cannot be treated as a CodeSystem
[0;39m[33mThe resource type ValueSet cannot be treated as a CodeSystem
[0;39m[33mThe resource type ValueSet cannot be treated as a CodeSystem
[0;39m[33mThe resource type ValueSet cannot be treated as a CodeSystem
[0;39m[33mThe resource type ValueSet cannot be treated as a CodeSystem
[0;39m[33mThe resource type ValueSet cannot be treated as a CodeSystem
[0;39m[33mThe resource type ValueSet cannot be treated as a CodeSystem
[0;39m[33mThe resource type ValueSet cannot be treated as a CodeSystem
[0;39m[33mThe resource type ValueSet cannot be treated as a CodeSystem
[0;39m[33mThe resource type ValueSet cannot be treated as a CodeSystem
[0;39m[33mThe resource type ValueSet cannot be treated as a CodeSystem
[0;39m[33mThe resource type ValueSet cannot be treated as a CodeSystem
[0;39m[33mThe resource type ValueSet cannot be treated as a CodeSystem
[0;39m[33mThe resource type ValueSet cannot be treated as a CodeSystem
[0;39m[33mThe resource type ValueSet cannot be treated as a CodeSystem
[0;39m[33mThe resource type ValueSet cannot be treated as a CodeSystem
[0;39m[33mThe resource type ValueSet cannot be treated as a CodeSystem
[0;39m[33mThe resource type ValueSet cannot be treated as a CodeSystem
[0;39m[33mThe resource type ValueSet cannot be treated as a CodeSystem
[0;39m[33mThe resource type ValueSet cannot be treated as a CodeSystem
[0;39m[33mThe resource type ValueSet cannot be treated as a CodeSystem
[0;39m[33mThe resource type ValueSet cannot be treated as a CodeSystem
[0;39m[33mThe resource type ValueSet cannot be treated as a CodeSystem
[0;39m[33mThe resource type ValueSet cannot be treated as a CodeSystem
[0;39m[33mThe resource type ValueSet cannot be treated as a CodeSystem
[0;39m[33mThe resource type ValueSet cannot be treated as a CodeSystem
[0;39m[33mThe resource type ValueSet cannot be treated as a CodeSystem
[0;39m[33mThe resource type ValueSet cannot be treated as a CodeSystem
[0;39m[33mThe resource type ValueSet cannot be treated as a CodeSystem
[0;39m[33mThe resource type ValueSet cannot be treated as a CodeSystem
[0;39m[33mThe resource type ValueSet cannot be treated as a CodeSystem
[0;39m[33mThe resource type ValueSet cannot be treated as a CodeSystem
[0;39m[33mThe resource type ValueSet cannot be treated as a CodeSystem
[0;39m[33mThe resource type ValueSet cannot be treated as a CodeSystem
[0;39m[33mThe resource type ValueSet cannot be treated as a CodeSystem
[0;39m[33mThe resource type ValueSet cannot be treated as a CodeSystem
[0;39m[33mThe resource type ValueSet cannot be treated as a CodeSystem
[0;39m[33mThe resource type ValueSet cannot be treated as a CodeSystem
[0;39m[33mThe resource type ValueSet cannot be treated as a CodeSystem
[0;39m[33mThe resource type ValueSet cannot be treated as a CodeSystem
[0;39m[33mThe resource type ValueSet cannot be treated as a CodeSystem
[0;39m[33mThe resource type ValueSet cannot be treated as a CodeSystem
[0;39m[33mThe resource type ValueSet cannot be treated as a CodeSystem
[0;39m[33mThe resource type ValueSet cannot be treated as a CodeSystem
[0;39m[33mThe resource type ValueSet cannot be treated as a CodeSystem
[0;39m[33mThe resource type ValueSet cannot be treated as a CodeSystem
[0;39m[33mThe resource type ValueSet cannot be treated as a CodeSystem
[0;39m[33mThe resource type ValueSet cannot be treated as a CodeSystem
[0;39m[33mThe resource type ValueSet cannot be treated as a CodeSystem
[0;39m[33mThe resource type ValueSet cannot be treated as a CodeSystem
[0;39m[33mThe resource type ValueSet cannot be treated as a CodeSystem
[0;39m[33mThe resource type ValueSet cannot be treated as a CodeSystem
[0;39m[33mThe resource type ValueSet cannot be treated as a CodeSystem
[0;39m[33mThe resource type ValueSet cannot be treated as a CodeSystem
[0;39m[33mThe resource type ValueSet cannot be treated as a CodeSystem
[0;39m[33mThe resource type ValueSet cannot be treated as a CodeSystem
[0;39m[33mThe resource type ValueSet cannot be treated as a CodeSystem
[0;39m[33mThe resource type ValueSet cannot be treated as a CodeSystem
[0;39m[33mThe resource type ValueSet cannot be treated as a CodeSystem
[0;39m[33mThe resource type ValueSet cannot be treated as a CodeSystem
[0;39m[33mThe resource type ValueSet cannot be treated as a CodeSystem
[0;39m[33mThe resource type ValueSet cannot be treated as a CodeSystem
[0;39m[33mThe resource type ValueSet cannot be treated as a CodeSystem
[0;39mGenerate Spreadsheets                                                                                (00:31.337 / 03:02.987, 2Gb)
Generate Summaries                                                                                   (00:08.886 / 03:11.874, 3Gb)
Generating Summary Outputs                                                                           (00:00.000 / 03:11.875, 3Gb)
[33mThe resource type ValueSet cannot be treated as a CodeSystem
[0;39m[33mThe resource type ValueSet cannot be treated as a CodeSystem
[0;39mTable of contents has a section with more than 222 entries.  Collapsing will not work reliably
DB Cumulative Time invested: 00:00:01.103
Sending Usage Stats to Server                                                                        (00:08.192 / 03:20.068, 3Gb)
## Memory (MB): Use = 3097, Free = 598, Total = 3696, Max = 3998                                     (00:00.001 / 03:20.069, 3Gb)
Reclaiming memory...                                                                                 (00:00.000 / 03:20.070, 3Gb)
Generating combined package                                                                          (00:00.124 / 03:20.194, 3Gb)
Error generating combined package: /tmp/ig-builds/dk.ehealth.sundhed.fhir.ig.core#10.0.2-milestone/output/package.tgz (No such file or directory) (00:00.000 / 03:20.195, 3Gb)
## Memory (MB): Use = 1916, Free = 1779, Total = 3696, Max = 3998                                    (00:01.204 / 03:21.400, 1Gb)
Run jekyll: jekyll build --destination "/tmp/ig-builds/dk.ehealth.sundhed.fhir.ig.core#10.0.2-milestone/output" (in folder /tmp/ig-builds/dk.ehealth.sundhed.fhir.ig.core#10.0.2-milestone/temp/pages) (00:00.001 / 03:21.402, 1Gb)
Troubleshooting Note: usual cases for Jekyll to fail are:                                            (00:00.001 / 03:21.403, 1Gb)
* A failure to produce a fragment that is already logged in the output above                         (00:00.000 / 03:21.404, 1Gb)
* A reference to a manually edited file that hasn't been provided                                    (00:00.000 / 03:21.405, 1Gb)
Jekyll: Source: /tmp/ig-builds/dk.ehealth.sundhed.fhir.ig.core#10.0.2-milestone/temp/pages           (00:00.358 / 03:21.763, 1Gb)
Jekyll: Generating...                                                                                (00:00.000 / 03:21.764, 1Gb)
Jekyll: done in 20.621 seconds.                                                                      (00:20.620 / 03:42.384, 1Gb)
[39m
[0;39m[39mInstalling dk.ehealth.sundhed.fhir.ig.core#10.0.2
[0;39m[39m loaded @ /root/.fhir/packages/dk.ehealth.sundhed.fhir.ig.core#10.0.2
[0;39mChecking Output HTML                                                                                 (00:09.805 / 03:52.190, 3Gb)
Processed /tmp/ig-builds/dk.ehealth.sundhed.fhir.ig.core#10.0.2-milestone/output - % reduction = 98 (374805952 ==> 8651927)
found 9393 files                                                                                     (00:06.109 / 03:58.300, 2Gb)
........................................
........................................
  ... 9393 html files, 0 pages invalid xhtml (0%)                                                    (01:29.737 / 05:28.037, 2Gb)
  ... 1446709 links, 1216 broken links (0%)                                                          (00:00.000 / 05:28.038, 2Gb)
Generate fragment-usage-analysis.csv                                                                 (00:00.001 / 05:28.039, 2Gb)
Build final .zip                                                                                     (00:00.008 / 05:28.047, 2Gb)
Final .zip built                                                                                     (00:13.255 / 05:41.303, 2Gb)
Built. Times: loading: 00:03.722, generate: 05:01.455, narrative generation: 00:03.707, realm-rules: 00:00.001, previous-version: 00:22.224, jekyll: 00:21.111, validation: 00:32.763 (#689), template: 00:02.056 (#3) (00:11.312 / 05:52.616, 3Gb)
Generating QA                                                                                        (00:00.001 / 05:52.618, 3Gb)
Internal error in location for message: 'Error @1, 2: Found / expecting a token name', loc = '/tmp/ig-builds/dk.ehealth.sundhed.fhir.ig.core#10.0.2-milestone/output/OperationDefinition--s-submit', err = 'Illegal HTML: illegal html element: the (" or "urn:uuid:.".)'
Internal error in location for message: 'Error @1, 2: Found / expecting a token name', loc = '/tmp/ig-builds/dk.ehealth.sundhed.fhir.ig.core#10.0.2-milestone/output/StructureDefinition-ehealth-a', err = 'The html source has duplicate anchor Ids: root'
Internal error in location for message: 'Error @1, 2: Found / expecting a token name', loc = '/tmp/ig-builds/dk.ehealth.sundhed.fhir.ig.core#10.0.2-milestone/output/StructureDefinition-ehealth-a', err = 'The html source has duplicate anchor Ids: root'
Internal error in location for message: 'Error @1, 2: Found / expecting a token name', loc = '/tmp/ig-builds/dk.ehealth.sundhed.fhir.ig.core#10.0.2-milestone/output/StructureDefinition-ehealth-a', err = 'The html source has duplicate anchor Ids: root'
Internal error in location for message: 'Error @1, 2: Found / expecting a token name', loc = '/tmp/ig-builds/dk.ehealth.sundhed.fhir.ig.core#10.0.2-milestone/output/StructureDefinition-ehealth-a', err = 'The html source has duplicate anchor Ids: root'
Internal error in location for message: 'Error @1, 2: Found / expecting a token name', loc = '/tmp/ig-builds/dk.ehealth.sundhed.fhir.ig.core#10.0.2-milestone/output/StructureDefinition-ehealth-a', err = 'The html source has duplicate anchor Ids: root'
Internal error in location for message: 'Error @1, 2: Found / expecting a token name', loc = '/tmp/ig-builds/dk.ehealth.sundhed.fhir.ig.core#10.0.2-milestone/output/StructureDefinition-ehealth-a', err = 'The html source has duplicate anchor Ids: root'
Internal error in location for message: 'Error @1, 2: Found / expecting a token name', loc = '/tmp/ig-builds/dk.ehealth.sundhed.fhir.ig.core#10.0.2-milestone/output/StructureDefinition-ehealth-c', err = 'The html source has duplicate anchor Ids: root'
Internal error in location for message: 'Error @1, 2: Found / expecting a token name', loc = '/tmp/ig-builds/dk.ehealth.sundhed.fhir.ig.core#10.0.2-milestone/output/StructureDefinition-ehealth-c', err = 'Illegal HTML: illegal html element: uuid ().)'
Internal error in location for message: 'Error @1, 2: Found / expecting a token name', loc = '/tmp/ig-builds/dk.ehealth.sundhed.fhir.ig.core#10.0.2-milestone/output/StructureDefinition-ehealth-c', err = 'The html source has duplicate anchor Ids: root'
Internal error in location for message: 'Error @1, 2: Found / expecting a token name', loc = '/tmp/ig-builds/dk.ehealth.sundhed.fhir.ig.core#10.0.2-milestone/output/StructureDefinition-ehealth-c', err = 'The html source has duplicate anchor Ids: root'
Internal error in location for message: 'Error @1, 2: Found / expecting a token name', loc = '/tmp/ig-builds/dk.ehealth.sundhed.fhir.ig.core#10.0.2-milestone/output/StructureDefinition-ehealth-c', err = 'The html source has duplicate anchor Ids: root'
Internal error in location for message: 'Error @1, 2: Found / expecting a token name', loc = '/tmp/ig-builds/dk.ehealth.sundhed.fhir.ig.core#10.0.2-milestone/output/StructureDefinition-ehealth-c', err = 'The html source has duplicate anchor Ids: root'
Internal error in location for message: 'Error @1, 2: Found / expecting a token name', loc = '/tmp/ig-builds/dk.ehealth.sundhed.fhir.ig.core#10.0.2-milestone/output/StructureDefinition-ehealth-c', err = 'The html source has duplicate anchor Ids: root'
Internal error in location for message: 'Error @1, 2: Found / expecting a token name', loc = '/tmp/ig-builds/dk.ehealth.sundhed.fhir.ig.core#10.0.2-milestone/output/StructureDefinition-ehealth-c', err = 'The html source has duplicate anchor Ids: root'
Internal error in location for message: 'Error @1, 2: Found / expecting a token name', loc = '/tmp/ig-builds/dk.ehealth.sundhed.fhir.ig.core#10.0.2-milestone/output/StructureDefinition-ehealth-c', err = 'The html source has duplicate anchor Ids: root'
Internal error in location for message: 'Error @1, 2: Found / expecting a token name', loc = '/tmp/ig-builds/dk.ehealth.sundhed.fhir.ig.core#10.0.2-milestone/output/StructureDefinition-ehealth-c', err = 'The html source has duplicate anchor Ids: root'
Internal error in location for message: 'Error @1, 2: Found / expecting a token name', loc = '/tmp/ig-builds/dk.ehealth.sundhed.fhir.ig.core#10.0.2-milestone/output/StructureDefinition-ehealth-d', err = 'The html source has duplicate anchor Ids: root'
Internal error in location for message: 'Error @1, 2: Found / expecting a token name', loc = '/tmp/ig-builds/dk.ehealth.sundhed.fhir.ig.core#10.0.2-milestone/output/StructureDefinition-ehealth-d', err = 'The html source has duplicate anchor Ids: root'
Internal error in location for message: 'Error @1, 2: Found / expecting a token name', loc = '/tmp/ig-builds/dk.ehealth.sundhed.fhir.ig.core#10.0.2-milestone/output/StructureDefinition-ehealth-d', err = 'The html source has duplicate anchor Ids: root'
Internal error in location for message: 'Error @1, 2: Found / expecting a token name', loc = '/tmp/ig-builds/dk.ehealth.sundhed.fhir.ig.core#10.0.2-milestone/output/StructureDefinition-ehealth-d', err = 'The html source has duplicate anchor Ids: root'
Internal error in location for message: 'Error @1, 2: Found / expecting a token name', loc = '/tmp/ig-builds/dk.ehealth.sundhed.fhir.ig.core#10.0.2-milestone/output/StructureDefinition-ehealth-d', err = 'The html source has duplicate anchor Ids: root'
Internal error in location for message: 'Error @1, 2: Found / expecting a token name', loc = '/tmp/ig-builds/dk.ehealth.sundhed.fhir.ig.core#10.0.2-milestone/output/StructureDefinition-ehealth-e', err = 'The html source has duplicate anchor Ids: root'
Internal error in location for message: 'Error @1, 2: Found / expecting a token name', loc = '/tmp/ig-builds/dk.ehealth.sundhed.fhir.ig.core#10.0.2-milestone/output/StructureDefinition-ehealth-e', err = 'The html source has duplicate anchor Ids: root'
Internal error in location for message: 'Error @1, 2: Found / expecting a token name', loc = '/tmp/ig-builds/dk.ehealth.sundhed.fhir.ig.core#10.0.2-milestone/output/StructureDefinition-ehealth-g', err = 'The html source has duplicate anchor Ids: root'
Internal error in location for message: 'Error @1, 2: Found / expecting a token name', loc = '/tmp/ig-builds/dk.ehealth.sundhed.fhir.ig.core#10.0.2-milestone/output/StructureDefinition-ehealth-g', err = 'The html source has duplicate anchor Ids: root'
Internal error in location for message: 'Error @1, 2: Found / expecting a token name', loc = '/tmp/ig-builds/dk.ehealth.sundhed.fhir.ig.core#10.0.2-milestone/output/StructureDefinition-ehealth-g', err = 'The html source has duplicate anchor Ids: root'
Internal error in location for message: 'Error @1, 2: Found / expecting a token name', loc = '/tmp/ig-builds/dk.ehealth.sundhed.fhir.ig.core#10.0.2-milestone/output/StructureDefinition-ehealth-g', err = 'The html source has duplicate anchor Ids: root'
Internal error in location for message: 'Error @1, 2: Found / expecting a token name', loc = '/tmp/ig-builds/dk.ehealth.sundhed.fhir.ig.core#10.0.2-milestone/output/StructureDefinition-ehealth-l', err = 'The html source has duplicate anchor Ids: root'
Internal error in location for message: 'Error @1, 2: Found / expecting a token name', loc = '/tmp/ig-builds/dk.ehealth.sundhed.fhir.ig.core#10.0.2-milestone/output/StructureDefinition-ehealth-m', err = 'The html source has duplicate anchor Ids: root'
Internal error in location for message: 'Error @1, 2: Found / expecting a token name', loc = '/tmp/ig-builds/dk.ehealth.sundhed.fhir.ig.core#10.0.2-milestone/output/StructureDefinition-ehealth-m', err = 'The html source has duplicate anchor Ids: root'
Internal error in location for message: 'Error @1, 2: Found / expecting a token name', loc = '/tmp/ig-builds/dk.ehealth.sundhed.fhir.ig.core#10.0.2-milestone/output/StructureDefinition-ehealth-m', err = 'The html source has duplicate anchor Ids: root'
Internal error in location for message: 'Error @1, 2: Found / expecting a token name', loc = '/tmp/ig-builds/dk.ehealth.sundhed.fhir.ig.core#10.0.2-milestone/output/StructureDefinition-ehealth-o', err = 'The html source has duplicate anchor Ids: root'
Internal error in location for message: 'Error @1, 2: Found / expecting a token name', loc = '/tmp/ig-builds/dk.ehealth.sundhed.fhir.ig.core#10.0.2-milestone/output/StructureDefinition-ehealth-o', err = 'The html source has duplicate anchor Ids: root'
Internal error in location for message: 'Error @1, 2: Found / expecting a token name', loc = '/tmp/ig-builds/dk.ehealth.sundhed.fhir.ig.core#10.0.2-milestone/output/StructureDefinition-ehealth-o', err = 'The html source has duplicate anchor Ids: root'
Internal error in location for message: 'Error @1, 2: Found / expecting a token name', loc = '/tmp/ig-builds/dk.ehealth.sundhed.fhir.ig.core#10.0.2-milestone/output/StructureDefinition-ehealth-p', err = 'The html source has duplicate anchor Ids: root'
Internal error in location for message: 'Error @1, 2: Found / expecting a token name', loc = '/tmp/ig-builds/dk.ehealth.sundhed.fhir.ig.core#10.0.2-milestone/output/StructureDefinition-ehealth-p', err = 'The html source has duplicate anchor Ids: root'
Internal error in location for message: 'Error @1, 2: Found / expecting a token name', loc = '/tmp/ig-builds/dk.ehealth.sundhed.fhir.ig.core#10.0.2-milestone/output/StructureDefinition-ehealth-p', err = 'The html source has duplicate anchor Ids: root'
Internal error in location for message: 'Error @1, 2: Found / expecting a token name', loc = '/tmp/ig-builds/dk.ehealth.sundhed.fhir.ig.core#10.0.2-milestone/output/StructureDefinition-ehealth-p', err = 'The html source has duplicate anchor Ids: root'
Internal error in location for message: 'Error @1, 2: Found / expecting a token name', loc = '/tmp/ig-builds/dk.ehealth.sundhed.fhir.ig.core#10.0.2-milestone/output/StructureDefinition-ehealth-p', err = 'The html source has duplicate anchor Ids: root'
Internal error in location for message: 'Error @1, 2: Found / expecting a token name', loc = '/tmp/ig-builds/dk.ehealth.sundhed.fhir.ig.core#10.0.2-milestone/output/StructureDefinition-ehealth-q', err = 'The html source has duplicate anchor Ids: root'
Internal error in location for message: 'Error @1, 2: Found / expecting a token name', loc = '/tmp/ig-builds/dk.ehealth.sundhed.fhir.ig.core#10.0.2-milestone/output/StructureDefinition-ehealth-q', err = 'The html source has duplicate anchor Ids: root'
Internal error in location for message: 'Error @1, 2: Found / expecting a token name', loc = '/tmp/ig-builds/dk.ehealth.sundhed.fhir.ig.core#10.0.2-milestone/output/StructureDefinition-ehealth-q', err = 'The html source has duplicate anchor Ids: root'
Internal error in location for message: 'Error @1, 2: Found / expecting a token name', loc = '/tmp/ig-builds/dk.ehealth.sundhed.fhir.ig.core#10.0.2-milestone/output/StructureDefinition-ehealth-r', err = 'The html source has duplicate anchor Ids: root'
Internal error in location for message: 'Error @1, 2: Found / expecting a token name', loc = '/tmp/ig-builds/dk.ehealth.sundhed.fhir.ig.core#10.0.2-milestone/output/StructureDefinition-ehealth-s', err = 'The html source has duplicate anchor Ids: root'
Internal error in location for message: 'Error @1, 2: Found / expecting a token name', loc = '/tmp/ig-builds/dk.ehealth.sundhed.fhir.ig.core#10.0.2-milestone/output/StructureDefinition-ehealth-s', err = 'The html source has duplicate anchor Ids: root'
Internal error in location for message: 'Error @1, 2: Found / expecting a token name', loc = '/tmp/ig-builds/dk.ehealth.sundhed.fhir.ig.core#10.0.2-milestone/output/StructureDefinition-ehealth-t', err = 'The html source has duplicate anchor Ids: root'
Internal error in location for message: 'Error @1, 2: Found / expecting a token name', loc = '/tmp/ig-builds/dk.ehealth.sundhed.fhir.ig.core#10.0.2-milestone/output/StructureDefinition-ehealth-t', err = 'The html source has duplicate anchor Ids: root'
Internal error in location for message: 'Error @1, 2: Found / expecting a token name', loc = '/tmp/ig-builds/dk.ehealth.sundhed.fhir.ig.core#10.0.2-milestone/output/StructureDefinition-ehealth-v', err = 'The html source has duplicate anchor Ids: root'
Internal error in location for message: 'Error @1, 2: Found / expecting a token name', loc = '/tmp/ig-builds/dk.ehealth.sundhed.fhir.ig.core#10.0.2-milestone/output/StructureDefinition-ehealth-v', err = 'The html source has duplicate anchor Ids: root'
Internal error in location for message: 'Error @1, 2: Found / expecting a token name', loc = '/tmp/ig-builds/dk.ehealth.sundhed.fhir.ig.core#10.0.2-milestone/output/error-messages.html', err = 'Illegal HTML: illegal html element: DocumentEntry.uniqueId (__)'
Internal error in location for message: 'Error @1, 2: Found / expecting a token name', loc = '/tmp/ig-builds/dk.ehealth.sundhed.fhir.ig.core#10.0.2-milestone/output/systematic-error-messages.htm', err = 'Illegal HTML: illegal html element: DocumentEntry.uniqueId (__)'
Validation output in /tmp/ig-builds/dk.ehealth.sundhed.fhir.ig.core#10.0.2-milestone/output/qa.html
Errors: 2381, Warnings: 1928, Info: 1197, Broken Links: 1216 (00:01.592 / 05:54.210, 2Gb)
Finished @ 10.09.2026 10.18. Max Memory Used = 3Gb. Log file saved in /tmp/fhir-ig-publisher-tmp.log (00:00.097 / 05:54.308, 2Gb)
Keep a copy of the build directory at /tmp/web-root/run-20260910/ig-build-zips/dk.ehealth.sundhed.fhir.ig.core#10.0.2.zip

ok. All checks passed. Publish v10.0.2 to /tmp/web-root/run-20260910/fhir/10.0.2
Copy the IG to /tmp/web-root/run-20260910/fhir/10.0.2
Update /tmp/web-root/run-20260910/fhir/package-list.json
Publish Box Statement: This page is part of the FUT Infrastructure (v10.0.2: Release) based on <a data-no-external="true" href="http://hl7.org/fhir/R4">FHIR (HL7® FHIR® Standard) R4</a>. This is the current published version in its permanent home (it will always be available at this URL).  For a full list of available versions, see the <a data-no-external="true" href="http://ehealth.sundhed.dk/fhir/history.html">Directory of published versions</a>
  .. 4648 files checked, 4648 updated
  .. 689 redirections (689 created/updated)
This is a milestone release - publish v10.0.2 to /tmp/web-root/run-20260910/fhir
Update publish box for version 10.0.1 @ http://ehealth.sundhed.dk/fhir/10.0.1
Publish Box Statement: This page is part of the FUT Infrastructure (v10.0.1: Release) based on <a data-no-external="true" href="http://hl7.org/fhir/R4">FHIR (HL7® FHIR® Standard) R4</a>. The current version which supersedes this version is <a data-no-external="true" href="http://ehealth.sundhed.dk/fhir{{fn}}">10.0.2</a>.  For a full list of available versions, see the <a data-no-external="true" href="http://ehealth.sundhed.dk/fhir/history.html">Directory of published versions</a>
  .. 4648 files checked, 4648 updated
Building download for /tmp/web-root/run-20260910/fhir/10.0.1 url = http://ehealth.sundhed.dk/fhir/10.0.1, canonical = http://ehealth.sundhed.dk/fhir
  ................................................................................
  ................................................................................
  ................................................................................
  ................................................................................
  ................................................................................
  ................................................................................
  ................................................................................
  ................................................................................
  ....................................................
 ..Finished
Update publish box for version 10.0.0 @ http://ehealth.sundhed.dk/fhir/10.0.0
Publish Box Statement: This page is part of the FUT Infrastructure (v10.0.0: Release) based on <a data-no-external="true" href="http://hl7.org/fhir/R4">FHIR (HL7® FHIR® Standard) R4</a>. The current version which supersedes this version is <a data-no-external="true" href="http://ehealth.sundhed.dk/fhir{{fn}}">10.0.2</a>.  For a full list of available versions, see the <a data-no-external="true" href="http://ehealth.sundhed.dk/fhir/history.html">Directory of published versions</a>
  .. 4648 files checked, 4648 updated
Building download for /tmp/web-root/run-20260910/fhir/10.0.0 url = http://ehealth.sundhed.dk/fhir/10.0.0, canonical = http://ehealth.sundhed.dk/fhir
  ................................................................................
  ................................................................................
  ................................................................................
  ................................................................................
  ................................................................................
  ................................................................................
  ................................................................................
  ................................................................................
  ............................................................
 ..Finished
Update publish box for version 9.0.1 @ http://ehealth.sundhed.dk/fhir/9.0.1
Publish Box Statement: This page is part of the FUT Infrastructure (v9.0.1: Release) based on <a data-no-external="true" href="http://hl7.org/fhir/R4">FHIR (HL7® FHIR® Standard) R4</a>. The current version which supersedes this version is <a data-no-external="true" href="http://ehealth.sundhed.dk/fhir{{fn}}">10.0.2</a>.  For a full list of available versions, see the <a data-no-external="true" href="http://ehealth.sundhed.dk/fhir/history.html">Directory of published versions</a>
  .. 4350 files checked, 4350 updated
Building download for /tmp/web-root/run-20260910/fhir/9.0.1 url = http://ehealth.sundhed.dk/fhir/9.0.1, canonical = http://ehealth.sundhed.dk/fhir
  ................................................................................
  ................................................................................
  ................................................................................
  ................................................................................
  ................................................................................
  ................................................................................
  ................................................................................
  ...................
 ..Finished
Update publish box for version 9.0.0 @ http://ehealth.sundhed.dk/fhir/9.0.0
Publish Box Statement: This page is part of the FUT Infrastructure (v9.0.0: Release) based on <a data-no-external="true" href="http://hl7.org/fhir/R4">FHIR (HL7® FHIR® Standard) R4</a>. The current version which supersedes this version is <a data-no-external="true" href="http://ehealth.sundhed.dk/fhir{{fn}}">10.0.2</a>.  For a full list of available versions, see the <a data-no-external="true" href="http://ehealth.sundhed.dk/fhir/history.html">Directory of published versions</a>
  .. 4356 files checked, 4356 updated
Building download for /tmp/web-root/run-20260910/fhir/9.0.0 url = http://ehealth.sundhed.dk/fhir/9.0.0, canonical = http://ehealth.sundhed.dk/fhir
  ................................................................................
  ................................................................................
  ................................................................................
  ................................................................................
  ................................................................................
  ................................................................................
  ................................................................................
  ..............
 ..Finished
Update publish box for version 8.0.1 @ http://ehealth.sundhed.dk/fhir/8.0.1
Publish Box Statement: This page is part of the FUT Infrastructure (v8.0.1: Release) based on <a data-no-external="true" href="http://hl7.org/fhir/R4">FHIR (HL7® FHIR® Standard) R4</a>. The current version which supersedes this version is <a data-no-external="true" href="http://ehealth.sundhed.dk/fhir{{fn}}">10.0.2</a>.  For a full list of available versions, see the <a data-no-external="true" href="http://ehealth.sundhed.dk/fhir/history.html">Directory of published versions</a>
  .. 4190 files checked, 4190 updated
Building download for /tmp/web-root/run-20260910/fhir/8.0.1 url = http://ehealth.sundhed.dk/fhir/8.0.1, canonical = http://ehealth.sundhed.dk/fhir
  ................................................................................
  ................................................................................
  ................................................................................
  ................................................................................
  ................................................................................
  ................................................................................
  ..........................................................................
 ..Finished
Update publish box for version 8.0.0 @ http://ehealth.sundhed.dk/fhir/8.0.0
Publish Box Statement: This page is part of the FUT Infrastructure (v8.0.0: Release) based on <a data-no-external="true" href="http://hl7.org/fhir/R4">FHIR (HL7® FHIR® Standard) R4</a>. The current version which supersedes this version is <a data-no-external="true" href="http://ehealth.sundhed.dk/fhir{{fn}}">10.0.2</a>.  For a full list of available versions, see the <a data-no-external="true" href="http://ehealth.sundhed.dk/fhir/history.html">Directory of published versions</a>
  .. 4190 files checked, 4190 updated
Building download for /tmp/web-root/run-20260910/fhir/8.0.0 url = http://ehealth.sundhed.dk/fhir/8.0.0, canonical = http://ehealth.sundhed.dk/fhir
  ................................................................................
  ................................................................................
  ................................................................................
  ................................................................................
  ................................................................................
  ................................................................................
  ......................................................................
 ..Finished
Update publish box for version 7.0.8 @ http://ehealth.sundhed.dk/fhir/7.0.8
Publish Box Statement: This page is part of the FUT Infrastructure (v7.0.8: Release) based on <a data-no-external="true" href="http://hl7.org/fhir/R4">FHIR (HL7® FHIR® Standard) R4</a>. The current version which supersedes this version is <a data-no-external="true" href="http://ehealth.sundhed.dk/fhir{{fn}}">10.0.2</a>.  For a full list of available versions, see the <a data-no-external="true" href="http://ehealth.sundhed.dk/fhir/history.html">Directory of published versions</a>
  .. 3954 files checked, 3954 updated
Building download for /tmp/web-root/run-20260910/fhir/7.0.8 url = http://ehealth.sundhed.dk/fhir/7.0.8, canonical = http://ehealth.sundhed.dk/fhir
  ................................................................................
  ................................................................................
  ................................................................................
  ................................................................................
  ................................................................................
  ................................................................................
  ...........................................
 ..Finished
Update publish box for version 6.0.2 @ http://ehealth.sundhed.dk/fhir/6.0.2
Publish Box Statement: This page is part of the FUT Infrastructure (v6.0.2: Release) based on <a data-no-external="true" href="http://hl7.org/fhir/R4">FHIR (HL7® FHIR® Standard) R4</a>. The current version which supersedes this version is <a data-no-external="true" href="http://ehealth.sundhed.dk/fhir{{fn}}">10.0.2</a>.  For a full list of available versions, see the <a data-no-external="true" href="http://ehealth.sundhed.dk/fhir/history.html">Directory of published versions</a>
  .. 3948 files checked, 3948 updated
Building download for /tmp/web-root/run-20260910/fhir/6.0.2 url = http://ehealth.sundhed.dk/fhir/6.0.2, canonical = http://ehealth.sundhed.dk/fhir
  ................................................................................
  ................................................................................
  ................................................................................
  ................................................................................
  ................................................................................
  ................................................................................
  ..........................................
 ..Finished
Update publish box for version 6.0.1 @ http://ehealth.sundhed.dk/fhir/6.0.1
Publish Box Statement: This page is part of the FUT Infrastructure (v6.0.1: Release) based on <a data-no-external="true" href="http://hl7.org/fhir/R4">FHIR (HL7® FHIR® Standard) R4</a>. The current version which supersedes this version is <a data-no-external="true" href="http://ehealth.sundhed.dk/fhir{{fn}}">10.0.2</a>.  For a full list of available versions, see the <a data-no-external="true" href="http://ehealth.sundhed.dk/fhir/history.html">Directory of published versions</a>
  .. 3947 files checked, 3947 updated
Building download for /tmp/web-root/run-20260910/fhir/6.0.1 url = http://ehealth.sundhed.dk/fhir/6.0.1, canonical = http://ehealth.sundhed.dk/fhir
  ................................................................................
  ................................................................................
  ................................................................................
  ................................................................................
  ................................................................................
  ................................................................................
  ...................................................
 ..Finished
Update publish box for version 6.0.0 @ http://ehealth.sundhed.dk/fhir/6.0.0
Publish Box Statement: This page is part of the FUT Infrastructure (v6.0.0: Release) based on <a data-no-external="true" href="http://hl7.org/fhir/R4">FHIR (HL7® FHIR® Standard) R4</a>. The current version which supersedes this version is <a data-no-external="true" href="http://ehealth.sundhed.dk/fhir{{fn}}">10.0.2</a>.  For a full list of available versions, see the <a data-no-external="true" href="http://ehealth.sundhed.dk/fhir/history.html">Directory of published versions</a>
  .. 3944 files checked, 3944 updated
Building download for /tmp/web-root/run-20260910/fhir/6.0.0 url = http://ehealth.sundhed.dk/fhir/6.0.0, canonical = http://ehealth.sundhed.dk/fhir
  ................................................................................
  ................................................................................
  ................................................................................
  ................................................................................
  ................................................................................
  ................................................................................
  ..............................................................
 ..Finished
Update publish box for version 5.0.1 @ http://ehealth.sundhed.dk/fhir/5.0.1
Publish Box Statement: This page is part of the FUT Infrastructure (v5.0.1: Release) based on <a data-no-external="true" href="http://hl7.org/fhir/R4">FHIR (HL7® FHIR® Standard) R4</a>. The current version which supersedes this version is <a data-no-external="true" href="http://ehealth.sundhed.dk/fhir{{fn}}">10.0.2</a>.  For a full list of available versions, see the <a data-no-external="true" href="http://ehealth.sundhed.dk/fhir/history.html">Directory of published versions</a>
  .. 3853 files checked, 3853 updated
Building download for /tmp/web-root/run-20260910/fhir/5.0.1 url = http://ehealth.sundhed.dk/fhir/5.0.1, canonical = http://ehealth.sundhed.dk/fhir
  ................................................................................
  ................................................................................
  ................................................................................
  ................................................................................
  ................................................................................
  ................................................................................
  .............................
 ..Finished
Update publish box for version 5.0.0 @ http://ehealth.sundhed.dk/fhir/5.0.0
Publish Box Statement: This page is part of the FUT Infrastructure (v5.0.0: Release) based on <a data-no-external="true" href="http://hl7.org/fhir/R4">FHIR (HL7® FHIR® Standard) R4</a>. The current version which supersedes this version is <a data-no-external="true" href="http://ehealth.sundhed.dk/fhir{{fn}}">10.0.2</a>.  For a full list of available versions, see the <a data-no-external="true" href="http://ehealth.sundhed.dk/fhir/history.html">Directory of published versions</a>
  .. 3853 files checked, 3853 updated
Building download for /tmp/web-root/run-20260910/fhir/5.0.0 url = http://ehealth.sundhed.dk/fhir/5.0.0, canonical = http://ehealth.sundhed.dk/fhir
  ................................................................................
  ................................................................................
  ................................................................................
  ................................................................................
  ................................................................................
  ................................................................................
  .............................
 ..Finished
Update publish box for version 4.0.1 @ http://ehealth.sundhed.dk/fhir/4.0.1
Publish Box Statement: This page is part of the FUT Infrastructure (v4.0.1: Release) based on <a data-no-external="true" href="http://hl7.org/fhir/R4">FHIR (HL7® FHIR® Standard) R4</a>. The current version which supersedes this version is <a data-no-external="true" href="http://ehealth.sundhed.dk/fhir{{fn}}">10.0.2</a>.  For a full list of available versions, see the <a data-no-external="true" href="http://ehealth.sundhed.dk/fhir/history.html">Directory of published versions</a>
  .. 3853 files checked, 3853 updated
Building download for /tmp/web-root/run-20260910/fhir/4.0.1 url = http://ehealth.sundhed.dk/fhir/4.0.1, canonical = http://ehealth.sundhed.dk/fhir
  ................................................................................
  ................................................................................
  ................................................................................
  ................................................................................
  ................................................................................
  ................................................................................
  .............................
 ..Finished
Update publish box for version 4.0.0 @ http://ehealth.sundhed.dk/fhir/4.0.0
Publish Box Statement: This page is part of the FUT Infrastructure (v4.0.0: Release) based on <a data-no-external="true" href="http://hl7.org/fhir/R4">FHIR (HL7® FHIR® Standard) R4</a>. The current version which supersedes this version is <a data-no-external="true" href="http://ehealth.sundhed.dk/fhir{{fn}}">10.0.2</a>.  For a full list of available versions, see the <a data-no-external="true" href="http://ehealth.sundhed.dk/fhir/history.html">Directory of published versions</a>
  .. 3853 files checked, 3853 updated
Building download for /tmp/web-root/run-20260910/fhir/4.0.0 url = http://ehealth.sundhed.dk/fhir/4.0.0, canonical = http://ehealth.sundhed.dk/fhir
  ................................................................................
  ................................................................................
  ................................................................................
  ................................................................................
  ................................................................................
  ................................................................................
  ............................
 ..Finished
Update publish box for version 3.5.1 @ http://ehealth.sundhed.dk/fhir/3.5.1
Publish Box Statement: This page is part of the FUT Infrastructure (v3.5.1: Release) based on <a data-no-external="true" href="http://hl7.org/fhir/R4">FHIR (HL7® FHIR® Standard) R4</a>. The current version which supersedes this version is <a data-no-external="true" href="http://ehealth.sundhed.dk/fhir{{fn}}">10.0.2</a>.  For a full list of available versions, see the <a data-no-external="true" href="http://ehealth.sundhed.dk/fhir/history.html">Directory of published versions</a>
  .. 3795 files checked, 3795 updated
Building download for /tmp/web-root/run-20260910/fhir/3.5.1 url = http://ehealth.sundhed.dk/fhir/3.5.1, canonical = http://ehealth.sundhed.dk/fhir
  ................................................................................
  ................................................................................
  ................................................................................
  ................................................................................
  ................................................................................
  ................................................................................
  ............................
 ..Finished
Update publish box for version 3.5.0 @ http://ehealth.sundhed.dk/fhir/3.5.0
Publish Box Statement: This page is part of the FUT Infrastructure (v3.5.0: Release) based on <a data-no-external="true" href="http://hl7.org/fhir/R4">FHIR (HL7® FHIR® Standard) R4</a>. The current version which supersedes this version is <a data-no-external="true" href="http://ehealth.sundhed.dk/fhir{{fn}}">10.0.2</a>.  For a full list of available versions, see the <a data-no-external="true" href="http://ehealth.sundhed.dk/fhir/history.html">Directory of published versions</a>
  .. 3795 files checked, 3795 updated
Building download for /tmp/web-root/run-20260910/fhir/3.5.0 url = http://ehealth.sundhed.dk/fhir/3.5.0, canonical = http://ehealth.sundhed.dk/fhir
  ................................................................................
  ................................................................................
  ................................................................................
  ................................................................................
  ................................................................................
  ................................................................................
  ...........................
 ..Finished
Update publish box for version 3.4.1 @ http://ehealth.sundhed.dk/fhir/3.4.1
Publish Box Statement: This page is part of the FUT Infrastructure (v3.4.1: Release) based on <a data-no-external="true" href="http://hl7.org/fhir/R4">FHIR (HL7® FHIR® Standard) R4</a>. The current version which supersedes this version is <a data-no-external="true" href="http://ehealth.sundhed.dk/fhir{{fn}}">10.0.2</a>.  For a full list of available versions, see the <a data-no-external="true" href="http://ehealth.sundhed.dk/fhir/history.html">Directory of published versions</a>
  .. 3788 files checked, 3788 updated
Building download for /tmp/web-root/run-20260910/fhir/3.4.1 url = http://ehealth.sundhed.dk/fhir/3.4.1, canonical = http://ehealth.sundhed.dk/fhir
  ................................................................................
  ................................................................................
  ................................................................................
  ................................................................................
  ................................................................................
  ................................................................................
  ...........................
 ..Finished
Update publish box for version 3.4.0 @ http://ehealth.sundhed.dk/fhir/3.4.0
Publish Box Statement: This page is part of the FUT Infrastructure (v3.4.0: Release) based on <a data-no-external="true" href="http://hl7.org/fhir/R4">FHIR (HL7® FHIR® Standard) R4</a>. The current version which supersedes this version is <a data-no-external="true" href="http://ehealth.sundhed.dk/fhir{{fn}}">10.0.2</a>.  For a full list of available versions, see the <a data-no-external="true" href="http://ehealth.sundhed.dk/fhir/history.html">Directory of published versions</a>
  .. 3782 files checked, 3782 updated
Building download for /tmp/web-root/run-20260910/fhir/3.4.0 url = http://ehealth.sundhed.dk/fhir/3.4.0, canonical = http://ehealth.sundhed.dk/fhir
  ................................................................................
  ................................................................................
  ................................................................................
  ................................................................................
  ................................................................................
  ................................................................................
  .....................
 ..Finished
Update publish box for version 3.3.0 @ http://ehealth.sundhed.dk/fhir/3.3.0
Publish Box Statement: This page is part of the FUT Infrastructure (v3.3.0: Release) based on <a data-no-external="true" href="http://hl7.org/fhir/R4">FHIR (HL7® FHIR® Standard) R4</a>. The current version which supersedes this version is <a data-no-external="true" href="http://ehealth.sundhed.dk/fhir{{fn}}">10.0.2</a>.  For a full list of available versions, see the <a data-no-external="true" href="http://ehealth.sundhed.dk/fhir/history.html">Directory of published versions</a>
  .. 3585 files checked, 3585 updated
Building download for /tmp/web-root/run-20260910/fhir/3.3.0 url = http://ehealth.sundhed.dk/fhir/3.3.0, canonical = http://ehealth.sundhed.dk/fhir
  ................................................................................
  ................................................................................
  ................................................................................
  ................................................................................
  ................................................................................
  ................................
 ..Finished
Update publish box for version 3.2.0 @ http://ehealth.sundhed.dk/fhir/3.2.0
Publish Box Statement: This page is part of the FUT Infrastructure (v3.2.0: Release) based on <a data-no-external="true" href="http://hl7.org/fhir/R4">FHIR (HL7® FHIR® Standard) R4</a>. The current version which supersedes this version is <a data-no-external="true" href="http://ehealth.sundhed.dk/fhir{{fn}}">10.0.2</a>.  For a full list of available versions, see the <a data-no-external="true" href="http://ehealth.sundhed.dk/fhir/history.html">Directory of published versions</a>
  .. 3543 files checked, 3543 updated
Building download for /tmp/web-root/run-20260910/fhir/3.2.0 url = http://ehealth.sundhed.dk/fhir/3.2.0, canonical = http://ehealth.sundhed.dk/fhir
  ................................................................................
  ................................................................................
  ................................................................................
  ................................................................................
  ................................................................................
  ...........................
 ..Finished
Update publish box for version 3.1.0 @ http://ehealth.sundhed.dk/fhir/3.1.0
Publish Box Statement: This page is part of the FUT Infrastructure (v3.1.0: Release) based on <a data-no-external="true" href="http://hl7.org/fhir/R4">FHIR (HL7® FHIR® Standard) R4</a>. The current version which supersedes this version is <a data-no-external="true" href="http://ehealth.sundhed.dk/fhir{{fn}}">10.0.2</a>.  For a full list of available versions, see the <a data-no-external="true" href="http://ehealth.sundhed.dk/fhir/history.html">Directory of published versions</a>
  .. 3429 files checked, 3429 updated
Building download for /tmp/web-root/run-20260910/fhir/3.1.0 url = http://ehealth.sundhed.dk/fhir/3.1.0, canonical = http://ehealth.sundhed.dk/fhir
  ................................................................................
  ................................................................................
  ................................................................................
  ................................................................................
  ........................
 ..Finished
Publish Box Statement: This page is part of the FUT Infrastructure (v10.0.2: Release) based on <a data-no-external="true" href="http://hl7.org/fhir/R4">FHIR (HL7® FHIR® Standard) R4</a>. This is the current published version.  For a full list of available versions, see the <a data-no-external="true" href="http://ehealth.sundhed.dk/fhir/history.html">Directory of published versions</a>
  .. 4648 files checked, 4648 updated
  .. 689 redirections (689 created/updated)
Check for Files to delete
  ... 0 files
Copy to new IG /tmp/web-root/run-20260910/fhir
Error in package-list.json:path to build.fhir.org should not use https://
dk.ehealth.sundhed.fhir.ig.core (http://ehealth.sundhed.dk/fhir): FUT Infrastructure @ http://build.fhir.org/ig/fut-infrastructure/implementation-guide
  edition: Releases 10.0.2/4.0.1 @ http://ehealth.sundhed.dk/fhir/10.0.2
Build is complete. Copy from /tmp/web-root/run-20260910
Update history page at /tmp/web-root/run-20260910/fhir from /__w/implementation-guide/implementation-guide/history and web/templates
