FHIR IG Publisher Version 2.3.0 (Git# d845ec9ba68a). Built 2026-07-31T16:10:46.817Z (5 days old)
Detected Java version: 25.0.3 from /opt/java/openjdk on amd64 (64bit). 3998MB available
dir = /__w/implementation-guide/implementation-guide, path = /opt/java/openjdk/bin:/usr/local/sbin:/usr/local/bin:/usr/sbin:/usr/bin:/sbin:/bin
Parameters: -go-publish -source ig/ -web web/ -registry registry/fhir-ig-list.json -history history/ -templates web/templates
---------------
Publication Run: publish ig/ to web/
Relative directory for IG is '/fhir'
===== Web Publication Run Details ===============================
 Source IG: dk.ehealth.sundhed.fhir.ig.core#10.0.0 : http://ehealth.sundhed.dk/fhir (R4) from ig/
All checks passed. Do the publication build from /__w/implementation-guide/implementation-guide/ig and publish to /tmp/web-root/run-20260806/fhir
Prepare Build space in /tmp/ig-builds/dk.ehealth.sundhed.fhir.ig.core#10.0.0
Build IG at /__w/implementation-guide/implementation-guide/ig: final copy suitable for publication (in /tmp/ig-builds/dk.ehealth.sundhed.fhir.ig.core#10.0.0)
FHIR IG Publisher Version 2.3.0 (Git# d845ec9ba68a). Built 2026-07-31T16:10:46.817Z (5 days old)    
Detected Java version: 25.0.3 from /opt/java/openjdk on Linux/amd64 (64bit). 3998MB available       
dir = /__w/implementation-guide/implementation-guide, path = /opt/java/openjdk/bin:/usr/local/sbin:/usr/local/bin:/usr/sbin:/usr/bin:/sbin:/bin
Parameters: -publish http://ehealth.sundhed.dk/fhir/10.0.0 -no-exit -ig /tmp/ig-builds/dk.ehealth.sundhed.fhir.ig.core#10.0.0 -resetTx
Character encoding = UTF-8 / UTF-8                                                                  
Start Clock @ Thursday, August 6, 2026, 1:17:54 PM Coordinated Universal Time (2026-08-06T13:17:54Z)
                                                                                                    
Build FHIR IG from /tmp/ig-builds/dk.ehealth.sundhed.fhir.ig.core#10.0.0                             (00:00.077 / 00:00.077, 112Mb)
Build Formal Publication package, intended for http://ehealth.sundhed.dk/fhir/10.0.0                 (00:00.002 / 00:00.080, 112Mb)
No FHIR settings file at /root/.fhir/fhir-settings.json; using defaults (no API keys or npm path)    (00:00.001 / 00:00.081, 112Mb)
Package Cache: /root/.fhir/packages                                                                  (00:00.009 / 00:00.090, 112Mb)
Run Sushi on /tmp/ig-builds/dk.ehealth.sundhed.fhir.ig.core#10.0.0                                   (00:00.003 / 00:00.094, 112Mb)
Sushi: info  Running SUSHI v3.20.0 (implements FHIR Shorthand specification v3.0.0)                  (00:01.577 / 00:01.671, 115Mb)
Sushi: info  Arguments:                                                                              (00:00.001 / 00:01.673, 115Mb)
Sushi: info    --require-latest                                                                      (00:00.001 / 00:01.674, 115Mb)
Sushi: info    --out /tmp/ig-builds/dk.ehealth.sundhed.fhir.ig.core#10.0.0                           (00:00.001 / 00:01.675, 115Mb)
Sushi: info    /tmp/ig-builds/dk.ehealth.sundhed.fhir.ig.core#10.0.0                                 (00:00.000 / 00:01.676, 115Mb)
Sushi: info  Using configuration file: /tmp/ig-builds/dk.ehealth.sundhed.fhir.ig.core#10.0.0/sushi-config.yaml (00:00.430 / 00:02.106, 115Mb)
Sushi: info  Importing FSH text...                                                                   (00:00.093 / 00:02.200, 115Mb)
Sushi: info  Preprocessed 114 documents with 0 aliases.                                              (00:00.254 / 00:02.454, 115Mb)
Sushi: info  Imported 205 definitions and 24 instances.                                              (00:00.038 / 00:02.493, 115Mb)
Sushi: info  Loaded virtual package sushi-r5forR4#1.0.0 with 7 resources                             (00:00.122 / 00:02.616, 115Mb)
Sushi: info  Resolved hl7.fhir.uv.tools.r4#latest to concrete version 1.1.2                          (00:00.883 / 00:03.499, 115Mb)
Sushi: info  Loaded hl7.fhir.uv.tools.r4#1.1.2 with 119 resources                                    (00:00.047 / 00:03.547, 115Mb)
Sushi: info  Resolved hl7.terminology.r4#latest to concrete version 7.3.0                            (00:00.168 / 00:03.716, 115Mb)
Sushi: info  Loaded hl7.terminology.r4#7.3.0 with 4176 resources                                     (00:00.935 / 00:04.652, 115Mb)
Sushi: info  Loaded hl7.fhir.dk.core#3.6.0 with 73 resources                                         (00:00.024 / 00:04.676, 115Mb)
Sushi: info  Loaded hl7.fhir.uv.sdc#2.7.0 with 66 resources                                          (00:00.023 / 00:04.700, 115Mb)
Sushi: info  Loaded hl7.fhir.r4.core#4.0.1 with 4581 resources                                       (00:00.866 / 00:05.567, 115Mb)
Sushi: info  Resolved hl7.fhir.uv.extensions.r4#latest to concrete version 5.3.0                     (00:00.182 / 00:05.750, 115Mb)
Sushi: info  Loaded hl7.fhir.uv.extensions.r4#5.3.0 with 885 resources                               (00:00.194 / 00:05.945, 115Mb)
Sushi: info  Loaded virtual package sushi-local#LOCAL with 462 resources                             (00:00.101 / 00:06.046, 115Mb)
Sushi: info  Converting FSH to FHIR resources...                                                     (00:00.016 / 00:06.063, 115Mb)
Sushi: warn  The name "ehealth-access-consent" may not be suitable for machine processing applications such as code generation. Valid names start with an upper-case ASCII letter ('A'..'Z') followed by any combination of upper- or lower-case ASCII letters ('A'..'Z', and 'a'..'z'), numerals ('0'..'9') and '_', with a length limit of 255 characters. (00:00.026 / 00:06.090, 115Mb)
Sushi:   File: /tmp/ig-builds/dk.ehealth.sundhed.fhir.ig.core#10.0.0/input/fsh/ehealth-access-consent.fsh (00:00.001 / 00:06.091, 115Mb)
Sushi:   Line: 1 - 9                                                                                 (00:00.000 / 00:06.092, 115Mb)
Sushi: warn  The name "ehealth-access-provenance" may not be suitable for machine processing applications such as code generation. Valid names start with an upper-case ASCII letter ('A'..'Z') followed by any combination of upper- or lower-case ASCII letters ('A'..'Z', and 'a'..'z'), numerals ('0'..'9') and '_', with a length limit of 255 characters. (00:00.055 / 00:06.148, 115Mb)
Sushi:   File: /tmp/ig-builds/dk.ehealth.sundhed.fhir.ig.core#10.0.0/input/fsh/ehealth-access-provenance.fsh (00:00.002 / 00:06.150, 115Mb)
Sushi:   Line: 1 - 10                                                                                (00:00.003 / 00:06.154, 115Mb)
Sushi: warn  The name "ehealth-actionguidance" may not be suitable for machine processing applications such as code generation. Valid names start with an upper-case ASCII letter ('A'..'Z') followed by any combination of upper- or lower-case ASCII letters ('A'..'Z', and 'a'..'z'), numerals ('0'..'9') and '_', with a length limit of 255 characters. (00:00.064 / 00:06.219, 115Mb)
Sushi:   File: /tmp/ig-builds/dk.ehealth.sundhed.fhir.ig.core#10.0.0/input/fsh/ehealth-actionguidance.fsh (00:00.002 / 00:06.221, 115Mb)
Sushi:   Line: 1 - 17                                                                                (00:00.001 / 00:06.222, 115Mb)
Sushi: warn  The name "ehealth-recommendation" may not be suitable for machine processing applications such as code generation. Valid names start with an upper-case ASCII letter ('A'..'Z') followed by any combination of upper- or lower-case ASCII letters ('A'..'Z', and 'a'..'z'), numerals ('0'..'9') and '_', with a length limit of 255 characters. (00:00.006 / 00:06.230, 115Mb)
Sushi:   File: /tmp/ig-builds/dk.ehealth.sundhed.fhir.ig.core#10.0.0/input/fsh/ehealth-ext-recommendation.fsh (00:00.003 / 00:06.232, 115Mb)
Sushi:   Line: 1 - 7                                                                                 (00:00.000 / 00:06.233, 115Mb)
Sushi: warn  The name "ehealth-intendedAudience" may not be suitable for machine processing applications such as code generation. Valid names start with an upper-case ASCII letter ('A'..'Z') followed by any combination of upper- or lower-case ASCII letters ('A'..'Z', and 'a'..'z'), numerals ('0'..'9') and '_', with a length limit of 255 characters. (00:00.065 / 00:06.298, 115Mb)
Sushi:   File: /tmp/ig-builds/dk.ehealth.sundhed.fhir.ig.core#10.0.0/input/fsh/ehealth-ext-intendedAudience.fsh (00:00.002 / 00:06.301, 115Mb)
Sushi:   Line: 1 - 7                                                                                 (00:00.000 / 00:06.302, 115Mb)
Sushi: warn  The name "ehealth-modifier-role" may not be suitable for machine processing applications such as code generation. Valid names start with an upper-case ASCII letter ('A'..'Z') followed by any combination of upper- or lower-case ASCII letters ('A'..'Z', and 'a'..'z'), numerals ('0'..'9') and '_', with a length limit of 255 characters. (00:00.031 / 00:06.333, 115Mb)
Sushi:   File: /tmp/ig-builds/dk.ehealth.sundhed.fhir.ig.core#10.0.0/input/fsh/ehealth-ext-modifier-role.fsh (00:00.002 / 00:06.336, 115Mb)
Sushi:   Line: 1 - 13                                                                                (00:00.001 / 00:06.337, 115Mb)
Sushi: warn  The name "ehealth-basic-title" may not be suitable for machine processing applications such as code generation. Valid names start with an upper-case ASCII letter ('A'..'Z') followed by any combination of upper- or lower-case ASCII letters ('A'..'Z', and 'a'..'z'), numerals ('0'..'9') and '_', with a length limit of 255 characters. (00:00.074 / 00:06.411, 115Mb)
Sushi:   File: /tmp/ig-builds/dk.ehealth.sundhed.fhir.ig.core#10.0.0/input/fsh/ehealth-ext-actionguidance-view-title.fsh (00:00.001 / 00:06.413, 115Mb)
Sushi:   Line: 1 - 6                                                                                 (00:00.000 / 00:06.414, 115Mb)
Sushi: warn  The name "ehealth-version" may not be suitable for machine processing applications such as code generation. Valid names start with an upper-case ASCII letter ('A'..'Z') followed by any combination of upper- or lower-case ASCII letters ('A'..'Z', and 'a'..'z'), numerals ('0'..'9') and '_', with a length limit of 255 characters. (00:00.041 / 00:06.455, 115Mb)
Sushi:   File: /tmp/ig-builds/dk.ehealth.sundhed.fhir.ig.core#10.0.0/input/fsh/ehealth-ext-version.fsh (00:00.001 / 00:06.457, 115Mb)
Sushi:   Line: 1 - 6                                                                                 (00:00.000 / 00:06.458, 115Mb)
Sushi: warn  The name "ehealth-description" may not be suitable for machine processing applications such as code generation. Valid names start with an upper-case ASCII letter ('A'..'Z') followed by any combination of upper- or lower-case ASCII letters ('A'..'Z', and 'a'..'z'), numerals ('0'..'9') and '_', with a length limit of 255 characters. (00:00.043 / 00:06.501, 115Mb)
Sushi:   File: /tmp/ig-builds/dk.ehealth.sundhed.fhir.ig.core#10.0.0/input/fsh/ehealth-ext-actionguidance-view-description.fsh (00:00.002 / 00:06.504, 115Mb)
Sushi:   Line: 1 - 5                                                                                 (00:00.001 / 00:06.505, 115Mb)
Sushi: warn  The name "ehealth-purpose" may not be suitable for machine processing applications such as code generation. Valid names start with an upper-case ASCII letter ('A'..'Z') followed by any combination of upper- or lower-case ASCII letters ('A'..'Z', and 'a'..'z'), numerals ('0'..'9') and '_', with a length limit of 255 characters. (00:00.045 / 00:06.550, 115Mb)
Sushi:   File: /tmp/ig-builds/dk.ehealth.sundhed.fhir.ig.core#10.0.0/input/fsh/ehealth-ext-actionguidance-view-purpose.fsh (00:00.002 / 00:06.553, 115Mb)
Sushi:   Line: 1 - 5                                                                                 (00:00.001 / 00:06.555, 115Mb)
Sushi: warn  The name "ehealth-useContext" may not be suitable for machine processing applications such as code generation. Valid names start with an upper-case ASCII letter ('A'..'Z') followed by any combination of upper- or lower-case ASCII letters ('A'..'Z', and 'a'..'z'), numerals ('0'..'9') and '_', with a length limit of 255 characters. (00:00.044 / 00:06.599, 115Mb)
Sushi:   File: /tmp/ig-builds/dk.ehealth.sundhed.fhir.ig.core#10.0.0/input/fsh/ehealth-ext-usecontext.fsh (00:00.002 / 00:06.601, 115Mb)
Sushi:   Line: 1 - 5                                                                                 (00:00.000 / 00:06.602, 115Mb)
Sushi: warn  The name "ehealth-status" may not be suitable for machine processing applications such as code generation. Valid names start with an upper-case ASCII letter ('A'..'Z') followed by any combination of upper- or lower-case ASCII letters ('A'..'Z', and 'a'..'z'), numerals ('0'..'9') and '_', with a length limit of 255 characters. (00:00.078 / 00:06.681, 115Mb)
Sushi:   File: /tmp/ig-builds/dk.ehealth.sundhed.fhir.ig.core#10.0.0/input/fsh/ehealth-ext-actionguidance-view-status.fsh (00:00.002 / 00:06.684, 115Mb)
Sushi:   Line: 1 - 7                                                                                 (00:00.001 / 00:06.685, 115Mb)
Sushi: warn  The name "ehealth-content" may not be suitable for machine processing applications such as code generation. Valid names start with an upper-case ASCII letter ('A'..'Z') followed by any combination of upper- or lower-case ASCII letters ('A'..'Z', and 'a'..'z'), numerals ('0'..'9') and '_', with a length limit of 255 characters. (00:00.050 / 00:06.736, 115Mb)
Sushi:   File: /tmp/ig-builds/dk.ehealth.sundhed.fhir.ig.core#10.0.0/input/fsh/ehealth-ext-actionguidance-view-content.fsh (00:00.002 / 00:06.738, 115Mb)
Sushi:   Line: 1 - 7                                                                                 (00:00.001 / 00:06.740, 115Mb)
Sushi: warn  The name "ehealth-actionguidance-type" may not be suitable for machine processing applications such as code generation. Valid names start with an upper-case ASCII letter ('A'..'Z') followed by any combination of upper- or lower-case ASCII letters ('A'..'Z', and 'a'..'z'), numerals ('0'..'9') and '_', with a length limit of 255 characters. (00:00.024 / 00:06.765, 115Mb)
Sushi:   File: /tmp/ig-builds/dk.ehealth.sundhed.fhir.ig.core#10.0.0/input/fsh/ehealth-actionguidance.fsh (00:00.002 / 00:06.767, 115Mb)
Sushi:   Line: 20 - 26                                                                               (00:00.000 / 00:06.768, 115Mb)
Sushi: warn  The name "ehealth-actionguidance-for" may not be suitable for machine processing applications such as code generation. Valid names start with an upper-case ASCII letter ('A'..'Z') followed by any combination of upper- or lower-case ASCII letters ('A'..'Z', and 'a'..'z'), numerals ('0'..'9') and '_', with a length limit of 255 characters. (00:00.051 / 00:06.819, 115Mb)
Sushi:   File: /tmp/ig-builds/dk.ehealth.sundhed.fhir.ig.core#10.0.0/input/fsh/ehealth-actionguidance.fsh (00:00.002 / 00:06.821, 115Mb)
Sushi:   Line: 29 - 40                                                                               (00:00.000 / 00:06.822, 115Mb)
Sushi: warn  The name "ehealth-activitydefinition" may not be suitable for machine processing applications such as code generation. Valid names start with an upper-case ASCII letter ('A'..'Z') followed by any combination of upper- or lower-case ASCII letters ('A'..'Z', and 'a'..'z'), numerals ('0'..'9') and '_', with a length limit of 255 characters. (00:00.049 / 00:06.872, 115Mb)
Sushi:   File: /tmp/ig-builds/dk.ehealth.sundhed.fhir.ig.core#10.0.0/input/fsh/ehealth-activitydefinition.fsh (00:00.002 / 00:06.874, 115Mb)
Sushi:   Line: 1 - 24                                                                                (00:00.000 / 00:06.875, 115Mb)
Sushi: warn  The name "ehealth-reuseCriteria" may not be suitable for machine processing applications such as code generation. Valid names start with an upper-case ASCII letter ('A'..'Z') followed by any combination of upper- or lower-case ASCII letters ('A'..'Z', and 'a'..'z'), numerals ('0'..'9') and '_', with a length limit of 255 characters. (00:00.000 / 00:06.876, 115Mb)
Sushi:   File: /tmp/ig-builds/dk.ehealth.sundhed.fhir.ig.core#10.0.0/input/fsh/ehealth-ext-reuseCriteria.fsh (00:00.002 / 00:06.878, 115Mb)
Sushi:   Line: 1 - 20                                                                                (00:00.000 / 00:06.879, 115Mb)
Sushi: warn  The name "ehealth-referenceRange" may not be suitable for machine processing applications such as code generation. Valid names start with an upper-case ASCII letter ('A'..'Z') followed by any combination of upper- or lower-case ASCII letters ('A'..'Z', and 'a'..'z'), numerals ('0'..'9') and '_', with a length limit of 255 characters. (00:00.184 / 00:07.064, 115Mb)
Sushi:   File: /tmp/ig-builds/dk.ehealth.sundhed.fhir.ig.core#10.0.0/input/fsh/ehealth-ext-referenceRange.fsh (00:00.001 / 00:07.066, 115Mb)
Sushi:   Line: 1 - 15                                                                                (00:00.000 / 00:07.066, 115Mb)
Sushi: warn  The name "ehealth-quality" may not be suitable for machine processing applications such as code generation. Valid names start with an upper-case ASCII letter ('A'..'Z') followed by any combination of upper- or lower-case ASCII letters ('A'..'Z', and 'a'..'z'), numerals ('0'..'9') and '_', with a length limit of 255 characters. (00:00.271 / 00:07.338, 115Mb)
Sushi:   File: /tmp/ig-builds/dk.ehealth.sundhed.fhir.ig.core#10.0.0/input/fsh/ehealth-ext-quality.fsh (00:00.002 / 00:07.340, 115Mb)
Sushi:   Line: 1 - 13                                                                                (00:00.001 / 00:07.341, 115Mb)
Sushi: warn  The name "ehealth-sharingPolicy" may not be suitable for machine processing applications such as code generation. Valid names start with an upper-case ASCII letter ('A'..'Z') followed by any combination of upper- or lower-case ASCII letters ('A'..'Z', and 'a'..'z'), numerals ('0'..'9') and '_', with a length limit of 255 characters. (00:00.106 / 00:07.448, 115Mb)
Sushi:   File: /tmp/ig-builds/dk.ehealth.sundhed.fhir.ig.core#10.0.0/input/fsh/ehealth-ext-sharingPolicy.fsh (00:00.002 / 00:07.450, 115Mb)
Sushi:   Line: 1 - 7                                                                                 (00:00.000 / 00:07.451, 115Mb)
Sushi: warn  The name "ehealth-sharingApprovalPolicy" may not be suitable for machine processing applications such as code generation. Valid names start with an upper-case ASCII letter ('A'..'Z') followed by any combination of upper- or lower-case ASCII letters ('A'..'Z', and 'a'..'z'), numerals ('0'..'9') and '_', with a length limit of 255 characters. (00:00.046 / 00:07.497, 115Mb)
Sushi:   File: /tmp/ig-builds/dk.ehealth.sundhed.fhir.ig.core#10.0.0/input/fsh/ehealth-ext-sharingApprovalPolicy.fsh (00:00.001 / 00:07.499, 115Mb)
Sushi:   Line: 1 - 7                                                                                 (00:00.000 / 00:07.500, 115Mb)
Sushi: warn  The name "ehealth-employee-title" may not be suitable for machine processing applications such as code generation. Valid names start with an upper-case ASCII letter ('A'..'Z') followed by any combination of upper- or lower-case ASCII letters ('A'..'Z', and 'a'..'z'), numerals ('0'..'9') and '_', with a length limit of 255 characters. (00:00.047 / 00:07.547, 115Mb)
Sushi:   File: /tmp/ig-builds/dk.ehealth.sundhed.fhir.ig.core#10.0.0/input/fsh/ehealth-ext-employee-title.fsh (00:00.001 / 00:07.548, 115Mb)
Sushi:   Line: 1 - 5                                                                                 (00:00.000 / 00:07.549, 115Mb)
Sushi: warn  The name "ehealth-predecessor" may not be suitable for machine processing applications such as code generation. Valid names start with an upper-case ASCII letter ('A'..'Z') followed by any combination of upper- or lower-case ASCII letters ('A'..'Z', and 'a'..'z'), numerals ('0'..'9') and '_', with a length limit of 255 characters. (00:00.032 / 00:07.582, 115Mb)
Sushi:   File: /tmp/ig-builds/dk.ehealth.sundhed.fhir.ig.core#10.0.0/input/fsh/ehealth-ext-predecessor.fsh (00:00.001 / 00:07.584, 115Mb)
Sushi:   Line: 1 - 6                                                                                 (00:00.000 / 00:07.584, 115Mb)
Sushi: warn  The name "ehealth-base" may not be suitable for machine processing applications such as code generation. Valid names start with an upper-case ASCII letter ('A'..'Z') followed by any combination of upper- or lower-case ASCII letters ('A'..'Z', and 'a'..'z'), numerals ('0'..'9') and '_', with a length limit of 255 characters. (00:00.058 / 00:07.643, 115Mb)
Sushi:   File: /tmp/ig-builds/dk.ehealth.sundhed.fhir.ig.core#10.0.0/input/fsh/ehealth-ext-base.fsh  (00:00.002 / 00:07.645, 115Mb)
Sushi:   Line: 1 - 6                                                                                 (00:00.000 / 00:07.646, 115Mb)
Sushi: warn  The name "ehealth-base-environment" may not be suitable for machine processing applications such as code generation. Valid names start with an upper-case ASCII letter ('A'..'Z') followed by any combination of upper- or lower-case ASCII letters ('A'..'Z', and 'a'..'z'), numerals ('0'..'9') and '_', with a length limit of 255 characters. (00:00.057 / 00:07.703, 115Mb)
Sushi:   File: /tmp/ig-builds/dk.ehealth.sundhed.fhir.ig.core#10.0.0/input/fsh/ehealth-ext-base-environment.fsh (00:00.002 / 00:07.706, 115Mb)
Sushi:   Line: 1 - 6                                                                                 (00:00.000 / 00:07.706, 115Mb)
Sushi: warn  The name "ehealth-appointment" may not be suitable for machine processing applications such as code generation. Valid names start with an upper-case ASCII letter ('A'..'Z') followed by any combination of upper- or lower-case ASCII letters ('A'..'Z', and 'a'..'z'), numerals ('0'..'9') and '_', with a length limit of 255 characters. (00:00.081 / 00:07.788, 115Mb)
Sushi:   File: /tmp/ig-builds/dk.ehealth.sundhed.fhir.ig.core#10.0.0/input/fsh/ehealth-appointment.fsh (00:00.002 / 00:07.791, 115Mb)
Sushi:   Line: 1 - 31                                                                                (00:00.001 / 00:07.791, 115Mb)
Sushi: warn  The name "ehealth-responsible" may not be suitable for machine processing applications such as code generation. Valid names start with an upper-case ASCII letter ('A'..'Z') followed by any combination of upper- or lower-case ASCII letters ('A'..'Z', and 'a'..'z'), numerals ('0'..'9') and '_', with a length limit of 255 characters. (00:00.000 / 00:07.792, 115Mb)
Sushi:   File: /tmp/ig-builds/dk.ehealth.sundhed.fhir.ig.core#10.0.0/input/fsh/ehealth-ext-responsible.fsh (00:00.002 / 00:07.795, 115Mb)
Sushi:   Line: 1 - 6                                                                                 (00:00.000 / 00:07.795, 115Mb)
Sushi: warn  The name "ehealth-group-id" may not be suitable for machine processing applications such as code generation. Valid names start with an upper-case ASCII letter ('A'..'Z') followed by any combination of upper- or lower-case ASCII letters ('A'..'Z', and 'a'..'z'), numerals ('0'..'9') and '_', with a length limit of 255 characters. (00:00.027 / 00:07.823, 115Mb)
Sushi:   File: /tmp/ig-builds/dk.ehealth.sundhed.fhir.ig.core#10.0.0/input/fsh/ehealth-ext-group-id.fsh (00:00.002 / 00:07.826, 115Mb)
Sushi:   Line: 1 - 5                                                                                 (00:00.001 / 00:07.827, 115Mb)
Sushi: warn  The name "ehealth-legalBasis" may not be suitable for machine processing applications such as code generation. Valid names start with an upper-case ASCII letter ('A'..'Z') followed by any combination of upper- or lower-case ASCII letters ('A'..'Z', and 'a'..'z'), numerals ('0'..'9') and '_', with a length limit of 255 characters. (00:00.032 / 00:07.859, 115Mb)
Sushi:   File: /tmp/ig-builds/dk.ehealth.sundhed.fhir.ig.core#10.0.0/input/fsh/ehealth-ext-legalBasis.fsh (00:00.002 / 00:07.861, 115Mb)
Sushi:   Line: 1 - 6                                                                                 (00:00.000 / 00:07.862, 115Mb)
Sushi: warn  The name "ehealth-releasableResource" may not be suitable for machine processing applications such as code generation. Valid names start with an upper-case ASCII letter ('A'..'Z') followed by any combination of upper- or lower-case ASCII letters ('A'..'Z', and 'a'..'z'), numerals ('0'..'9') and '_', with a length limit of 255 characters. (00:00.046 / 00:07.908, 115Mb)
Sushi:   File: /tmp/ig-builds/dk.ehealth.sundhed.fhir.ig.core#10.0.0/input/fsh/ehealth-ext-releasableResource.fsh (00:00.002 / 00:07.910, 115Mb)
Sushi:   Line: 1 - 5                                                                                 (00:00.001 / 00:07.912, 115Mb)
Sushi: warn  The name "ehealth-responsible-organization" may not be suitable for machine processing applications such as code generation. Valid names start with an upper-case ASCII letter ('A'..'Z') followed by any combination of upper- or lower-case ASCII letters ('A'..'Z', and 'a'..'z'), numerals ('0'..'9') and '_', with a length limit of 255 characters. (00:00.017 / 00:07.929, 115Mb)
Sushi:   File: /tmp/ig-builds/dk.ehealth.sundhed.fhir.ig.core#10.0.0/input/fsh/ehealth-ext-responsible-organization.fsh (00:00.002 / 00:07.932, 115Mb)
Sushi:   Line: 1 - 6                                                                                 (00:00.000 / 00:07.932, 115Mb)
Sushi: warn  The name "ehealth-performer" may not be suitable for machine processing applications such as code generation. Valid names start with an upper-case ASCII letter ('A'..'Z') followed by any combination of upper- or lower-case ASCII letters ('A'..'Z', and 'a'..'z'), numerals ('0'..'9') and '_', with a length limit of 255 characters. (00:00.024 / 00:07.957, 115Mb)
Sushi:   File: /tmp/ig-builds/dk.ehealth.sundhed.fhir.ig.core#10.0.0/input/fsh/ehealth-ext-performer.fsh (00:00.002 / 00:07.959, 115Mb)
Sushi:   Line: 1 - 6                                                                                 (00:00.001 / 00:07.960, 115Mb)
Sushi: warn  The name "ehealth-performing-organization" may not be suitable for machine processing applications such as code generation. Valid names start with an upper-case ASCII letter ('A'..'Z') followed by any combination of upper- or lower-case ASCII letters ('A'..'Z', and 'a'..'z'), numerals ('0'..'9') and '_', with a length limit of 255 characters. (00:00.031 / 00:07.992, 115Mb)
Sushi:   File: /tmp/ig-builds/dk.ehealth.sundhed.fhir.ig.core#10.0.0/input/fsh/ehealth-ext-performing-organization.fsh (00:00.002 / 00:07.994, 115Mb)
Sushi:   Line: 1 - 6                                                                                 (00:00.001 / 00:07.995, 115Mb)
Sushi: warn  The name "ehealth-ext-careteam" may not be suitable for machine processing applications such as code generation. Valid names start with an upper-case ASCII letter ('A'..'Z') followed by any combination of upper- or lower-case ASCII letters ('A'..'Z', and 'a'..'z'), numerals ('0'..'9') and '_', with a length limit of 255 characters. (00:00.039 / 00:08.035, 115Mb)
Sushi:   File: /tmp/ig-builds/dk.ehealth.sundhed.fhir.ig.core#10.0.0/input/fsh/ehealth-ext-careteam.fsh (00:00.002 / 00:08.037, 115Mb)
Sushi:   Line: 1 - 6                                                                                 (00:00.000 / 00:08.038, 115Mb)
Sushi: warn  The name "ehealth-auditevent" may not be suitable for machine processing applications such as code generation. Valid names start with an upper-case ASCII letter ('A'..'Z') followed by any combination of upper- or lower-case ASCII letters ('A'..'Z', and 'a'..'z'), numerals ('0'..'9') and '_', with a length limit of 255 characters. (00:00.080 / 00:08.119, 116Mb)
Sushi:   File: /tmp/ig-builds/dk.ehealth.sundhed.fhir.ig.core#10.0.0/input/fsh/ehealth-auditevent.fsh (00:00.002 / 00:08.121, 116Mb)
Sushi:   Line: 1 - 4                                                                                 (00:00.000 / 00:08.121, 116Mb)
Sushi: warn  The name "ehealth-carecommunication" may not be suitable for machine processing applications such as code generation. Valid names start with an upper-case ASCII letter ('A'..'Z') followed by any combination of upper- or lower-case ASCII letters ('A'..'Z', and 'a'..'z'), numerals ('0'..'9') and '_', with a length limit of 255 characters. (00:00.008 / 00:08.130, 116Mb)
Sushi:   File: /tmp/ig-builds/dk.ehealth.sundhed.fhir.ig.core#10.0.0/input/fsh/ehealth-carecommunication.fsh (00:00.002 / 00:08.132, 116Mb)
Sushi:   Line: 6 - 120                                                                               (00:00.000 / 00:08.132, 116Mb)
Sushi: warn  The name "ehealth-carecommunication-sender" may not be suitable for machine processing applications such as code generation. Valid names start with an upper-case ASCII letter ('A'..'Z') followed by any combination of upper- or lower-case ASCII letters ('A'..'Z', and 'a'..'z'), numerals ('0'..'9') and '_', with a length limit of 255 characters. (00:00.078 / 00:08.211, 116Mb)
Sushi:   File: /tmp/ig-builds/dk.ehealth.sundhed.fhir.ig.core#10.0.0/input/fsh/ehealth-carecommunication.fsh (00:00.002 / 00:08.213, 116Mb)
Sushi:   Line: 124 - 140                                                                             (00:00.000 / 00:08.214, 116Mb)
Sushi: warn  The name "ehealth-carecommunication-destination" may not be suitable for machine processing applications such as code generation. Valid names start with an upper-case ASCII letter ('A'..'Z') followed by any combination of upper- or lower-case ASCII letters ('A'..'Z', and 'a'..'z'), numerals ('0'..'9') and '_', with a length limit of 255 characters. (00:00.090 / 00:08.305, 116Mb)
Sushi:   File: /tmp/ig-builds/dk.ehealth.sundhed.fhir.ig.core#10.0.0/input/fsh/ehealth-carecommunication.fsh (00:00.002 / 00:08.307, 116Mb)
Sushi:   Line: 142 - 147                                                                             (00:00.001 / 00:08.309, 116Mb)
Sushi: warn  The name "ehealth-carecommunication-origin" may not be suitable for machine processing applications such as code generation. Valid names start with an upper-case ASCII letter ('A'..'Z') followed by any combination of upper- or lower-case ASCII letters ('A'..'Z', and 'a'..'z'), numerals ('0'..'9') and '_', with a length limit of 255 characters. (00:00.020 / 00:08.329, 116Mb)
Sushi:   File: /tmp/ig-builds/dk.ehealth.sundhed.fhir.ig.core#10.0.0/input/fsh/ehealth-carecommunication.fsh (00:00.001 / 00:08.330, 116Mb)
Sushi:   Line: 161 - 165                                                                             (00:00.000 / 00:08.331, 116Mb)
Sushi: warn  The name "ehealth-carecommunication-message-Type" may not be suitable for machine processing applications such as code generation. Valid names start with an upper-case ASCII letter ('A'..'Z') followed by any combination of upper- or lower-case ASCII letters ('A'..'Z', and 'a'..'z'), numerals ('0'..'9') and '_', with a length limit of 255 characters. (00:00.016 / 00:08.347, 116Mb)
Sushi:   File: /tmp/ig-builds/dk.ehealth.sundhed.fhir.ig.core#10.0.0/input/fsh/ehealth-carecommunication.fsh (00:00.001 / 00:08.349, 116Mb)
Sushi:   Line: 167 - 172                                                                             (00:00.000 / 00:08.349, 116Mb)
Sushi: warn  The name "ehealth-administrative-status" may not be suitable for machine processing applications such as code generation. Valid names start with an upper-case ASCII letter ('A'..'Z') followed by any combination of upper- or lower-case ASCII letters ('A'..'Z', and 'a'..'z'), numerals ('0'..'9') and '_', with a length limit of 255 characters. (00:00.063 / 00:08.413, 116Mb)
Sushi:   File: /tmp/ig-builds/dk.ehealth.sundhed.fhir.ig.core#10.0.0/input/fsh/ehealth-message.fsh   (00:00.001 / 00:08.415, 116Mb)
Sushi:   Line: 67 - 73                                                                               (00:00.000 / 00:08.415, 116Mb)
Sushi: warn  The name "ehealth-carecommunication-datetime" may not be suitable for machine processing applications such as code generation. Valid names start with an upper-case ASCII letter ('A'..'Z') followed by any combination of upper- or lower-case ASCII letters ('A'..'Z', and 'a'..'z'), numerals ('0'..'9') and '_', with a length limit of 255 characters. (00:00.063 / 00:08.478, 116Mb)
Sushi:   File: /tmp/ig-builds/dk.ehealth.sundhed.fhir.ig.core#10.0.0/input/fsh/ehealth-carecommunication.fsh (00:00.001 / 00:08.480, 116Mb)
Sushi:   Line: 149 - 153                                                                             (00:00.000 / 00:08.481, 116Mb)
Sushi: warn  The name "ehealth-carecommunication-payload-identifier" may not be suitable for machine processing applications such as code generation. Valid names start with an upper-case ASCII letter ('A'..'Z') followed by any combination of upper- or lower-case ASCII letters ('A'..'Z', and 'a'..'z'), numerals ('0'..'9') and '_', with a length limit of 255 characters. (00:00.028 / 00:08.509, 116Mb)
Sushi:   File: /tmp/ig-builds/dk.ehealth.sundhed.fhir.ig.core#10.0.0/input/fsh/ehealth-carecommunication.fsh (00:00.001 / 00:08.511, 116Mb)
Sushi:   Line: 155 - 159                                                                             (00:00.000 / 00:08.511, 116Mb)
Sushi: warn  The name "ehealth-careplan" may not be suitable for machine processing applications such as code generation. Valid names start with an upper-case ASCII letter ('A'..'Z') followed by any combination of upper- or lower-case ASCII letters ('A'..'Z', and 'a'..'z'), numerals ('0'..'9') and '_', with a length limit of 255 characters. (00:00.156 / 00:08.668, 116Mb)
Sushi:   File: /tmp/ig-builds/dk.ehealth.sundhed.fhir.ig.core#10.0.0/input/fsh/ehealth-careplan.fsh  (00:00.001 / 00:08.669, 116Mb)
Sushi:   Line: 1 - 56                                                                                (00:00.000 / 00:08.670, 116Mb)
Sushi: warn  The name "ehealth-careplan-statusHistory" may not be suitable for machine processing applications such as code generation. Valid names start with an upper-case ASCII letter ('A'..'Z') followed by any combination of upper- or lower-case ASCII letters ('A'..'Z', and 'a'..'z'), numerals ('0'..'9') and '_', with a length limit of 255 characters. (00:00.011 / 00:08.681, 116Mb)
Sushi:   File: /tmp/ig-builds/dk.ehealth.sundhed.fhir.ig.core#10.0.0/input/fsh/ehealth-careplan.fsh  (00:00.001 / 00:08.683, 116Mb)
Sushi:   Line: 58 - 66                                                                               (00:00.000 / 00:08.684, 116Mb)
Sushi: warn  The name "ehealth-teamHistory" may not be suitable for machine processing applications such as code generation. Valid names start with an upper-case ASCII letter ('A'..'Z') followed by any combination of upper- or lower-case ASCII letters ('A'..'Z', and 'a'..'z'), numerals ('0'..'9') and '_', with a length limit of 255 characters. (00:00.089 / 00:08.773, 116Mb)
Sushi:   File: /tmp/ig-builds/dk.ehealth.sundhed.fhir.ig.core#10.0.0/input/fsh/ehealth-ext-teamHistory.fsh (00:00.001 / 00:08.775, 116Mb)
Sushi:   Line: 1 - 12                                                                                (00:00.000 / 00:08.776, 116Mb)
Sushi: warn  The name "ehealth-careplan-statusschedule" may not be suitable for machine processing applications such as code generation. Valid names start with an upper-case ASCII letter ('A'..'Z') followed by any combination of upper- or lower-case ASCII letters ('A'..'Z', and 'a'..'z'), numerals ('0'..'9') and '_', with a length limit of 255 characters. (00:00.073 / 00:08.849, 116Mb)
Sushi:   File: /tmp/ig-builds/dk.ehealth.sundhed.fhir.ig.core#10.0.0/input/fsh/ehealth-careplan.fsh  (00:00.001 / 00:08.851, 116Mb)
Sushi:   Line: 68 - 77                                                                               (00:00.000 / 00:08.852, 116Mb)
Sushi: warn  The name "ehealth-teamschedule" may not be suitable for machine processing applications such as code generation. Valid names start with an upper-case ASCII letter ('A'..'Z') followed by any combination of upper- or lower-case ASCII letters ('A'..'Z', and 'a'..'z'), numerals ('0'..'9') and '_', with a length limit of 255 characters. (00:00.029 / 00:08.881, 116Mb)
Sushi:   File: /tmp/ig-builds/dk.ehealth.sundhed.fhir.ig.core#10.0.0/input/fsh/ehealth-ext-teamschedule.fsh (00:00.001 / 00:08.883, 116Mb)
Sushi:   Line: 1 - 15                                                                                (00:00.000 / 00:08.883, 116Mb)
Sushi: warn  The name "ehealth-participant" may not be suitable for machine processing applications such as code generation. Valid names start with an upper-case ASCII letter ('A'..'Z') followed by any combination of upper- or lower-case ASCII letters ('A'..'Z', and 'a'..'z'), numerals ('0'..'9') and '_', with a length limit of 255 characters. (00:00.209 / 00:09.093, 116Mb)
Sushi:   File: /tmp/ig-builds/dk.ehealth.sundhed.fhir.ig.core#10.0.0/input/fsh/ehealth-ext-participant.fsh (00:00.002 / 00:09.095, 116Mb)
Sushi:   Line: 1 - 21                                                                                (00:00.001 / 00:09.096, 116Mb)
Sushi: warn  The name "ehealth-careteam" may not be suitable for machine processing applications such as code generation. Valid names start with an upper-case ASCII letter ('A'..'Z') followed by any combination of upper- or lower-case ASCII letters ('A'..'Z', and 'a'..'z'), numerals ('0'..'9') and '_', with a length limit of 255 characters. (00:00.164 / 00:09.261, 116Mb)
Sushi:   File: /tmp/ig-builds/dk.ehealth.sundhed.fhir.ig.core#10.0.0/input/fsh/ehealth-careteam.fsh  (00:00.001 / 00:09.263, 116Mb)
Sushi:   Line: 1 - 23                                                                                (00:00.000 / 00:09.263, 116Mb)
Sushi: warn  The name "ehealth-clinicalimpression" may not be suitable for machine processing applications such as code generation. Valid names start with an upper-case ASCII letter ('A'..'Z') followed by any combination of upper- or lower-case ASCII letters ('A'..'Z', and 'a'..'z'), numerals ('0'..'9') and '_', with a length limit of 255 characters. (00:00.075 / 00:09.339, 116Mb)
Sushi:   File: /tmp/ig-builds/dk.ehealth.sundhed.fhir.ig.core#10.0.0/input/fsh/ehealth-clinicalimpression.fsh (00:00.001 / 00:09.340, 116Mb)
Sushi:   Line: 1 - 35                                                                                (00:00.000 / 00:09.341, 116Mb)
Sushi: warn  The name "ehealth-clinicalimpression-assessor-organization" may not be suitable for machine processing applications such as code generation. Valid names start with an upper-case ASCII letter ('A'..'Z') followed by any combination of upper- or lower-case ASCII letters ('A'..'Z', and 'a'..'z'), numerals ('0'..'9') and '_', with a length limit of 255 characters. (00:00.000 / 00:09.342, 116Mb)
Sushi:   File: /tmp/ig-builds/dk.ehealth.sundhed.fhir.ig.core#10.0.0/input/fsh/ehealth-clinicalimpression.fsh (00:00.001 / 00:09.343, 116Mb)
Sushi:   Line: 37 - 43                                                                               (00:00.000 / 00:09.344, 116Mb)
Sushi: warn  The name "ehealth-clinicalimpression-assessor-other" may not be suitable for machine processing applications such as code generation. Valid names start with an upper-case ASCII letter ('A'..'Z') followed by any combination of upper- or lower-case ASCII letters ('A'..'Z', and 'a'..'z'), numerals ('0'..'9') and '_', with a length limit of 255 characters. (00:00.025 / 00:09.369, 116Mb)
Sushi:   File: /tmp/ig-builds/dk.ehealth.sundhed.fhir.ig.core#10.0.0/input/fsh/ehealth-clinicalimpression.fsh (00:00.001 / 00:09.371, 116Mb)
Sushi:   Line: 45 - 51                                                                               (00:00.000 / 00:09.372, 116Mb)
Sushi: warn  The name "ehealth-clinicalimpression-careplan" may not be suitable for machine processing applications such as code generation. Valid names start with an upper-case ASCII letter ('A'..'Z') followed by any combination of upper- or lower-case ASCII letters ('A'..'Z', and 'a'..'z'), numerals ('0'..'9') and '_', with a length limit of 255 characters. (00:00.027 / 00:09.399, 116Mb)
Sushi:   File: /tmp/ig-builds/dk.ehealth.sundhed.fhir.ig.core#10.0.0/input/fsh/ehealth-clinicalimpression.fsh (00:00.001 / 00:09.401, 116Mb)
Sushi:   Line: 53 - 59                                                                               (00:00.000 / 00:09.402, 116Mb)
Sushi: warn  The name "ehealth-clinicalimpression-decisionContext" may not be suitable for machine processing applications such as code generation. Valid names start with an upper-case ASCII letter ('A'..'Z') followed by any combination of upper- or lower-case ASCII letters ('A'..'Z', and 'a'..'z'), numerals ('0'..'9') and '_', with a length limit of 255 characters. (00:00.024 / 00:09.426, 116Mb)
Sushi:   File: /tmp/ig-builds/dk.ehealth.sundhed.fhir.ig.core#10.0.0/input/fsh/ehealth-clinicalimpression.fsh (00:00.001 / 00:09.428, 116Mb)
Sushi:   Line: 61 - 68                                                                               (00:00.000 / 00:09.429, 116Mb)
Sushi: warn  The name "ehealth-clinicalimpression-decision" may not be suitable for machine processing applications such as code generation. Valid names start with an upper-case ASCII letter ('A'..'Z') followed by any combination of upper- or lower-case ASCII letters ('A'..'Z', and 'a'..'z'), numerals ('0'..'9') and '_', with a length limit of 255 characters. (00:00.023 / 00:09.453, 116Mb)
Sushi:   File: /tmp/ig-builds/dk.ehealth.sundhed.fhir.ig.core#10.0.0/input/fsh/ehealth-clinicalimpression.fsh (00:00.002 / 00:09.455, 116Mb)
Sushi:   Line: 70 - 75                                                                               (00:00.000 / 00:09.455, 116Mb)
Sushi: warn  The name "ehealth-questionnaireresponse-finding-basis" may not be suitable for machine processing applications such as code generation. Valid names start with an upper-case ASCII letter ('A'..'Z') followed by any combination of upper- or lower-case ASCII letters ('A'..'Z', and 'a'..'z'), numerals ('0'..'9') and '_', with a length limit of 255 characters. (00:00.058 / 00:09.514, 116Mb)
Sushi:   File: /tmp/ig-builds/dk.ehealth.sundhed.fhir.ig.core#10.0.0/input/fsh/ehealth-clinicalimpression.fsh (00:00.002 / 00:09.516, 116Mb)
Sushi:   Line: 100 - 116                                                                             (00:00.000 / 00:09.517, 116Mb)
Sushi: warn  The name "ehealth-questionnaire-answerSignificance" may not be suitable for machine processing applications such as code generation. Valid names start with an upper-case ASCII letter ('A'..'Z') followed by any combination of upper- or lower-case ASCII letters ('A'..'Z', and 'a'..'z'), numerals ('0'..'9') and '_', with a length limit of 255 characters. (00:00.126 / 00:09.643, 116Mb)
Sushi:   File: /tmp/ig-builds/dk.ehealth.sundhed.fhir.ig.core#10.0.0/input/fsh/ehealth-ext-questionnaire-answerSignificance.fsh (00:00.002 / 00:09.646, 116Mb)
Sushi:   Line: 1 - 9                                                                                 (00:00.000 / 00:09.646, 116Mb)
Sushi: warn  The name "ehealth-answer-Condition" may not be suitable for machine processing applications such as code generation. Valid names start with an upper-case ASCII letter ('A'..'Z') followed by any combination of upper- or lower-case ASCII letters ('A'..'Z', and 'a'..'z'), numerals ('0'..'9') and '_', with a length limit of 255 characters. (00:00.006 / 00:09.653, 116Mb)
Sushi:   File: /tmp/ig-builds/dk.ehealth.sundhed.fhir.ig.core#10.0.0/input/fsh/ehealth-questionnaire.fsh (00:00.002 / 00:09.655, 116Mb)
Sushi:   Line: 98 - 107                                                                              (00:00.000 / 00:09.656, 116Mb)
Sushi: warn  The name "ehealth-clinicalimpression-viewInvestigationItem" may not be suitable for machine processing applications such as code generation. Valid names start with an upper-case ASCII letter ('A'..'Z') followed by any combination of upper- or lower-case ASCII letters ('A'..'Z', and 'a'..'z'), numerals ('0'..'9') and '_', with a length limit of 255 characters. (00:00.178 / 00:09.834, 116Mb)
Sushi:   File: /tmp/ig-builds/dk.ehealth.sundhed.fhir.ig.core#10.0.0/input/fsh/ehealth-clinicalimpression.fsh (00:00.001 / 00:09.836, 116Mb)
Sushi:   Line: 85 - 91                                                                               (00:00.000 / 00:09.836, 116Mb)
Sushi: warn  The name "ehealth-clinicalimpression-otherItem" may not be suitable for machine processing applications such as code generation. Valid names start with an upper-case ASCII letter ('A'..'Z') followed by any combination of upper- or lower-case ASCII letters ('A'..'Z', and 'a'..'z'), numerals ('0'..'9') and '_', with a length limit of 255 characters. (00:00.026 / 00:09.863, 116Mb)
Sushi:   File: /tmp/ig-builds/dk.ehealth.sundhed.fhir.ig.core#10.0.0/input/fsh/ehealth-clinicalimpression.fsh (00:00.001 / 00:09.864, 116Mb)
Sushi:   Line: 93 - 98                                                                               (00:00.000 / 00:09.865, 116Mb)
Sushi: warn  The name "ehealth-communication-request" may not be suitable for machine processing applications such as code generation. Valid names start with an upper-case ASCII letter ('A'..'Z') followed by any combination of upper- or lower-case ASCII letters ('A'..'Z', and 'a'..'z'), numerals ('0'..'9') and '_', with a length limit of 255 characters. (00:00.098 / 00:09.963, 116Mb)
Sushi:   File: /tmp/ig-builds/dk.ehealth.sundhed.fhir.ig.core#10.0.0/input/fsh/ehealth-communication-request.fsh (00:00.002 / 00:09.966, 116Mb)
Sushi:   Line: 1 - 15                                                                                (00:00.000 / 00:09.966, 116Mb)
Sushi: warn  The name "ehealth-communication" may not be suitable for machine processing applications such as code generation. Valid names start with an upper-case ASCII letter ('A'..'Z') followed by any combination of upper- or lower-case ASCII letters ('A'..'Z', and 'a'..'z'), numerals ('0'..'9') and '_', with a length limit of 255 characters. (00:00.033 / 00:10.000, 116Mb)
Sushi:   File: /tmp/ig-builds/dk.ehealth.sundhed.fhir.ig.core#10.0.0/input/fsh/ehealth-communication.fsh (00:00.001 / 00:10.002, 116Mb)
Sushi:   Line: 1 - 28                                                                                (00:00.000 / 00:10.003, 116Mb)
Sushi: warn  The name "ehealth-communication-recipientCareTeam" may not be suitable for machine processing applications such as code generation. Valid names start with an upper-case ASCII letter ('A'..'Z') followed by any combination of upper- or lower-case ASCII letters ('A'..'Z', and 'a'..'z'), numerals ('0'..'9') and '_', with a length limit of 255 characters. (00:00.010 / 00:10.013, 116Mb)
Sushi:   File: /tmp/ig-builds/dk.ehealth.sundhed.fhir.ig.core#10.0.0/input/fsh/ehealth-ext-communication-recipientCareTeam.fsh (00:00.002 / 00:10.016, 116Mb)
Sushi:   Line: 1 - 7                                                                                 (00:00.000 / 00:10.016, 116Mb)
Sushi: warn  The name "ehealth-communication-senderCareTeam" may not be suitable for machine processing applications such as code generation. Valid names start with an upper-case ASCII letter ('A'..'Z') followed by any combination of upper- or lower-case ASCII letters ('A'..'Z', and 'a'..'z'), numerals ('0'..'9') and '_', with a length limit of 255 characters. (00:00.023 / 00:10.040, 116Mb)
Sushi:   File: /tmp/ig-builds/dk.ehealth.sundhed.fhir.ig.core#10.0.0/input/fsh/ehealth-ext-communication-senderCareTeam.fsh (00:00.002 / 00:10.042, 116Mb)
Sushi:   Line: 1 - 7                                                                                 (00:00.000 / 00:10.043, 116Mb)
Sushi: warn  The name "ehealth-restriction-category" may not be suitable for machine processing applications such as code generation. Valid names start with an upper-case ASCII letter ('A'..'Z') followed by any combination of upper- or lower-case ASCII letters ('A'..'Z', and 'a'..'z'), numerals ('0'..'9') and '_', with a length limit of 255 characters. (00:00.027 / 00:10.070, 116Mb)
Sushi:   File: /tmp/ig-builds/dk.ehealth.sundhed.fhir.ig.core#10.0.0/input/fsh/ehealth-ext-restriction-category.fsh (00:00.002 / 00:10.072, 116Mb)
Sushi:   Line: 1 - 6                                                                                 (00:00.000 / 00:10.073, 116Mb)
Sushi: warn  The name "ehealth-composition" may not be suitable for machine processing applications such as code generation. Valid names start with an upper-case ASCII letter ('A'..'Z') followed by any combination of upper- or lower-case ASCII letters ('A'..'Z', and 'a'..'z'), numerals ('0'..'9') and '_', with a length limit of 255 characters. (00:00.140 / 00:10.213, 116Mb)
Sushi:   File: /tmp/ig-builds/dk.ehealth.sundhed.fhir.ig.core#10.0.0/input/fsh/ehealth-composition.fsh (00:00.001 / 00:10.215, 116Mb)
Sushi:   Line: 1 - 20                                                                                (00:00.001 / 00:10.217, 116Mb)
Sushi: warn  The name "ehealth-composition-authorOrganization" may not be suitable for machine processing applications such as code generation. Valid names start with an upper-case ASCII letter ('A'..'Z') followed by any combination of upper- or lower-case ASCII letters ('A'..'Z', and 'a'..'z'), numerals ('0'..'9') and '_', with a length limit of 255 characters. (00:00.000 / 00:10.217, 116Mb)
Sushi:   File: /tmp/ig-builds/dk.ehealth.sundhed.fhir.ig.core#10.0.0/input/fsh/ehealth-composition.fsh (00:00.002 / 00:10.219, 116Mb)
Sushi:   Line: 22 - 29                                                                               (00:00.000 / 00:10.220, 116Mb)
Sushi: warn  The name "ehealth-condition" may not be suitable for machine processing applications such as code generation. Valid names start with an upper-case ASCII letter ('A'..'Z') followed by any combination of upper- or lower-case ASCII letters ('A'..'Z', and 'a'..'z'), numerals ('0'..'9') and '_', with a length limit of 255 characters. (00:00.086 / 00:10.307, 116Mb)
Sushi:   File: /tmp/ig-builds/dk.ehealth.sundhed.fhir.ig.core#10.0.0/input/fsh/ehealth-condition.fsh (00:00.001 / 00:10.309, 116Mb)
Sushi:   Line: 1 - 17                                                                                (00:00.000 / 00:10.309, 116Mb)
Sushi: warn  The name "ehealth-code-qualification" may not be suitable for machine processing applications such as code generation. Valid names start with an upper-case ASCII letter ('A'..'Z') followed by any combination of upper- or lower-case ASCII letters ('A'..'Z', and 'a'..'z'), numerals ('0'..'9') and '_', with a length limit of 255 characters. (00:00.010 / 00:10.320, 116Mb)
Sushi:   File: /tmp/ig-builds/dk.ehealth.sundhed.fhir.ig.core#10.0.0/input/fsh/ehealth-condition.fsh (00:00.002 / 00:10.322, 116Mb)
Sushi:   Line: 19 - 24                                                                               (00:00.000 / 00:10.322, 116Mb)
Sushi: warn  The name "ehealth-consent" may not be suitable for machine processing applications such as code generation. Valid names start with an upper-case ASCII letter ('A'..'Z') followed by any combination of upper- or lower-case ASCII letters ('A'..'Z', and 'a'..'z'), numerals ('0'..'9') and '_', with a length limit of 255 characters. (00:00.115 / 00:10.438, 116Mb)
Sushi:   File: /tmp/ig-builds/dk.ehealth.sundhed.fhir.ig.core#10.0.0/input/fsh/ehealth-consent.fsh   (00:00.001 / 00:10.439, 116Mb)
Sushi:   Line: 1 - 21                                                                                (00:00.000 / 00:10.440, 116Mb)
Sushi: warn  The name "ehealth-consent-affiliation" may not be suitable for machine processing applications such as code generation. Valid names start with an upper-case ASCII letter ('A'..'Z') followed by any combination of upper- or lower-case ASCII letters ('A'..'Z', and 'a'..'z'), numerals ('0'..'9') and '_', with a length limit of 255 characters. (00:00.001 / 00:10.441, 116Mb)
Sushi:   File: /tmp/ig-builds/dk.ehealth.sundhed.fhir.ig.core#10.0.0/input/fsh/ehealth-consent.fsh   (00:00.001 / 00:10.443, 116Mb)
Sushi:   Line: 23 - 29                                                                               (00:00.000 / 00:10.444, 116Mb)
Sushi: warn  The name "ehealth-definedquestion" may not be suitable for machine processing applications such as code generation. Valid names start with an upper-case ASCII letter ('A'..'Z') followed by any combination of upper- or lower-case ASCII letters ('A'..'Z', and 'a'..'z'), numerals ('0'..'9') and '_', with a length limit of 255 characters. (00:00.096 / 00:10.540, 116Mb)
Sushi:   File: /tmp/ig-builds/dk.ehealth.sundhed.fhir.ig.core#10.0.0/input/fsh/ehealth-definedquestion.fsh (00:00.001 / 00:10.541, 116Mb)
Sushi:   Line: 1 - 3                                                                                 (00:00.000 / 00:10.542, 116Mb)
Sushi: warn  The name "ehealth-device" may not be suitable for machine processing applications such as code generation. Valid names start with an upper-case ASCII letter ('A'..'Z') followed by any combination of upper- or lower-case ASCII letters ('A'..'Z', and 'a'..'z'), numerals ('0'..'9') and '_', with a length limit of 255 characters. (00:00.007 / 00:10.550, 116Mb)
Sushi:   File: /tmp/ig-builds/dk.ehealth.sundhed.fhir.ig.core#10.0.0/input/fsh/ehealth-device.fsh    (00:00.002 / 00:10.552, 116Mb)
Sushi:   Line: 1 - 14                                                                                (00:00.000 / 00:10.553, 116Mb)
Sushi: warn  The name "ehealth-device-privatelyOwned" may not be suitable for machine processing applications such as code generation. Valid names start with an upper-case ASCII letter ('A'..'Z') followed by any combination of upper- or lower-case ASCII letters ('A'..'Z', and 'a'..'z'), numerals ('0'..'9') and '_', with a length limit of 255 characters. (00:00.000 / 00:10.553, 116Mb)
Sushi:   File: /tmp/ig-builds/dk.ehealth.sundhed.fhir.ig.core#10.0.0/input/fsh/ehealth-device.fsh    (00:00.001 / 00:10.555, 116Mb)
Sushi:   Line: 16 - 20                                                                               (00:00.000 / 00:10.556, 116Mb)
Sushi: warn  The name "ehealth-device-suppliers" may not be suitable for machine processing applications such as code generation. Valid names start with an upper-case ASCII letter ('A'..'Z') followed by any combination of upper- or lower-case ASCII letters ('A'..'Z', and 'a'..'z'), numerals ('0'..'9') and '_', with a length limit of 255 characters. (00:00.017 / 00:10.573, 116Mb)
Sushi:   File: /tmp/ig-builds/dk.ehealth.sundhed.fhir.ig.core#10.0.0/input/fsh/ehealth-device.fsh    (00:00.001 / 00:10.575, 116Mb)
Sushi:   Line: 22 - 32                                                                               (00:00.000 / 00:10.576, 116Mb)
Sushi: warn  The name "ehealth-device-registrationToken" may not be suitable for machine processing applications such as code generation. Valid names start with an upper-case ASCII letter ('A'..'Z') followed by any combination of upper- or lower-case ASCII letters ('A'..'Z', and 'a'..'z'), numerals ('0'..'9') and '_', with a length limit of 255 characters. (00:00.075 / 00:10.651, 116Mb)
Sushi:   File: /tmp/ig-builds/dk.ehealth.sundhed.fhir.ig.core#10.0.0/input/fsh/ehealth-device.fsh    (00:00.002 / 00:10.653, 116Mb)
Sushi:   Line: 34 - 38                                                                               (00:00.000 / 00:10.654, 116Mb)
Sushi: warn  The name "ehealth-device-platform" may not be suitable for machine processing applications such as code generation. Valid names start with an upper-case ASCII letter ('A'..'Z') followed by any combination of upper- or lower-case ASCII letters ('A'..'Z', and 'a'..'z'), numerals ('0'..'9') and '_', with a length limit of 255 characters. (00:00.032 / 00:10.686, 116Mb)
Sushi:   File: /tmp/ig-builds/dk.ehealth.sundhed.fhir.ig.core#10.0.0/input/fsh/ehealth-device.fsh    (00:00.002 / 00:10.688, 116Mb)
Sushi:   Line: 40 - 45                                                                               (00:00.000 / 00:10.689, 116Mb)
Sushi: warn  The name "ehealth-devicemetric" may not be suitable for machine processing applications such as code generation. Valid names start with an upper-case ASCII letter ('A'..'Z') followed by any combination of upper- or lower-case ASCII letters ('A'..'Z', and 'a'..'z'), numerals ('0'..'9') and '_', with a length limit of 255 characters. (00:00.054 / 00:10.744, 116Mb)
Sushi:   File: /tmp/ig-builds/dk.ehealth.sundhed.fhir.ig.core#10.0.0/input/fsh/ehealth-devicemetric.fsh (00:00.001 / 00:10.746, 116Mb)
Sushi:   Line: 1 - 14                                                                                (00:00.000 / 00:10.746, 116Mb)
Sushi: warn  The name "ehealth-devicemetric-properties" may not be suitable for machine processing applications such as code generation. Valid names start with an upper-case ASCII letter ('A'..'Z') followed by any combination of upper- or lower-case ASCII letters ('A'..'Z', and 'a'..'z'), numerals ('0'..'9') and '_', with a length limit of 255 characters. (00:00.000 / 00:10.747, 116Mb)
Sushi:   File: /tmp/ig-builds/dk.ehealth.sundhed.fhir.ig.core#10.0.0/input/fsh/ehealth-devicemetric.fsh (00:00.002 / 00:10.749, 116Mb)
Sushi:   Line: 16 - 26                                                                               (00:00.000 / 00:10.750, 116Mb)
Sushi: warn  The name "ehealth-devicemetric-qualities" may not be suitable for machine processing applications such as code generation. Valid names start with an upper-case ASCII letter ('A'..'Z') followed by any combination of upper- or lower-case ASCII letters ('A'..'Z', and 'a'..'z'), numerals ('0'..'9') and '_', with a length limit of 255 characters. (00:00.263 / 00:11.014, 116Mb)
Sushi:   File: /tmp/ig-builds/dk.ehealth.sundhed.fhir.ig.core#10.0.0/input/fsh/ehealth-devicemetric.fsh (00:00.002 / 00:11.016, 116Mb)
Sushi:   Line: 28 - 38                                                                               (00:00.000 / 00:11.017, 116Mb)
Sushi: warn  The name "ehealth-devicemetric-qualityHistory" may not be suitable for machine processing applications such as code generation. Valid names start with an upper-case ASCII letter ('A'..'Z') followed by any combination of upper- or lower-case ASCII letters ('A'..'Z', and 'a'..'z'), numerals ('0'..'9') and '_', with a length limit of 255 characters. (00:00.103 / 00:11.120, 116Mb)
Sushi:   File: /tmp/ig-builds/dk.ehealth.sundhed.fhir.ig.core#10.0.0/input/fsh/ehealth-devicemetric.fsh (00:00.002 / 00:11.122, 116Mb)
Sushi:   Line: 40 - 53                                                                               (00:00.000 / 00:11.123, 116Mb)
Sushi: warn  The name "ehealth-devicemetric-templateQualities" may not be suitable for machine processing applications such as code generation. Valid names start with an upper-case ASCII letter ('A'..'Z') followed by any combination of upper- or lower-case ASCII letters ('A'..'Z', and 'a'..'z'), numerals ('0'..'9') and '_', with a length limit of 255 characters. (00:00.167 / 00:11.291, 116Mb)
Sushi:   File: /tmp/ig-builds/dk.ehealth.sundhed.fhir.ig.core#10.0.0/input/fsh/ehealth-devicemetric.fsh (00:00.002 / 00:11.293, 116Mb)
Sushi:   Line: 55 - 64                                                                               (00:00.000 / 00:11.294, 116Mb)
Sushi: warn  The name "ehealth-devicemetric-calibrationExpires" may not be suitable for machine processing applications such as code generation. Valid names start with an upper-case ASCII letter ('A'..'Z') followed by any combination of upper- or lower-case ASCII letters ('A'..'Z', and 'a'..'z'), numerals ('0'..'9') and '_', with a length limit of 255 characters. (00:00.114 / 00:11.408, 116Mb)
Sushi:   File: /tmp/ig-builds/dk.ehealth.sundhed.fhir.ig.core#10.0.0/input/fsh/ehealth-devicemetric.fsh (00:00.001 / 00:11.409, 116Mb)
Sushi:   Line: 66 - 70                                                                               (00:00.000 / 00:11.410, 116Mb)
Sushi: warn  The name "ehealth-deviceusestatement" may not be suitable for machine processing applications such as code generation. Valid names start with an upper-case ASCII letter ('A'..'Z') followed by any combination of upper- or lower-case ASCII letters ('A'..'Z', and 'a'..'z'), numerals ('0'..'9') and '_', with a length limit of 255 characters. (00:00.028 / 00:11.439, 116Mb)
Sushi:   File: /tmp/ig-builds/dk.ehealth.sundhed.fhir.ig.core#10.0.0/input/fsh/ehealth-deviceusestatement.fsh (00:00.001 / 00:11.440, 116Mb)
Sushi:   Line: 1 - 13                                                                                (00:00.000 / 00:11.441, 116Mb)
Sushi: warn  The name "ehealth-deviceusestatement-context" may not be suitable for machine processing applications such as code generation. Valid names start with an upper-case ASCII letter ('A'..'Z') followed by any combination of upper- or lower-case ASCII letters ('A'..'Z', and 'a'..'z'), numerals ('0'..'9') and '_', with a length limit of 255 characters. (00:00.000 / 00:11.442, 116Mb)
Sushi:   File: /tmp/ig-builds/dk.ehealth.sundhed.fhir.ig.core#10.0.0/input/fsh/ehealth-deviceusestatement.fsh (00:00.001 / 00:11.443, 116Mb)
Sushi:   Line: 15 - 21                                                                               (00:00.000 / 00:11.444, 116Mb)
Sushi: warn  The name "ehealth-documentreference" may not be suitable for machine processing applications such as code generation. Valid names start with an upper-case ASCII letter ('A'..'Z') followed by any combination of upper- or lower-case ASCII letters ('A'..'Z', and 'a'..'z'), numerals ('0'..'9') and '_', with a length limit of 255 characters. (00:00.075 / 00:11.519, 116Mb)
Sushi:   File: /tmp/ig-builds/dk.ehealth.sundhed.fhir.ig.core#10.0.0/input/fsh/ehealth-documentreference.fsh (00:00.001 / 00:11.521, 116Mb)
Sushi:   Line: 1 - 30                                                                                (00:00.000 / 00:11.521, 116Mb)
Sushi: warn  The name "ehealth-intendedOrganization" may not be suitable for machine processing applications such as code generation. Valid names start with an upper-case ASCII letter ('A'..'Z') followed by any combination of upper- or lower-case ASCII letters ('A'..'Z', and 'a'..'z'), numerals ('0'..'9') and '_', with a length limit of 255 characters. (00:00.072 / 00:11.594, 117Mb)
Sushi:   File: /tmp/ig-builds/dk.ehealth.sundhed.fhir.ig.core#10.0.0/input/fsh/ehealth-ext-intendedOrganization.fsh (00:00.001 / 00:11.595, 117Mb)
Sushi:   Line: 1 - 7                                                                                 (00:00.000 / 00:11.596, 117Mb)
Sushi: warn  The name "ehealth-artifact-date" may not be suitable for machine processing applications such as code generation. Valid names start with an upper-case ASCII letter ('A'..'Z') followed by any combination of upper- or lower-case ASCII letters ('A'..'Z', and 'a'..'z'), numerals ('0'..'9') and '_', with a length limit of 255 characters. (00:00.029 / 00:11.625, 117Mb)
Sushi:   File: /tmp/ig-builds/dk.ehealth.sundhed.fhir.ig.core#10.0.0/input/fsh/ehealth-ext-artifact-date.fsh (00:00.001 / 00:11.627, 117Mb)
Sushi:   Line: 1 - 6                                                                                 (00:00.000 / 00:11.628, 117Mb)
Sushi: warn  The name "ehealth-usage" may not be suitable for machine processing applications such as code generation. Valid names start with an upper-case ASCII letter ('A'..'Z') followed by any combination of upper- or lower-case ASCII letters ('A'..'Z', and 'a'..'z'), numerals ('0'..'9') and '_', with a length limit of 255 characters. (00:00.030 / 00:11.658, 117Mb)
Sushi:   File: /tmp/ig-builds/dk.ehealth.sundhed.fhir.ig.core#10.0.0/input/fsh/ehealth-ext-usage.fsh (00:00.001 / 00:11.660, 117Mb)
Sushi:   Line: 1 - 5                                                                                 (00:00.000 / 00:11.661, 117Mb)
Sushi: warn  The name "ehealth-endpoint" may not be suitable for machine processing applications such as code generation. Valid names start with an upper-case ASCII letter ('A'..'Z') followed by any combination of upper- or lower-case ASCII letters ('A'..'Z', and 'a'..'z'), numerals ('0'..'9') and '_', with a length limit of 255 characters. (00:00.049 / 00:11.711, 117Mb)
Sushi:   File: /tmp/ig-builds/dk.ehealth.sundhed.fhir.ig.core#10.0.0/input/fsh/ehealth-endpoint.fsh  (00:00.001 / 00:11.712, 117Mb)
Sushi:   Line: 1 - 7                                                                                 (00:00.000 / 00:11.713, 117Mb)
Sushi: warn  The name "ehealth-episodeofcare" may not be suitable for machine processing applications such as code generation. Valid names start with an upper-case ASCII letter ('A'..'Z') followed by any combination of upper- or lower-case ASCII letters ('A'..'Z', and 'a'..'z'), numerals ('0'..'9') and '_', with a length limit of 255 characters. (00:00.005 / 00:11.719, 117Mb)
Sushi:   File: /tmp/ig-builds/dk.ehealth.sundhed.fhir.ig.core#10.0.0/input/fsh/ehealth-episodeofcare.fsh (00:00.001 / 00:11.720, 117Mb)
Sushi:   Line: 1 - 23                                                                                (00:00.000 / 00:11.721, 117Mb)
Sushi: warn  The name "ehealth-episodeofcare-caremanagerOrganization" may not be suitable for machine processing applications such as code generation. Valid names start with an upper-case ASCII letter ('A'..'Z') followed by any combination of upper- or lower-case ASCII letters ('A'..'Z', and 'a'..'z'), numerals ('0'..'9') and '_', with a length limit of 255 characters. (00:00.001 / 00:11.722, 117Mb)
Sushi:   File: /tmp/ig-builds/dk.ehealth.sundhed.fhir.ig.core#10.0.0/input/fsh/ehealth-episodeofcare.fsh (00:00.001 / 00:11.724, 117Mb)
Sushi:   Line: 25 - 31                                                                               (00:00.000 / 00:11.725, 117Mb)
Sushi: warn  The name "ehealth-episodeofcare-statusschedule" may not be suitable for machine processing applications such as code generation. Valid names start with an upper-case ASCII letter ('A'..'Z') followed by any combination of upper- or lower-case ASCII letters ('A'..'Z', and 'a'..'z'), numerals ('0'..'9') and '_', with a length limit of 255 characters. (00:00.027 / 00:11.752, 117Mb)
Sushi:   File: /tmp/ig-builds/dk.ehealth.sundhed.fhir.ig.core#10.0.0/input/fsh/ehealth-episodeofcare.fsh (00:00.001 / 00:11.754, 117Mb)
Sushi:   Line: 33 - 43                                                                               (00:00.001 / 00:11.755, 117Mb)
Sushi: warn  The name "ehealth-managing-organization" may not be suitable for machine processing applications such as code generation. Valid names start with an upper-case ASCII letter ('A'..'Z') followed by any combination of upper- or lower-case ASCII letters ('A'..'Z', and 'a'..'z'), numerals ('0'..'9') and '_', with a length limit of 255 characters. (00:00.063 / 00:11.818, 117Mb)
Sushi:   File: /tmp/ig-builds/dk.ehealth.sundhed.fhir.ig.core#10.0.0/input/fsh/ehealth-episodeofcare.fsh (00:00.004 / 00:11.823, 117Mb)
Sushi:   Line: 45 - 59                                                                               (00:00.000 / 00:11.824, 117Mb)
Sushi: warn  The name "ehealth-goal" may not be suitable for machine processing applications such as code generation. Valid names start with an upper-case ASCII letter ('A'..'Z') followed by any combination of upper- or lower-case ASCII letters ('A'..'Z', and 'a'..'z'), numerals ('0'..'9') and '_', with a length limit of 255 characters. (00:00.137 / 00:11.961, 117Mb)
Sushi:   File: /tmp/ig-builds/dk.ehealth.sundhed.fhir.ig.core#10.0.0/input/fsh/ehealth-goal.fsh      (00:00.002 / 00:11.963, 117Mb)
Sushi:   Line: 1 - 13                                                                                (00:00.000 / 00:11.964, 117Mb)
Sushi: warn  The name "ehealth-group-appointment" may not be suitable for machine processing applications such as code generation. Valid names start with an upper-case ASCII letter ('A'..'Z') followed by any combination of upper- or lower-case ASCII letters ('A'..'Z', and 'a'..'z'), numerals ('0'..'9') and '_', with a length limit of 255 characters. (00:00.061 / 00:12.026, 117Mb)
Sushi:   File: /tmp/ig-builds/dk.ehealth.sundhed.fhir.ig.core#10.0.0/input/fsh/ehealth-group-appointment.fsh (00:00.002 / 00:12.028, 117Mb)
Sushi:   Line: 1 - 34                                                                                (00:00.000 / 00:12.029, 117Mb)
Sushi: warn  The name "ehealth-creator" may not be suitable for machine processing applications such as code generation. Valid names start with an upper-case ASCII letter ('A'..'Z') followed by any combination of upper- or lower-case ASCII letters ('A'..'Z', and 'a'..'z'), numerals ('0'..'9') and '_', with a length limit of 255 characters. (00:00.007 / 00:12.036, 117Mb)
Sushi:   File: /tmp/ig-builds/dk.ehealth.sundhed.fhir.ig.core#10.0.0/input/fsh/ehealth-ext-creator.fsh (00:00.001 / 00:12.038, 117Mb)
Sushi:   Line: 1 - 6                                                                                 (00:00.000 / 00:12.038, 117Mb)
Sushi: warn  The name "ehealth-registration-deadline" may not be suitable for machine processing applications such as code generation. Valid names start with an upper-case ASCII letter ('A'..'Z') followed by any combination of upper- or lower-case ASCII letters ('A'..'Z', and 'a'..'z'), numerals ('0'..'9') and '_', with a length limit of 255 characters. (00:00.026 / 00:12.065, 117Mb)
Sushi:   File: /tmp/ig-builds/dk.ehealth.sundhed.fhir.ig.core#10.0.0/input/fsh/ehealth-ext-registration-deadline.fsh (00:00.002 / 00:12.067, 117Mb)
Sushi:   Line: 1 - 5                                                                                 (00:00.000 / 00:12.068, 117Mb)
Sushi: warn  The name "ehealth-assigning-careteam" may not be suitable for machine processing applications such as code generation. Valid names start with an upper-case ASCII letter ('A'..'Z') followed by any combination of upper- or lower-case ASCII letters ('A'..'Z', and 'a'..'z'), numerals ('0'..'9') and '_', with a length limit of 255 characters. (00:00.052 / 00:12.121, 117Mb)
Sushi:   File: /tmp/ig-builds/dk.ehealth.sundhed.fhir.ig.core#10.0.0/input/fsh/ehealth-ext-assigning-careteam.fsh (00:00.001 / 00:12.123, 117Mb)
Sushi:   Line: 1 - 5                                                                                 (00:00.000 / 00:12.124, 117Mb)
Sushi: warn  The name "ehealth-group-videoappointment" may not be suitable for machine processing applications such as code generation. Valid names start with an upper-case ASCII letter ('A'..'Z') followed by any combination of upper- or lower-case ASCII letters ('A'..'Z', and 'a'..'z'), numerals ('0'..'9') and '_', with a length limit of 255 characters. (00:00.042 / 00:12.167, 117Mb)
Sushi:   File: /tmp/ig-builds/dk.ehealth.sundhed.fhir.ig.core#10.0.0/input/fsh/ehealth-group-videoappointment.fsh (00:00.001 / 00:12.169, 117Mb)
Sushi:   Line: 1 - 43                                                                                (00:00.000 / 00:12.170, 117Mb)
Sushi: warn  The name "ehealth-end-meeting-on-end-time" may not be suitable for machine processing applications such as code generation. Valid names start with an upper-case ASCII letter ('A'..'Z') followed by any combination of upper- or lower-case ASCII letters ('A'..'Z', and 'a'..'z'), numerals ('0'..'9') and '_', with a length limit of 255 characters. (00:00.000 / 00:12.171, 117Mb)
Sushi:   File: /tmp/ig-builds/dk.ehealth.sundhed.fhir.ig.core#10.0.0/input/fsh/ehealth-ext-end-meeting-on-end-time.fsh (00:00.001 / 00:12.172, 117Mb)
Sushi:   Line: 1 - 5                                                                                 (00:00.000 / 00:12.173, 117Mb)
Sushi: warn  The name "ehealth-max-participants" may not be suitable for machine processing applications such as code generation. Valid names start with an upper-case ASCII letter ('A'..'Z') followed by any combination of upper- or lower-case ASCII letters ('A'..'Z', and 'a'..'z'), numerals ('0'..'9') and '_', with a length limit of 255 characters. (00:00.017 / 00:12.190, 117Mb)
Sushi:   File: /tmp/ig-builds/dk.ehealth.sundhed.fhir.ig.core#10.0.0/input/fsh/ehealth-ext-max-participants.fsh (00:00.001 / 00:12.192, 117Mb)
Sushi:   Line: 1 - 5                                                                                 (00:00.000 / 00:12.193, 117Mb)
Sushi: warn  The name "ehealth-meeting-url" may not be suitable for machine processing applications such as code generation. Valid names start with an upper-case ASCII letter ('A'..'Z') followed by any combination of upper- or lower-case ASCII letters ('A'..'Z', and 'a'..'z'), numerals ('0'..'9') and '_', with a length limit of 255 characters. (00:00.029 / 00:12.222, 117Mb)
Sushi:   File: /tmp/ig-builds/dk.ehealth.sundhed.fhir.ig.core#10.0.0/input/fsh/ehealth-ext-meeting-url.fsh (00:00.001 / 00:12.223, 117Mb)
Sushi:   Line: 1 - 5                                                                                 (00:00.000 / 00:12.224, 117Mb)
Sushi: warn  The name "ehealth-vmr-uri" may not be suitable for machine processing applications such as code generation. Valid names start with an upper-case ASCII letter ('A'..'Z') followed by any combination of upper- or lower-case ASCII letters ('A'..'Z', and 'a'..'z'), numerals ('0'..'9') and '_', with a length limit of 255 characters. (00:00.040 / 00:12.264, 117Mb)
Sushi:   File: /tmp/ig-builds/dk.ehealth.sundhed.fhir.ig.core#10.0.0/input/fsh/ehealth-ext-vmr-uri.fsh (00:00.001 / 00:12.266, 117Mb)
Sushi:   Line: 1 - 5                                                                                 (00:00.000 / 00:12.267, 117Mb)
Sushi: warn  The name "ehealth-guest-pin-code" may not be suitable for machine processing applications such as code generation. Valid names start with an upper-case ASCII letter ('A'..'Z') followed by any combination of upper- or lower-case ASCII letters ('A'..'Z', and 'a'..'z'), numerals ('0'..'9') and '_', with a length limit of 255 characters. (00:00.036 / 00:12.303, 117Mb)
Sushi:   File: /tmp/ig-builds/dk.ehealth.sundhed.fhir.ig.core#10.0.0/input/fsh/ehealth-ext-guest-pin-code.fsh (00:00.002 / 00:12.305, 117Mb)
Sushi:   Line: 1 - 5                                                                                 (00:00.000 / 00:12.306, 117Mb)
Sushi: warn  The name "ehealth-host-pin-code" may not be suitable for machine processing applications such as code generation. Valid names start with an upper-case ASCII letter ('A'..'Z') followed by any combination of upper- or lower-case ASCII letters ('A'..'Z', and 'a'..'z'), numerals ('0'..'9') and '_', with a length limit of 255 characters. (00:00.032 / 00:12.338, 117Mb)
Sushi:   File: /tmp/ig-builds/dk.ehealth.sundhed.fhir.ig.core#10.0.0/input/fsh/ehealth-ext-host-pin-code.fsh (00:00.002 / 00:12.340, 117Mb)
Sushi:   Line: 1 - 5                                                                                 (00:00.000 / 00:12.341, 117Mb)
Sushi: warn  The name "ehealth-guidanceresponse" may not be suitable for machine processing applications such as code generation. Valid names start with an upper-case ASCII letter ('A'..'Z') followed by any combination of upper- or lower-case ASCII letters ('A'..'Z', and 'a'..'z'), numerals ('0'..'9') and '_', with a length limit of 255 characters. (00:00.108 / 00:12.450, 117Mb)
Sushi:   File: /tmp/ig-builds/dk.ehealth.sundhed.fhir.ig.core#10.0.0/input/fsh/ehealth-guidanceresponse.fsh (00:00.001 / 00:12.452, 117Mb)
Sushi:   Line: 1 - 15                                                                                (00:00.000 / 00:12.452, 117Mb)
Sushi: warn  The name "ehealth-guidanceresponse-episodeOfCare" may not be suitable for machine processing applications such as code generation. Valid names start with an upper-case ASCII letter ('A'..'Z') followed by any combination of upper- or lower-case ASCII letters ('A'..'Z', and 'a'..'z'), numerals ('0'..'9') and '_', with a length limit of 255 characters. (00:00.000 / 00:12.453, 117Mb)
Sushi:   File: /tmp/ig-builds/dk.ehealth.sundhed.fhir.ig.core#10.0.0/input/fsh/ehealth-guidanceresponse.fsh (00:00.002 / 00:12.455, 117Mb)
Sushi:   Line: 17 - 22                                                                               (00:00.000 / 00:12.456, 117Mb)
Sushi: warn  The name "ehealth-library" may not be suitable for machine processing applications such as code generation. Valid names start with an upper-case ASCII letter ('A'..'Z') followed by any combination of upper- or lower-case ASCII letters ('A'..'Z', and 'a'..'z'), numerals ('0'..'9') and '_', with a length limit of 255 characters. (00:00.081 / 00:12.538, 117Mb)
Sushi:   File: /tmp/ig-builds/dk.ehealth.sundhed.fhir.ig.core#10.0.0/input/fsh/ehealth-library.fsh   (00:00.001 / 00:12.540, 117Mb)
Sushi:   Line: 1 - 12                                                                                (00:00.000 / 00:12.540, 117Mb)
Sushi: warn  The name "ehealth-revision" may not be suitable for machine processing applications such as code generation. Valid names start with an upper-case ASCII letter ('A'..'Z') followed by any combination of upper- or lower-case ASCII letters ('A'..'Z', and 'a'..'z'), numerals ('0'..'9') and '_', with a length limit of 255 characters. (00:00.001 / 00:12.542, 117Mb)
Sushi:   File: /tmp/ig-builds/dk.ehealth.sundhed.fhir.ig.core#10.0.0/input/fsh/ehealth-ext-revision.fsh (00:00.001 / 00:12.544, 117Mb)
Sushi:   Line: 1 - 6                                                                                 (00:00.000 / 00:12.545, 117Mb)
Sushi: warn  The name "ehealth-aggregation-mode" may not be suitable for machine processing applications such as code generation. Valid names start with an upper-case ASCII letter ('A'..'Z') followed by any combination of upper- or lower-case ASCII letters ('A'..'Z', and 'a'..'z'), numerals ('0'..'9') and '_', with a length limit of 255 characters. (00:00.034 / 00:12.580, 117Mb)
Sushi:   File: /tmp/ig-builds/dk.ehealth.sundhed.fhir.ig.core#10.0.0/input/fsh/ehealth-ext-aggregation-mode.fsh (00:00.002 / 00:12.582, 117Mb)
Sushi:   Line: 1 - 7                                                                                 (00:00.000 / 00:12.582, 117Mb)
Sushi: warn  The name "ehealth-material-communication" may not be suitable for machine processing applications such as code generation. Valid names start with an upper-case ASCII letter ('A'..'Z') followed by any combination of upper- or lower-case ASCII letters ('A'..'Z', and 'a'..'z'), numerals ('0'..'9') and '_', with a length limit of 255 characters. (00:00.056 / 00:12.639, 117Mb)
Sushi:   File: /tmp/ig-builds/dk.ehealth.sundhed.fhir.ig.core#10.0.0/input/fsh/ehealth-material-communication.fsh (00:00.002 / 00:12.641, 117Mb)
Sushi:   Line: 1 - 21                                                                                (00:00.000 / 00:12.642, 117Mb)
Sushi: warn  The name "ehealth-period" may not be suitable for machine processing applications such as code generation. Valid names start with an upper-case ASCII letter ('A'..'Z') followed by any combination of upper- or lower-case ASCII letters ('A'..'Z', and 'a'..'z'), numerals ('0'..'9') and '_', with a length limit of 255 characters. (00:00.034 / 00:12.677, 117Mb)
Sushi:   File: /tmp/ig-builds/dk.ehealth.sundhed.fhir.ig.core#10.0.0/input/fsh/ehealth-ext-period.fsh (00:00.002 / 00:12.679, 117Mb)
Sushi:   Line: 1 - 6                                                                                 (00:00.000 / 00:12.679, 117Mb)
Sushi: warn  The name "ehealth-media" may not be suitable for machine processing applications such as code generation. Valid names start with an upper-case ASCII letter ('A'..'Z') followed by any combination of upper- or lower-case ASCII letters ('A'..'Z', and 'a'..'z'), numerals ('0'..'9') and '_', with a length limit of 255 characters. (00:00.082 / 00:12.761, 117Mb)
Sushi:   File: /tmp/ig-builds/dk.ehealth.sundhed.fhir.ig.core#10.0.0/input/fsh/ehealth-media.fsh     (00:00.001 / 00:12.763, 117Mb)
Sushi:   Line: 1 - 33                                                                                (00:00.000 / 00:12.764, 117Mb)
Sushi: warn  The name "ehealth-resolved-timing" may not be suitable for machine processing applications such as code generation. Valid names start with an upper-case ASCII letter ('A'..'Z') followed by any combination of upper- or lower-case ASCII letters ('A'..'Z', and 'a'..'z'), numerals ('0'..'9') and '_', with a length limit of 255 characters. (00:00.012 / 00:12.776, 117Mb)
Sushi:   File: /tmp/ig-builds/dk.ehealth.sundhed.fhir.ig.core#10.0.0/input/fsh/ehealth-ext-resolved-timing.fsh (00:00.001 / 00:12.777, 117Mb)
Sushi:   Line: 1 - 18                                                                                (00:00.000 / 00:12.778, 117Mb)
Sushi: warn  The name "ehealth-media-thumbnail" may not be suitable for machine processing applications such as code generation. Valid names start with an upper-case ASCII letter ('A'..'Z') followed by any combination of upper- or lower-case ASCII letters ('A'..'Z', and 'a'..'z'), numerals ('0'..'9') and '_', with a length limit of 255 characters. (00:00.091 / 00:12.869, 117Mb)
Sushi:   File: /tmp/ig-builds/dk.ehealth.sundhed.fhir.ig.core#10.0.0/input/fsh/ehealth-media.fsh     (00:00.001 / 00:12.871, 117Mb)
Sushi:   Line: 55 - 76                                                                               (00:00.000 / 00:12.872, 117Mb)
Sushi: warn  The name "ehealth-media-usage-mode" may not be suitable for machine processing applications such as code generation. Valid names start with an upper-case ASCII letter ('A'..'Z') followed by any combination of upper- or lower-case ASCII letters ('A'..'Z', and 'a'..'z'), numerals ('0'..'9') and '_', with a length limit of 255 characters. (00:00.172 / 00:13.044, 117Mb)
Sushi:   File: /tmp/ig-builds/dk.ehealth.sundhed.fhir.ig.core#10.0.0/input/fsh/ehealth-media.fsh     (00:00.001 / 00:13.046, 117Mb)
Sushi:   Line: 35 - 40                                                                               (00:00.000 / 00:13.047, 117Mb)
Sushi: warn  The name "ehealth-media-related-to" may not be suitable for machine processing applications such as code generation. Valid names start with an upper-case ASCII letter ('A'..'Z') followed by any combination of upper- or lower-case ASCII letters ('A'..'Z', and 'a'..'z'), numerals ('0'..'9') and '_', with a length limit of 255 characters. (00:00.014 / 00:13.061, 117Mb)
Sushi:   File: /tmp/ig-builds/dk.ehealth.sundhed.fhir.ig.core#10.0.0/input/fsh/ehealth-media.fsh     (00:00.001 / 00:13.063, 117Mb)
Sushi:   Line: 42 - 47                                                                               (00:00.000 / 00:13.063, 117Mb)
Sushi: warn  The name "ehealth-media-series-id" may not be suitable for machine processing applications such as code generation. Valid names start with an upper-case ASCII letter ('A'..'Z') followed by any combination of upper- or lower-case ASCII letters ('A'..'Z', and 'a'..'z'), numerals ('0'..'9') and '_', with a length limit of 255 characters. (00:00.014 / 00:13.078, 117Mb)
Sushi:   File: /tmp/ig-builds/dk.ehealth.sundhed.fhir.ig.core#10.0.0/input/fsh/ehealth-media.fsh     (00:00.001 / 00:13.080, 117Mb)
Sushi:   Line: 49 - 53                                                                               (00:00.000 / 00:13.081, 117Mb)
Sushi: warn  The name "ehealth-message" may not be suitable for machine processing applications such as code generation. Valid names start with an upper-case ASCII letter ('A'..'Z') followed by any combination of upper- or lower-case ASCII letters ('A'..'Z', and 'a'..'z'), numerals ('0'..'9') and '_', with a length limit of 255 characters. (00:00.108 / 00:13.189, 117Mb)
Sushi:   File: /tmp/ig-builds/dk.ehealth.sundhed.fhir.ig.core#10.0.0/input/fsh/ehealth-message.fsh   (00:00.001 / 00:13.190, 117Mb)
Sushi:   Line: 1 - 59                                                                                (00:00.000 / 00:13.191, 117Mb)
Sushi: warn  The name "ehealth-thread-id" may not be suitable for machine processing applications such as code generation. Valid names start with an upper-case ASCII letter ('A'..'Z') followed by any combination of upper- or lower-case ASCII letters ('A'..'Z', and 'a'..'z'), numerals ('0'..'9') and '_', with a length limit of 255 characters. (00:00.010 / 00:13.201, 117Mb)
Sushi:   File: /tmp/ig-builds/dk.ehealth.sundhed.fhir.ig.core#10.0.0/input/fsh/ehealth-message.fsh   (00:00.001 / 00:13.203, 117Mb)
Sushi:   Line: 61 - 65                                                                               (00:00.000 / 00:13.203, 117Mb)
Sushi: warn  The name "ehealth-title" may not be suitable for machine processing applications such as code generation. Valid names start with an upper-case ASCII letter ('A'..'Z') followed by any combination of upper- or lower-case ASCII letters ('A'..'Z', and 'a'..'z'), numerals ('0'..'9') and '_', with a length limit of 255 characters. (00:00.035 / 00:13.238, 117Mb)
Sushi:   File: /tmp/ig-builds/dk.ehealth.sundhed.fhir.ig.core#10.0.0/input/fsh/ehealth-message.fsh   (00:00.001 / 00:13.240, 117Mb)
Sushi:   Line: 75 - 79                                                                               (00:00.000 / 00:13.241, 117Mb)
Sushi: warn  The name "ehealth-priority" may not be suitable for machine processing applications such as code generation. Valid names start with an upper-case ASCII letter ('A'..'Z') followed by any combination of upper- or lower-case ASCII letters ('A'..'Z', and 'a'..'z'), numerals ('0'..'9') and '_', with a length limit of 255 characters. (00:00.033 / 00:13.274, 117Mb)
Sushi:   File: /tmp/ig-builds/dk.ehealth.sundhed.fhir.ig.core#10.0.0/input/fsh/ehealth-message.fsh   (00:00.001 / 00:13.276, 117Mb)
Sushi:   Line: 81 - 86                                                                               (00:00.000 / 00:13.277, 117Mb)
Sushi: warn  The name "ehealth-on-behalf-of" may not be suitable for machine processing applications such as code generation. Valid names start with an upper-case ASCII letter ('A'..'Z') followed by any combination of upper- or lower-case ASCII letters ('A'..'Z', and 'a'..'z'), numerals ('0'..'9') and '_', with a length limit of 255 characters. (00:00.026 / 00:13.304, 117Mb)
Sushi:   File: /tmp/ig-builds/dk.ehealth.sundhed.fhir.ig.core#10.0.0/input/fsh/ehealth-message.fsh   (00:00.001 / 00:13.305, 117Mb)
Sushi:   Line: 88 - 94                                                                               (00:00.000 / 00:13.306, 117Mb)
Sushi: warn  The name "ehealth-message-author" may not be suitable for machine processing applications such as code generation. Valid names start with an upper-case ASCII letter ('A'..'Z') followed by any combination of upper- or lower-case ASCII letters ('A'..'Z', and 'a'..'z'), numerals ('0'..'9') and '_', with a length limit of 255 characters. (00:00.023 / 00:13.330, 117Mb)
Sushi:   File: /tmp/ig-builds/dk.ehealth.sundhed.fhir.ig.core#10.0.0/input/fsh/ehealth-ext-message-author.fsh (00:00.001 / 00:13.331, 117Mb)
Sushi:   Line: 1 - 7                                                                                 (00:00.000 / 00:13.332, 117Mb)
Sushi: warn  The name "ehealth-observation" may not be suitable for machine processing applications such as code generation. Valid names start with an upper-case ASCII letter ('A'..'Z') followed by any combination of upper- or lower-case ASCII letters ('A'..'Z', and 'a'..'z'), numerals ('0'..'9') and '_', with a length limit of 255 characters. (00:00.179 / 00:13.511, 117Mb)
Sushi:   File: /tmp/ig-builds/dk.ehealth.sundhed.fhir.ig.core#10.0.0/input/fsh/ehealth-observation.fsh (00:00.001 / 00:13.513, 117Mb)
Sushi:   Line: 1 - 27                                                                                (00:00.000 / 00:13.513, 117Mb)
Sushi: warn  The name "ehealth-observation-wound-dimensions" may not be suitable for machine processing applications such as code generation. Valid names start with an upper-case ASCII letter ('A'..'Z') followed by any combination of upper- or lower-case ASCII letters ('A'..'Z', and 'a'..'z'), numerals ('0'..'9') and '_', with a length limit of 255 characters. (00:00.105 / 00:13.619, 117Mb)
Sushi:   File: /tmp/ig-builds/dk.ehealth.sundhed.fhir.ig.core#10.0.0/input/fsh/ehealth-observation-wound-dimensions.fsh (00:00.001 / 00:13.621, 117Mb)
Sushi:   Line: 1 - 42                                                                                (00:00.000 / 00:13.621, 117Mb)
Sushi: warn  The name "ehealth-observation-method" may not be suitable for machine processing applications such as code generation. Valid names start with an upper-case ASCII letter ('A'..'Z') followed by any combination of upper- or lower-case ASCII letters ('A'..'Z', and 'a'..'z'), numerals ('0'..'9') and '_', with a length limit of 255 characters. (00:00.011 / 00:13.633, 117Mb)
Sushi:   File: /tmp/ig-builds/dk.ehealth.sundhed.fhir.ig.core#10.0.0/input/fsh/ehealth-observation-wound-dimensions.fsh (00:00.001 / 00:13.635, 117Mb)
Sushi:   Line: 44 - 49                                                                               (00:00.000 / 00:13.636, 117Mb)
Sushi: warn  The name "ehealth-organization" may not be suitable for machine processing applications such as code generation. Valid names start with an upper-case ASCII letter ('A'..'Z') followed by any combination of upper- or lower-case ASCII letters ('A'..'Z', and 'a'..'z'), numerals ('0'..'9') and '_', with a length limit of 255 characters. (00:00.164 / 00:13.800, 117Mb)
Sushi:   File: /tmp/ig-builds/dk.ehealth.sundhed.fhir.ig.core#10.0.0/input/fsh/ehealth-organization.fsh (00:00.001 / 00:13.801, 117Mb)
Sushi:   Line: 1 - 30                                                                                (00:00.000 / 00:13.802, 117Mb)
Sushi: warn  The name "ehealth-organization-cvrNumber" may not be suitable for machine processing applications such as code generation. Valid names start with an upper-case ASCII letter ('A'..'Z') followed by any combination of upper- or lower-case ASCII letters ('A'..'Z', and 'a'..'z'), numerals ('0'..'9') and '_', with a length limit of 255 characters. (00:00.000 / 00:13.803, 117Mb)
Sushi:   File: /tmp/ig-builds/dk.ehealth.sundhed.fhir.ig.core#10.0.0/input/fsh/ehealth-organization.fsh (00:00.001 / 00:13.804, 117Mb)
Sushi:   Line: 49 - 54                                                                               (00:00.000 / 00:13.805, 117Mb)
Sushi: warn  The name "ehealth-organization-regionCode" may not be suitable for machine processing applications such as code generation. Valid names start with an upper-case ASCII letter ('A'..'Z') followed by any combination of upper- or lower-case ASCII letters ('A'..'Z', and 'a'..'z'), numerals ('0'..'9') and '_', with a length limit of 255 characters. (00:00.033 / 00:13.838, 117Mb)
Sushi:   File: /tmp/ig-builds/dk.ehealth.sundhed.fhir.ig.core#10.0.0/input/fsh/ehealth-organization.fsh (00:00.001 / 00:13.840, 117Mb)
Sushi:   Line: 64 - 69                                                                               (00:00.000 / 00:13.840, 117Mb)
Sushi: warn  The name "ehealth-organization-municipalityCode" may not be suitable for machine processing applications such as code generation. Valid names start with an upper-case ASCII letter ('A'..'Z') followed by any combination of upper- or lower-case ASCII letters ('A'..'Z', and 'a'..'z'), numerals ('0'..'9') and '_', with a length limit of 255 characters. (00:00.032 / 00:13.873, 117Mb)
Sushi:   File: /tmp/ig-builds/dk.ehealth.sundhed.fhir.ig.core#10.0.0/input/fsh/ehealth-organization.fsh (00:00.001 / 00:13.875, 117Mb)
Sushi:   Line: 71 - 75                                                                               (00:00.000 / 00:13.875, 117Mb)
Sushi: warn  The name "ehealth-organization-source" may not be suitable for machine processing applications such as code generation. Valid names start with an upper-case ASCII letter ('A'..'Z') followed by any combination of upper- or lower-case ASCII letters ('A'..'Z', and 'a'..'z'), numerals ('0'..'9') and '_', with a length limit of 255 characters. (00:00.032 / 00:13.908, 117Mb)
Sushi:   File: /tmp/ig-builds/dk.ehealth.sundhed.fhir.ig.core#10.0.0/input/fsh/ehealth-organization.fsh (00:00.001 / 00:13.909, 117Mb)
Sushi:   Line: 84 - 90                                                                               (00:00.000 / 00:13.910, 117Mb)
Sushi: warn  The name "ehealth-organization-synchronizationStatus" may not be suitable for machine processing applications such as code generation. Valid names start with an upper-case ASCII letter ('A'..'Z') followed by any combination of upper- or lower-case ASCII letters ('A'..'Z', and 'a'..'z'), numerals ('0'..'9') and '_', with a length limit of 255 characters. (00:00.050 / 00:13.960, 117Mb)
Sushi:   File: /tmp/ig-builds/dk.ehealth.sundhed.fhir.ig.core#10.0.0/input/fsh/ehealth-organization.fsh (00:00.001 / 00:13.962, 117Mb)
Sushi:   Line: 108 - 114                                                                             (00:00.000 / 00:13.963, 117Mb)
Sushi: warn  The name "ehealth-organization-providerIdentifier" may not be suitable for machine processing applications such as code generation. Valid names start with an upper-case ASCII letter ('A'..'Z') followed by any combination of upper- or lower-case ASCII letters ('A'..'Z', and 'a'..'z'), numerals ('0'..'9') and '_', with a length limit of 255 characters. (00:00.045 / 00:14.008, 117Mb)
Sushi:   File: /tmp/ig-builds/dk.ehealth.sundhed.fhir.ig.core#10.0.0/input/fsh/ehealth-organization.fsh (00:00.001 / 00:14.010, 117Mb)
Sushi:   Line: 77 - 82                                                                               (00:00.000 / 00:14.011, 117Mb)
Sushi: warn  The name "ehealth-organization-specialty" may not be suitable for machine processing applications such as code generation. Valid names start with an upper-case ASCII letter ('A'..'Z') followed by any combination of upper- or lower-case ASCII letters ('A'..'Z', and 'a'..'z'), numerals ('0'..'9') and '_', with a length limit of 255 characters. (00:00.033 / 00:14.044, 117Mb)
Sushi:   File: /tmp/ig-builds/dk.ehealth.sundhed.fhir.ig.core#10.0.0/input/fsh/ehealth-organization.fsh (00:00.001 / 00:14.046, 117Mb)
Sushi:   Line: 116 - 131                                                                             (00:00.000 / 00:14.046, 117Mb)
Sushi: warn  The name "ehealth-organization-relatedTo" may not be suitable for machine processing applications such as code generation. Valid names start with an upper-case ASCII letter ('A'..'Z') followed by any combination of upper- or lower-case ASCII letters ('A'..'Z', and 'a'..'z'), numerals ('0'..'9') and '_', with a length limit of 255 characters. (00:00.078 / 00:14.125, 117Mb)
Sushi:   File: /tmp/ig-builds/dk.ehealth.sundhed.fhir.ig.core#10.0.0/input/fsh/ehealth-organization.fsh (00:00.001 / 00:14.126, 117Mb)
Sushi:   Line: 33 - 47                                                                               (00:00.000 / 00:14.127, 117Mb)
Sushi: warn  The name "ehealth-organization-telecomValue" may not be suitable for machine processing applications such as code generation. Valid names start with an upper-case ASCII letter ('A'..'Z') followed by any combination of upper- or lower-case ASCII letters ('A'..'Z', and 'a'..'z'), numerals ('0'..'9') and '_', with a length limit of 255 characters. (00:00.111 / 00:14.238, 117Mb)
Sushi:   File: /tmp/ig-builds/dk.ehealth.sundhed.fhir.ig.core#10.0.0/input/fsh/ehealth-organization.fsh (00:00.001 / 00:14.240, 117Mb)
Sushi:   Line: 56 - 61                                                                               (00:00.000 / 00:14.241, 117Mb)
Sushi: warn  The name "ehealth-organization-telecomSystem" may not be suitable for machine processing applications such as code generation. Valid names start with an upper-case ASCII letter ('A'..'Z') followed by any combination of upper- or lower-case ASCII letters ('A'..'Z', and 'a'..'z'), numerals ('0'..'9') and '_', with a length limit of 255 characters. (00:00.032 / 00:14.274, 117Mb)
Sushi:   File: /tmp/ig-builds/dk.ehealth.sundhed.fhir.ig.core#10.0.0/input/fsh/ehealth-organization.fsh (00:00.001 / 00:14.275, 117Mb)
Sushi:   Line: 92 - 98                                                                               (00:00.000 / 00:14.276, 117Mb)
Sushi: warn  The name "ehealth-organization-telecomCustodian" may not be suitable for machine processing applications such as code generation. Valid names start with an upper-case ASCII letter ('A'..'Z') followed by any combination of upper- or lower-case ASCII letters ('A'..'Z', and 'a'..'z'), numerals ('0'..'9') and '_', with a length limit of 255 characters. (00:00.047 / 00:14.324, 117Mb)
Sushi:   File: /tmp/ig-builds/dk.ehealth.sundhed.fhir.ig.core#10.0.0/input/fsh/ehealth-organization.fsh (00:00.001 / 00:14.325, 117Mb)
Sushi:   Line: 100 - 106                                                                             (00:00.000 / 00:14.326, 117Mb)
Sushi: warn  The name "ehealth-patient" may not be suitable for machine processing applications such as code generation. Valid names start with an upper-case ASCII letter ('A'..'Z') followed by any combination of upper- or lower-case ASCII letters ('A'..'Z', and 'a'..'z'), numerals ('0'..'9') and '_', with a length limit of 255 characters. (00:00.067 / 00:14.394, 117Mb)
Sushi:   File: /tmp/ig-builds/dk.ehealth.sundhed.fhir.ig.core#10.0.0/input/fsh/ehealth-patient.fsh   (00:00.001 / 00:14.396, 117Mb)
Sushi:   Line: 1 - 52                                                                                (00:00.000 / 00:14.396, 117Mb)
Sushi: warn  The name "ehealth-itcompetencelevel" may not be suitable for machine processing applications such as code generation. Valid names start with an upper-case ASCII letter ('A'..'Z') followed by any combination of upper- or lower-case ASCII letters ('A'..'Z', and 'a'..'z'), numerals ('0'..'9') and '_', with a length limit of 255 characters. (00:00.000 / 00:14.397, 117Mb)
Sushi:   File: /tmp/ig-builds/dk.ehealth.sundhed.fhir.ig.core#10.0.0/input/fsh/ehealth-patient.fsh   (00:00.001 / 00:14.399, 117Mb)
Sushi:   Line: 54 - 66                                                                               (00:00.000 / 00:14.399, 117Mb)
Sushi: warn  Extension ehealth-itcompetencelevel has a description field that should not be empty.   (00:00.000 / 00:14.400, 117Mb)
Sushi: warn  The name "patient-interpreterRequired" may not be suitable for machine processing applications such as code generation. Valid names start with an upper-case ASCII letter ('A'..'Z') followed by any combination of upper- or lower-case ASCII letters ('A'..'Z', and 'a'..'z'), numerals ('0'..'9') and '_', with a length limit of 255 characters. (00:00.105 / 00:14.505, 117Mb)
Sushi:   File: /tmp/ig-builds/dk.ehealth.sundhed.fhir.ig.core#10.0.0/input/fsh/ehealth-patient.fsh   (00:00.001 / 00:14.507, 117Mb)
Sushi:   Line: 68 - 72                                                                               (00:00.000 / 00:14.508, 117Mb)
Sushi: warn  The name "ehealth-general-health-condition" may not be suitable for machine processing applications such as code generation. Valid names start with an upper-case ASCII letter ('A'..'Z') followed by any combination of upper- or lower-case ASCII letters ('A'..'Z', and 'a'..'z'), numerals ('0'..'9') and '_', with a length limit of 255 characters. (00:00.017 / 00:14.525, 117Mb)
Sushi:   File: /tmp/ig-builds/dk.ehealth.sundhed.fhir.ig.core#10.0.0/input/fsh/ehealth-patient.fsh   (00:00.001 / 00:14.527, 117Mb)
Sushi:   Line: 74 - 83                                                                               (00:00.000 / 00:14.528, 117Mb)
Sushi: warn  The name "ehealth-nameandaddressprotection" may not be suitable for machine processing applications such as code generation. Valid names start with an upper-case ASCII letter ('A'..'Z') followed by any combination of upper- or lower-case ASCII letters ('A'..'Z', and 'a'..'z'), numerals ('0'..'9') and '_', with a length limit of 255 characters. (00:00.070 / 00:14.598, 117Mb)
Sushi:   File: /tmp/ig-builds/dk.ehealth.sundhed.fhir.ig.core#10.0.0/input/fsh/ehealth-ext-nameandaddressprotection.fsh (00:00.001 / 00:14.600, 117Mb)
Sushi:   Line: 1 - 6                                                                                 (00:00.000 / 00:14.601, 117Mb)
Sushi: warn  The name "ehealth-patient-contactnote" may not be suitable for machine processing applications such as code generation. Valid names start with an upper-case ASCII letter ('A'..'Z') followed by any combination of upper- or lower-case ASCII letters ('A'..'Z', and 'a'..'z'), numerals ('0'..'9') and '_', with a length limit of 255 characters. (00:00.091 / 00:14.692, 117Mb)
Sushi:   File: /tmp/ig-builds/dk.ehealth.sundhed.fhir.ig.core#10.0.0/input/fsh/ehealth-ext-patient-contactnote.fsh (00:00.001 / 00:14.693, 117Mb)
Sushi:   Line: 1 - 5                                                                                 (00:00.000 / 00:14.694, 117Mb)
Sushi: warn  At least one slice of Patient.generalPractitioner has a max greater than the overall element max. The max of the following slice(s) has been reduced to match the max of Patient.generalPractitioner: referencedSORUnit (00:00.038 / 00:14.733, 117Mb)
Sushi: warn  The name "ehealth-plandefinition" may not be suitable for machine processing applications such as code generation. Valid names start with an upper-case ASCII letter ('A'..'Z') followed by any combination of upper- or lower-case ASCII letters ('A'..'Z', and 'a'..'z'), numerals ('0'..'9') and '_', with a length limit of 255 characters. (00:00.076 / 00:14.809, 117Mb)
Sushi:   File: /tmp/ig-builds/dk.ehealth.sundhed.fhir.ig.core#10.0.0/input/fsh/ehealth-plandefinition.fsh (00:00.001 / 00:14.811, 117Mb)
Sushi:   Line: 1 - 20                                                                                (00:00.000 / 00:14.811, 117Mb)
Sushi: warn  The name "ehealth-overviewUsageMode" may not be suitable for machine processing applications such as code generation. Valid names start with an upper-case ASCII letter ('A'..'Z') followed by any combination of upper- or lower-case ASCII letters ('A'..'Z', and 'a'..'z'), numerals ('0'..'9') and '_', with a length limit of 255 characters. (00:00.017 / 00:14.829, 117Mb)
Sushi:   File: /tmp/ig-builds/dk.ehealth.sundhed.fhir.ig.core#10.0.0/input/fsh/ehealth-ext-overviewUsageMode.fsh (00:00.001 / 00:14.830, 117Mb)
Sushi:   Line: 1 - 7                                                                                 (00:00.000 / 00:14.831, 117Mb)
Sushi: warn  The name "ehealth-actionTrigger" may not be suitable for machine processing applications such as code generation. Valid names start with an upper-case ASCII letter ('A'..'Z') followed by any combination of upper- or lower-case ASCII letters ('A'..'Z', and 'a'..'z'), numerals ('0'..'9') and '_', with a length limit of 255 characters. (00:00.053 / 00:14.885, 117Mb)
Sushi:   File: /tmp/ig-builds/dk.ehealth.sundhed.fhir.ig.core#10.0.0/input/fsh/ehealth-plandefinition.fsh (00:00.001 / 00:14.887, 117Mb)
Sushi:   Line: 22 - 42                                                                               (00:00.000 / 00:14.887, 117Mb)
Sushi: warn  The name "ehealth-triggerCondition" may not be suitable for machine processing applications such as code generation. Valid names start with an upper-case ASCII letter ('A'..'Z') followed by any combination of upper- or lower-case ASCII letters ('A'..'Z', and 'a'..'z'), numerals ('0'..'9') and '_', with a length limit of 255 characters. (00:00.006 / 00:14.894, 117Mb)
Sushi:   File: /tmp/ig-builds/dk.ehealth.sundhed.fhir.ig.core#10.0.0/input/fsh/ehealth-ext-triggerCondition.fsh (00:00.001 / 00:14.895, 117Mb)
Sushi:   Line: 1 - 12                                                                                (00:00.000 / 00:14.896, 117Mb)
Sushi: warn  The name "ehealth-include-as-extra" may not be suitable for machine processing applications such as code generation. Valid names start with an upper-case ASCII letter ('A'..'Z') followed by any combination of upper- or lower-case ASCII letters ('A'..'Z', and 'a'..'z'), numerals ('0'..'9') and '_', with a length limit of 255 characters. (00:00.094 / 00:14.990, 117Mb)
Sushi:   File: /tmp/ig-builds/dk.ehealth.sundhed.fhir.ig.core#10.0.0/input/fsh/ehealth-ext-include-as-extra.fsh (00:00.001 / 00:14.992, 117Mb)
Sushi:   Line: 1 - 6                                                                                 (00:00.000 / 00:14.993, 117Mb)
Sushi: warn  The name "ehealth-aggregate-group-id" may not be suitable for machine processing applications such as code generation. Valid names start with an upper-case ASCII letter ('A'..'Z') followed by any combination of upper- or lower-case ASCII letters ('A'..'Z', and 'a'..'z'), numerals ('0'..'9') and '_', with a length limit of 255 characters. (00:00.017 / 00:15.010, 117Mb)
Sushi:   File: /tmp/ig-builds/dk.ehealth.sundhed.fhir.ig.core#10.0.0/input/fsh/ehealth-ext-aggregate-group-id.fsh (00:00.001 / 00:15.012, 117Mb)
Sushi:   Line: 1 - 5                                                                                 (00:00.000 / 00:15.012, 117Mb)
Sushi: warn  The name "ehealth-practitioner" may not be suitable for machine processing applications such as code generation. Valid names start with an upper-case ASCII letter ('A'..'Z') followed by any combination of upper- or lower-case ASCII letters ('A'..'Z', and 'a'..'z'), numerals ('0'..'9') and '_', with a length limit of 255 characters. (00:00.040 / 00:15.052, 117Mb)
Sushi:   File: /tmp/ig-builds/dk.ehealth.sundhed.fhir.ig.core#10.0.0/input/fsh/ehealth-practitioner.fsh (00:00.001 / 00:15.054, 117Mb)
Sushi:   Line: 1 - 13                                                                                (00:00.000 / 00:15.055, 117Mb)
Sushi: warn  The name "ehealth-provider-affiliation" may not be suitable for machine processing applications such as code generation. Valid names start with an upper-case ASCII letter ('A'..'Z') followed by any combination of upper- or lower-case ASCII letters ('A'..'Z', and 'a'..'z'), numerals ('0'..'9') and '_', with a length limit of 255 characters. (00:00.010 / 00:15.066, 117Mb)
Sushi:   File: /tmp/ig-builds/dk.ehealth.sundhed.fhir.ig.core#10.0.0/input/fsh/ehealth-practitioner.fsh (00:00.002 / 00:15.068, 117Mb)
Sushi:   Line: 15 - 28                                                                               (00:00.000 / 00:15.068, 117Mb)
Sushi: warn  The name "ehealth-practitionerrole" may not be suitable for machine processing applications such as code generation. Valid names start with an upper-case ASCII letter ('A'..'Z') followed by any combination of upper- or lower-case ASCII letters ('A'..'Z', and 'a'..'z'), numerals ('0'..'9') and '_', with a length limit of 255 characters. (00:00.063 / 00:15.132, 117Mb)
Sushi:   File: /tmp/ig-builds/dk.ehealth.sundhed.fhir.ig.core#10.0.0/input/fsh/ehealth-practitionerrole.fsh (00:00.001 / 00:15.133, 117Mb)
Sushi:   Line: 1 - 8                                                                                 (00:00.000 / 00:15.134, 117Mb)
Sushi: warn  The name "ehealth-provenance" may not be suitable for machine processing applications such as code generation. Valid names start with an upper-case ASCII letter ('A'..'Z') followed by any combination of upper- or lower-case ASCII letters ('A'..'Z', and 'a'..'z'), numerals ('0'..'9') and '_', with a length limit of 255 characters. (00:00.026 / 00:15.161, 117Mb)
Sushi:   File: /tmp/ig-builds/dk.ehealth.sundhed.fhir.ig.core#10.0.0/input/fsh/ehealth-provenance.fsh (00:00.001 / 00:15.163, 117Mb)
Sushi:   Line: 1 - 8                                                                                 (00:00.000 / 00:15.163, 117Mb)
Sushi: warn  The name "ehealth-provenance-dateTimeOfReusedEntity" may not be suitable for machine processing applications such as code generation. Valid names start with an upper-case ASCII letter ('A'..'Z') followed by any combination of upper- or lower-case ASCII letters ('A'..'Z', and 'a'..'z'), numerals ('0'..'9') and '_', with a length limit of 255 characters. (00:00.000 / 00:15.164, 117Mb)
Sushi:   File: /tmp/ig-builds/dk.ehealth.sundhed.fhir.ig.core#10.0.0/input/fsh/ehealth-provenance.fsh (00:00.001 / 00:15.166, 117Mb)
Sushi:   Line: 10 - 15                                                                               (00:00.000 / 00:15.166, 117Mb)
Sushi: warn  The name "ehealth-questionnaire" may not be suitable for machine processing applications such as code generation. Valid names start with an upper-case ASCII letter ('A'..'Z') followed by any combination of upper- or lower-case ASCII letters ('A'..'Z', and 'a'..'z'), numerals ('0'..'9') and '_', with a length limit of 255 characters. (00:00.103 / 00:15.270, 117Mb)
Sushi:   File: /tmp/ig-builds/dk.ehealth.sundhed.fhir.ig.core#10.0.0/input/fsh/ehealth-questionnaire.fsh (00:00.001 / 00:15.272, 117Mb)
Sushi:   Line: 1 - 39                                                                                (00:00.000 / 00:15.272, 117Mb)
Sushi: warn  The name "ehealth-questionnaire-recommendation" may not be suitable for machine processing applications such as code generation. Valid names start with an upper-case ASCII letter ('A'..'Z') followed by any combination of upper- or lower-case ASCII letters ('A'..'Z', and 'a'..'z'), numerals ('0'..'9') and '_', with a length limit of 255 characters. (00:00.000 / 00:15.273, 117Mb)
Sushi:   File: /tmp/ig-builds/dk.ehealth.sundhed.fhir.ig.core#10.0.0/input/fsh/ehealth-questionnaire.fsh (00:00.001 / 00:15.275, 117Mb)
Sushi:   Line: 48 - 54                                                                               (00:00.000 / 00:15.275, 117Mb)
Sushi: warn  The name "ehealth-questionnaire-intendedOrganization" may not be suitable for machine processing applications such as code generation. Valid names start with an upper-case ASCII letter ('A'..'Z') followed by any combination of upper- or lower-case ASCII letters ('A'..'Z', and 'a'..'z'), numerals ('0'..'9') and '_', with a length limit of 255 characters. (00:00.046 / 00:15.322, 117Mb)
Sushi:   File: /tmp/ig-builds/dk.ehealth.sundhed.fhir.ig.core#10.0.0/input/fsh/ehealth-questionnaire.fsh (00:00.001 / 00:15.323, 117Mb)
Sushi:   Line: 56 - 62                                                                               (00:00.000 / 00:15.324, 117Mb)
Sushi: warn  The name "ehealth-questionnaire-type" may not be suitable for machine processing applications such as code generation. Valid names start with an upper-case ASCII letter ('A'..'Z') followed by any combination of upper- or lower-case ASCII letters ('A'..'Z', and 'a'..'z'), numerals ('0'..'9') and '_', with a length limit of 255 characters. (00:00.027 / 00:15.351, 117Mb)
Sushi:   File: /tmp/ig-builds/dk.ehealth.sundhed.fhir.ig.core#10.0.0/input/fsh/ehealth-questionnaire.fsh (00:00.001 / 00:15.353, 117Mb)
Sushi:   Line: 64 - 70                                                                               (00:00.000 / 00:15.354, 117Mb)
Sushi: warn  The name "ehealth-questionnaire-sliderStepValueDecimal" may not be suitable for machine processing applications such as code generation. Valid names start with an upper-case ASCII letter ('A'..'Z') followed by any combination of upper- or lower-case ASCII letters ('A'..'Z', and 'a'..'z'), numerals ('0'..'9') and '_', with a length limit of 255 characters. (00:00.058 / 00:15.412, 117Mb)
Sushi:   File: /tmp/ig-builds/dk.ehealth.sundhed.fhir.ig.core#10.0.0/input/fsh/ehealth-questionnaire.fsh (00:00.001 / 00:15.414, 117Mb)
Sushi:   Line: 41 - 46                                                                               (00:00.000 / 00:15.414, 117Mb)
Sushi: warn  The name "ehealth-questionnaire-feedback" may not be suitable for machine processing applications such as code generation. Valid names start with an upper-case ASCII letter ('A'..'Z') followed by any combination of upper- or lower-case ASCII letters ('A'..'Z', and 'a'..'z'), numerals ('0'..'9') and '_', with a length limit of 255 characters. (00:00.027 / 00:15.442, 117Mb)
Sushi:   File: /tmp/ig-builds/dk.ehealth.sundhed.fhir.ig.core#10.0.0/input/fsh/ehealth-questionnaire.fsh (00:00.001 / 00:15.444, 117Mb)
Sushi:   Line: 72 - 85                                                                               (00:00.000 / 00:15.445, 117Mb)
Sushi: warn  The name "ehealth-questionnaire-image" may not be suitable for machine processing applications such as code generation. Valid names start with an upper-case ASCII letter ('A'..'Z') followed by any combination of upper- or lower-case ASCII letters ('A'..'Z', and 'a'..'z'), numerals ('0'..'9') and '_', with a length limit of 255 characters. (00:00.067 / 00:15.512, 117Mb)
Sushi:   File: /tmp/ig-builds/dk.ehealth.sundhed.fhir.ig.core#10.0.0/input/fsh/ehealth-questionnaire.fsh (00:00.001 / 00:15.514, 117Mb)
Sushi:   Line: 87 - 96                                                                               (00:00.000 / 00:15.515, 117Mb)
Sushi: warn  The name "ehealth-questionnaire-shortText" may not be suitable for machine processing applications such as code generation. Valid names start with an upper-case ASCII letter ('A'..'Z') followed by any combination of upper- or lower-case ASCII letters ('A'..'Z', and 'a'..'z'), numerals ('0'..'9') and '_', with a length limit of 255 characters. (00:00.046 / 00:15.561, 117Mb)
Sushi:   File: /tmp/ig-builds/dk.ehealth.sundhed.fhir.ig.core#10.0.0/input/fsh/ehealth-ext-questionnaire-shortText.fsh (00:00.001 / 00:15.563, 117Mb)
Sushi:   Line: 1 - 5                                                                                 (00:00.000 / 00:15.563, 117Mb)
Sushi: warn  The name "ehealth-questionnaire-helpText" may not be suitable for machine processing applications such as code generation. Valid names start with an upper-case ASCII letter ('A'..'Z') followed by any combination of upper- or lower-case ASCII letters ('A'..'Z', and 'a'..'z'), numerals ('0'..'9') and '_', with a length limit of 255 characters. (00:00.032 / 00:15.596, 117Mb)
Sushi:   File: /tmp/ig-builds/dk.ehealth.sundhed.fhir.ig.core#10.0.0/input/fsh/ehealth-questionnaire.fsh (00:00.001 / 00:15.598, 117Mb)
Sushi:   Line: 109 - 120                                                                             (00:00.000 / 00:15.598, 117Mb)
Sushi: warn  The name "ehealth-external-identifier" may not be suitable for machine processing applications such as code generation. Valid names start with an upper-case ASCII letter ('A'..'Z') followed by any combination of upper- or lower-case ASCII letters ('A'..'Z', and 'a'..'z'), numerals ('0'..'9') and '_', with a length limit of 255 characters. (00:00.062 / 00:15.661, 117Mb)
Sushi:   File: /tmp/ig-builds/dk.ehealth.sundhed.fhir.ig.core#10.0.0/input/fsh/ehealth-questionnaire.fsh (00:00.001 / 00:15.663, 117Mb)
Sushi:   Line: 128 - 132                                                                             (00:00.000 / 00:15.663, 117Mb)
Sushi: warn  The name "ehealth-questionnaire-item-is-copyright" may not be suitable for machine processing applications such as code generation. Valid names start with an upper-case ASCII letter ('A'..'Z') followed by any combination of upper- or lower-case ASCII letters ('A'..'Z', and 'a'..'z'), numerals ('0'..'9') and '_', with a length limit of 255 characters. (00:00.053 / 00:15.716, 117Mb)
Sushi:   File: /tmp/ig-builds/dk.ehealth.sundhed.fhir.ig.core#10.0.0/input/fsh/ehealth-questionnaire.fsh (00:00.001 / 00:15.718, 117Mb)
Sushi:   Line: 134 - 139                                                                             (00:00.000 / 00:15.718, 117Mb)
Sushi: warn  The name "ehealth-enableBehavior-conditionId" may not be suitable for machine processing applications such as code generation. Valid names start with an upper-case ASCII letter ('A'..'Z') followed by any combination of upper- or lower-case ASCII letters ('A'..'Z', and 'a'..'z'), numerals ('0'..'9') and '_', with a length limit of 255 characters. (00:00.051 / 00:15.770, 117Mb)
Sushi:   File: /tmp/ig-builds/dk.ehealth.sundhed.fhir.ig.core#10.0.0/input/fsh/ehealth-questionnaire.fsh (00:00.002 / 00:15.772, 117Mb)
Sushi:   Line: 122 - 126                                                                             (00:00.000 / 00:15.773, 117Mb)
Sushi: warn  The name "ehealth-questionnaire-advanced" may not be suitable for machine processing applications such as code generation. Valid names start with an upper-case ASCII letter ('A'..'Z') followed by any combination of upper- or lower-case ASCII letters ('A'..'Z', and 'a'..'z'), numerals ('0'..'9') and '_', with a length limit of 255 characters. (00:00.057 / 00:15.830, 117Mb)
Sushi:   File: /tmp/ig-builds/dk.ehealth.sundhed.fhir.ig.core#10.0.0/input/fsh/ehealth-questionnaire-advanced.fsh (00:00.001 / 00:15.832, 117Mb)
Sushi:   Line: 1 - 9                                                                                 (00:00.000 / 00:15.833, 117Mb)
Sushi: warn  The name "ehealth-questionnaireresponse" may not be suitable for machine processing applications such as code generation. Valid names start with an upper-case ASCII letter ('A'..'Z') followed by any combination of upper- or lower-case ASCII letters ('A'..'Z', and 'a'..'z'), numerals ('0'..'9') and '_', with a length limit of 255 characters. (00:00.012 / 00:15.845, 117Mb)
Sushi:   File: /tmp/ig-builds/dk.ehealth.sundhed.fhir.ig.core#10.0.0/input/fsh/ehealth-questionnaireresponse.fsh (00:00.001 / 00:15.846, 117Mb)
Sushi:   Line: 1 - 25                                                                                (00:00.001 / 00:15.848, 117Mb)
Sushi: warn  The name "ehealth-effectivePeriod" may not be suitable for machine processing applications such as code generation. Valid names start with an upper-case ASCII letter ('A'..'Z') followed by any combination of upper- or lower-case ASCII letters ('A'..'Z', and 'a'..'z'), numerals ('0'..'9') and '_', with a length limit of 255 characters. (00:00.014 / 00:15.863, 117Mb)
Sushi:   File: /tmp/ig-builds/dk.ehealth.sundhed.fhir.ig.core#10.0.0/input/fsh/ehealth-questionnaireresponse.fsh (00:00.001 / 00:15.864, 117Mb)
Sushi:   Line: 27 - 32                                                                               (00:00.000 / 00:15.865, 117Mb)
Sushi: warn  The name "ehealth-relatedperson" may not be suitable for machine processing applications such as code generation. Valid names start with an upper-case ASCII letter ('A'..'Z') followed by any combination of upper- or lower-case ASCII letters ('A'..'Z', and 'a'..'z'), numerals ('0'..'9') and '_', with a length limit of 255 characters. (00:00.137 / 00:16.003, 117Mb)
Sushi:   File: /tmp/ig-builds/dk.ehealth.sundhed.fhir.ig.core#10.0.0/input/fsh/ehealth-relatedperson.fsh (00:00.001 / 00:16.004, 117Mb)
Sushi:   Line: 1 - 26                                                                                (00:00.000 / 00:16.005, 117Mb)
Sushi: warn  The name "ehealth-telecom-purpose" may not be suitable for machine processing applications such as code generation. Valid names start with an upper-case ASCII letter ('A'..'Z') followed by any combination of upper- or lower-case ASCII letters ('A'..'Z', and 'a'..'z'), numerals ('0'..'9') and '_', with a length limit of 255 characters. (00:00.039 / 00:16.044, 117Mb)
Sushi:   File: /tmp/ig-builds/dk.ehealth.sundhed.fhir.ig.core#10.0.0/input/fsh/ehealth-ext-telecom-purpose.fsh (00:00.001 / 00:16.046, 117Mb)
Sushi:   Line: 1 - 11                                                                                (00:00.000 / 00:16.047, 117Mb)
Sushi: warn  The name "ehealth-servicerequest" may not be suitable for machine processing applications such as code generation. Valid names start with an upper-case ASCII letter ('A'..'Z') followed by any combination of upper- or lower-case ASCII letters ('A'..'Z', and 'a'..'z'), numerals ('0'..'9') and '_', with a length limit of 255 characters. (00:00.083 / 00:16.130, 117Mb)
Sushi:   File: /tmp/ig-builds/dk.ehealth.sundhed.fhir.ig.core#10.0.0/input/fsh/ehealth-servicerequest.fsh (00:00.001 / 00:16.131, 117Mb)
Sushi:   Line: 1 - 31                                                                                (00:00.000 / 00:16.132, 117Mb)
Sushi: warn  The name "ehealth-trigger-enablement-code" may not be suitable for machine processing applications such as code generation. Valid names start with an upper-case ASCII letter ('A'..'Z') followed by any combination of upper- or lower-case ASCII letters ('A'..'Z', and 'a'..'z'), numerals ('0'..'9') and '_', with a length limit of 255 characters. (00:00.018 / 00:16.151, 117Mb)
Sushi:   File: /tmp/ig-builds/dk.ehealth.sundhed.fhir.ig.core#10.0.0/input/fsh/ehealth-servicerequest.fsh (00:00.002 / 00:16.153, 117Mb)
Sushi:   Line: 33 - 39                                                                               (00:00.000 / 00:16.153, 117Mb)
Sushi: warn  The name "ehealth-servicerequest-statusHistory" may not be suitable for machine processing applications such as code generation. Valid names start with an upper-case ASCII letter ('A'..'Z') followed by any combination of upper- or lower-case ASCII letters ('A'..'Z', and 'a'..'z'), numerals ('0'..'9') and '_', with a length limit of 255 characters. (00:00.028 / 00:16.182, 117Mb)
Sushi:   File: /tmp/ig-builds/dk.ehealth.sundhed.fhir.ig.core#10.0.0/input/fsh/ehealth-servicerequest.fsh (00:00.002 / 00:16.184, 117Mb)
Sushi:   Line: 41 - 49                                                                               (00:00.000 / 00:16.184, 117Mb)
Sushi: warn  The name "ehealth-servicerequest-statusSchedule" may not be suitable for machine processing applications such as code generation. Valid names start with an upper-case ASCII letter ('A'..'Z') followed by any combination of upper- or lower-case ASCII letters ('A'..'Z', and 'a'..'z'), numerals ('0'..'9') and '_', with a length limit of 255 characters. (00:00.082 / 00:16.267, 117Mb)
Sushi:   File: /tmp/ig-builds/dk.ehealth.sundhed.fhir.ig.core#10.0.0/input/fsh/ehealth-servicerequest.fsh (00:00.002 / 00:16.269, 117Mb)
Sushi:   Line: 51 - 60                                                                               (00:00.000 / 00:16.270, 117Mb)
Sushi: warn  The name "ehealth-aggregate-id" may not be suitable for machine processing applications such as code generation. Valid names start with an upper-case ASCII letter ('A'..'Z') followed by any combination of upper- or lower-case ASCII letters ('A'..'Z', and 'a'..'z'), numerals ('0'..'9') and '_', with a length limit of 255 characters. (00:00.029 / 00:16.300, 117Mb)
Sushi:   File: /tmp/ig-builds/dk.ehealth.sundhed.fhir.ig.core#10.0.0/input/fsh/ehealth-servicerequest.fsh (00:00.001 / 00:16.302, 117Mb)
Sushi:   Line: 62 - 67                                                                               (00:00.000 / 00:16.302, 117Mb)
Sushi: warn  The name "ehealth-skrs-patient" may not be suitable for machine processing applications such as code generation. Valid names start with an upper-case ASCII letter ('A'..'Z') followed by any combination of upper- or lower-case ASCII letters ('A'..'Z', and 'a'..'z'), numerals ('0'..'9') and '_', with a length limit of 255 characters. (00:00.117 / 00:16.420, 117Mb)
Sushi:   File: /tmp/ig-builds/dk.ehealth.sundhed.fhir.ig.core#10.0.0/input/fsh/ehealth-skrs-patient.fsh (00:00.002 / 00:16.422, 117Mb)
Sushi:   Line: 1 - 28                                                                                (00:00.000 / 00:16.423, 117Mb)
Sushi: warn  The name "ehealth-task" may not be suitable for machine processing applications such as code generation. Valid names start with an upper-case ASCII letter ('A'..'Z') followed by any combination of upper- or lower-case ASCII letters ('A'..'Z', and 'a'..'z'), numerals ('0'..'9') and '_', with a length limit of 255 characters. (00:00.082 / 00:16.505, 117Mb)
Sushi:   File: /tmp/ig-builds/dk.ehealth.sundhed.fhir.ig.core#10.0.0/input/fsh/ehealth-task.fsh      (00:00.001 / 00:16.507, 117Mb)
Sushi:   Line: 1 - 28                                                                                (00:00.000 / 00:16.508, 117Mb)
Sushi: warn  The name "ehealth-task-episodeOfCare" may not be suitable for machine processing applications such as code generation. Valid names start with an upper-case ASCII letter ('A'..'Z') followed by any combination of upper- or lower-case ASCII letters ('A'..'Z', and 'a'..'z'), numerals ('0'..'9') and '_', with a length limit of 255 characters. (00:00.000 / 00:16.509, 117Mb)
Sushi:   File: /tmp/ig-builds/dk.ehealth.sundhed.fhir.ig.core#10.0.0/input/fsh/ehealth-task.fsh      (00:00.001 / 00:16.510, 117Mb)
Sushi:   Line: 46 - 49                                                                               (00:00.000 / 00:16.511, 117Mb)
Sushi: warn  The name "ehealth-task-category" may not be suitable for machine processing applications such as code generation. Valid names start with an upper-case ASCII letter ('A'..'Z') followed by any combination of upper- or lower-case ASCII letters ('A'..'Z', and 'a'..'z'), numerals ('0'..'9') and '_', with a length limit of 255 characters. (00:00.014 / 00:16.526, 117Mb)
Sushi:   File: /tmp/ig-builds/dk.ehealth.sundhed.fhir.ig.core#10.0.0/input/fsh/ehealth-task.fsh      (00:00.001 / 00:16.527, 117Mb)
Sushi:   Line: 30 - 36                                                                               (00:00.000 / 00:16.528, 117Mb)
Sushi: warn  The name "ehealth-task-responsible" may not be suitable for machine processing applications such as code generation. Valid names start with an upper-case ASCII letter ('A'..'Z') followed by any combination of upper- or lower-case ASCII letters ('A'..'Z', and 'a'..'z'), numerals ('0'..'9') and '_', with a length limit of 255 characters. (00:00.049 / 00:16.578, 117Mb)
Sushi:   File: /tmp/ig-builds/dk.ehealth.sundhed.fhir.ig.core#10.0.0/input/fsh/ehealth-task.fsh      (00:00.001 / 00:16.579, 117Mb)
Sushi:   Line: 38 - 44                                                                               (00:00.000 / 00:16.580, 117Mb)
Sushi: warn  The name "ehealth-reference-careplan" may not be suitable for machine processing applications such as code generation. Valid names start with an upper-case ASCII letter ('A'..'Z') followed by any combination of upper- or lower-case ASCII letters ('A'..'Z', and 'a'..'z'), numerals ('0'..'9') and '_', with a length limit of 255 characters. (00:00.032 / 00:16.613, 117Mb)
Sushi:   File: /tmp/ig-builds/dk.ehealth.sundhed.fhir.ig.core#10.0.0/input/fsh/ehealth-ext-reference-careplan.fsh (00:00.001 / 00:16.614, 117Mb)
Sushi:   Line: 1 - 6                                                                                 (00:00.000 / 00:16.615, 117Mb)
Sushi: warn  The name "ehealth-transformation-documentreference" may not be suitable for machine processing applications such as code generation. Valid names start with an upper-case ASCII letter ('A'..'Z') followed by any combination of upper- or lower-case ASCII letters ('A'..'Z', and 'a'..'z'), numerals ('0'..'9') and '_', with a length limit of 255 characters. (00:00.143 / 00:16.758, 117Mb)
Sushi:   File: /tmp/ig-builds/dk.ehealth.sundhed.fhir.ig.core#10.0.0/input/fsh/ehealth-transformation-documentreference.fsh (00:00.001 / 00:16.759, 117Mb)
Sushi:   Line: 1 - 22                                                                                (00:00.000 / 00:16.760, 117Mb)
Sushi: warn  The name "ehealth-manuallydeprecated-type" may not be suitable for machine processing applications such as code generation. Valid names start with an upper-case ASCII letter ('A'..'Z') followed by any combination of upper- or lower-case ASCII letters ('A'..'Z', and 'a'..'z'), numerals ('0'..'9') and '_', with a length limit of 255 characters. (00:00.059 / 00:16.820, 117Mb)
Sushi:   File: /tmp/ig-builds/dk.ehealth.sundhed.fhir.ig.core#10.0.0/input/fsh/ehealth-transformation-documentreference.fsh (00:00.001 / 00:16.822, 117Mb)
Sushi:   Line: 24 - 29                                                                               (00:00.000 / 00:16.822, 117Mb)
Sushi: warn  The name "ehealth-document-sharing-state" may not be suitable for machine processing applications such as code generation. Valid names start with an upper-case ASCII letter ('A'..'Z') followed by any combination of upper- or lower-case ASCII letters ('A'..'Z', and 'a'..'z'), numerals ('0'..'9') and '_', with a length limit of 255 characters. (00:00.018 / 00:16.841, 117Mb)
Sushi:   File: /tmp/ig-builds/dk.ehealth.sundhed.fhir.ig.core#10.0.0/input/fsh/ehealth-transformation-documentreference.fsh (00:00.001 / 00:16.843, 117Mb)
Sushi:   Line: 31 - 37                                                                               (00:00.000 / 00:16.844, 117Mb)
Sushi: warn  The name "ehealth-videoappointment" may not be suitable for machine processing applications such as code generation. Valid names start with an upper-case ASCII letter ('A'..'Z') followed by any combination of upper- or lower-case ASCII letters ('A'..'Z', and 'a'..'z'), numerals ('0'..'9') and '_', with a length limit of 255 characters. (00:00.064 / 00:16.909, 117Mb)
Sushi:   File: /tmp/ig-builds/dk.ehealth.sundhed.fhir.ig.core#10.0.0/input/fsh/ehealth-videoappointment.fsh (00:00.001 / 00:16.910, 117Mb)
Sushi:   Line: 1 - 45                                                                                (00:00.000 / 00:16.911, 117Mb)
Sushi: warn  The name "ehealth-view" may not be suitable for machine processing applications such as code generation. Valid names start with an upper-case ASCII letter ('A'..'Z') followed by any combination of upper- or lower-case ASCII letters ('A'..'Z', and 'a'..'z'), numerals ('0'..'9') and '_', with a length limit of 255 characters. (00:00.105 / 00:17.016, 117Mb)
Sushi:   File: /tmp/ig-builds/dk.ehealth.sundhed.fhir.ig.core#10.0.0/input/fsh/ehealth-view.fsh      (00:00.001 / 00:17.017, 117Mb)
Sushi:   Line: 1 - 17                                                                                (00:00.000 / 00:17.018, 117Mb)
Sushi: warn  The name "ehealth-view-type" may not be suitable for machine processing applications such as code generation. Valid names start with an upper-case ASCII letter ('A'..'Z') followed by any combination of upper- or lower-case ASCII letters ('A'..'Z', and 'a'..'z'), numerals ('0'..'9') and '_', with a length limit of 255 characters. (00:00.012 / 00:17.031, 117Mb)
Sushi:   File: /tmp/ig-builds/dk.ehealth.sundhed.fhir.ig.core#10.0.0/input/fsh/ehealth-view.fsh      (00:00.001 / 00:17.032, 117Mb)
Sushi:   Line: 20 - 26                                                                               (00:00.000 / 00:17.033, 117Mb)
Sushi: warn  The name "ehealth-view-for" may not be suitable for machine processing applications such as code generation. Valid names start with an upper-case ASCII letter ('A'..'Z') followed by any combination of upper- or lower-case ASCII letters ('A'..'Z', and 'a'..'z'), numerals ('0'..'9') and '_', with a length limit of 255 characters. (00:00.047 / 00:17.080, 117Mb)
Sushi:   File: /tmp/ig-builds/dk.ehealth.sundhed.fhir.ig.core#10.0.0/input/fsh/ehealth-view.fsh      (00:00.001 / 00:17.082, 117Mb)
Sushi:   Line: 29 - 40                                                                               (00:00.000 / 00:17.083, 117Mb)
Sushi: warn  The name "ehealth-clinicalimpression-mediaInvestigationItem" may not be suitable for machine processing applications such as code generation. Valid names start with an upper-case ASCII letter ('A'..'Z') followed by any combination of upper- or lower-case ASCII letters ('A'..'Z', and 'a'..'z'), numerals ('0'..'9') and '_', with a length limit of 255 characters. (00:00.041 / 00:17.124, 117Mb)
Sushi:   File: /tmp/ig-builds/dk.ehealth.sundhed.fhir.ig.core#10.0.0/input/fsh/ehealth-clinicalimpression.fsh (00:00.001 / 00:17.126, 117Mb)
Sushi:   Line: 77 - 83                                                                               (00:00.000 / 00:17.126, 117Mb)
Sushi: info  Converted 194 FHIR StructureDefinitions.                                                (00:00.025 / 00:17.151, 117Mb)
Sushi: info  Converted 5 FHIR CodeSystems.                                                           (00:00.037 / 00:17.189, 117Mb)
Sushi: info  Converted 6 FHIR ValueSets.                                                             (00:00.175 / 00:17.364, 117Mb)
Sushi: info  Converted 24 FHIR instances.                                                            (00:01.705 / 00:19.070, 117Mb)
Sushi: info  Exporting FHIR resources as JSON...                                                     (00:00.000 / 00:19.071, 117Mb)
Sushi: info  Exported 226 FHIR resources as JSON.                                                    (00:00.292 / 00:19.363, 117Mb)
Sushi: info  Assembling Implementation Guide sources...                                              (00:00.005 / 00:19.368, 117Mb)
Sushi: info  Generated ImplementationGuide-dk.ehealth.sundhed.fhir.ig.core.json                      (00:00.087 / 00:19.456, 117Mb)
Sushi: info  Assembled Implementation Guide sources; ready for IG Publisher.                         (00:00.000 / 00:19.456, 117Mb)
Sushi: ========================= SUSHI RESULTS ===========================                           (00:00.001 / 00:19.457, 117Mb)
Sushi: |  -------------------------------------------------------------  |                           (00:00.000 / 00:19.458, 117Mb)
Sushi: | |    Profiles   |  Extensions  |   Logicals   |   Resources   | |                           (00:00.000 / 00:19.459, 117Mb)
Sushi: | |-------------------------------------------------------------| |                           (00:00.000 / 00:19.459, 117Mb)
Sushi: | |      48       |     146      |      0       |       0       | |                           (00:00.000 / 00:19.460, 117Mb)
Sushi: |  -------------------------------------------------------------  |                           (00:00.000 / 00:19.461, 117Mb)
Sushi: |  -------------------------------------------------------------  |                           (00:00.000 / 00:19.461, 117Mb)
Sushi: | |      ValueSets     |    CodeSystems    |     Instances      | |                           (00:00.000 / 00:19.462, 117Mb)
Sushi: | |-------------------------------------------------------------| |                           (00:00.000 / 00:19.462, 117Mb)
Sushi: | |         6          |         5         |         24         | |                           (00:00.000 / 00:19.463, 117Mb)
Sushi: |  -------------------------------------------------------------  |                           (00:00.000 / 00:19.463, 117Mb)
Sushi: |                                                                 |                           (00:00.000 / 00:19.464, 117Mb)
Sushi: ===================================================================                           (00:00.000 / 00:19.465, 117Mb)
Sushi: | You might need some Vitamin Sea        0 Errors    196 Warnings |                           (00:00.000 / 00:19.465, 117Mb)
Sushi: ===================================================================                           (00:00.000 / 00:19.466, 117Mb)
Root directory: /tmp/ig-builds/dk.ehealth.sundhed.fhir.ig.core#10.0.0                                (00:00.033 / 00:19.500, 117Mb)
Unable to load IG as an r5 IG - try R4 (property code is a class com.google.gson.JsonPrimitive looking for an object) (00:00.467 / 00:19.968, 89Mb)
Load Template from #ig-template                                                                      (00:00.540 / 00:20.509, 96Mb)
 Load Template from fhir.base.template#current                                                       (00:00.004 / 00:20.513, 96Mb)
[33mThis content depends on fhir.base.template which is no longer considered secure to use
[0;39m[33mSee Security notification at https://www.fhir.org/guides/security-notices/2026-03-npm-dependencies.html
[0;39mScanning directory: /tmp/ig-builds/dk.ehealth.sundhed.fhir.ig.core#10.0.0/template
======================================================================
Terminology Cache is at /tmp/ig-builds/dk.ehealth.sundhed.fhir.ig.core#10.0.0/input-cache/txcache. Clearing now (00:09.277 / 00:29.790, 206Mb)
Core Package hl7.fhir.r4.core#4.0.1                                                                  (00:00.004 / 00:29.794, 206Mb)
Running Terminology Log: /tmp/ohfu-fhir-ig-17858218476027688800.html
Connect to Terminology Server at https://tx.fhir.org                                                 (00:03.538 / 00:33.333, 402Mb)
[39mLoad Package hl7.fhir.pubpack#0.2.5
[0;39m[39mLoad Package hl7.fhir.xver-extensions#0.1.0
[0;39m[39mLoad Package hl7.terminology.r4#7.3.0
[0;39m[39mLoad Package hl7.fhir.uv.extensions.r4#5.3.0
[0;39m[39mLoad Package hl7.fhir.uv.extensions.r4#5.2.0
[0;39m[39mLoad Package hl7.terminology.r4#7.1.0
[0;39m[39mLoad Package hl7.terminology.r4#6.5.0
[0;39m[39mLoad Package hl7.fhir.uv.extensions.r4#5.3.0-ballot-tc1
[0;39m[39mLoad Package hl7.terminology.r4#6.0.2
[0;39m[39mLoad Package hl7.fhir.uv.extensions.r4#5.1.0
[0;39m[39mLoad Package hl7.fhir.uv.pocd#0.3.0
[0;39m[39mLoad Package hl7.fhir.uv.phd#1.1.0
[0;39m[39mLoad Package hl7.terminology.r4#6.2.0
[0;39m[39mLoad Package hl7.fhir.uv.smart-app-launch#2.0.0
[0;39m[39mLoad Package hl7.fhir.uv.ipa#1.1.0
[0;39m[39mLoad Package ihe.iti.balp#1.1.4
[0;39m[39mLoad Package hl7.terminology.r4#6.3.0
[0;39m[39mLoad Package ihe.formatcode.fhir#1.4.0
[0;39m[39mLoad Package ihe.iti.mhd#4.2.3
[0;39m[39mLoad Package hl7.fhir.dk.core#3.6.0
[0;39m[39mLoad Package hl7.fhir.uv.sdc#2.7.0
[0;39m[39mLoad Package hl7.fhir.uv.tools.r4#1.1.2
[0;39mLoad R5 Specials
Initialization complete                                                                              (00:21.222 / 00:54.555, 1002Mb)
Load IG                                                                                              (00:00.000 / 00:54.556, 1002Mb)
Load Content                                                                                         (00:00.004 / 00:54.561, 1003Mb)
Using da_DK as the default narrative language. (inferred from ImplementationGuide.jurisdiction=DK)   (00:00.151 / 00:54.712, 1Gb)
[33mThe locale da-DK is not supported. Messages will default to en-US.
[0;39mProcess Loaded Resources                                                                             (00:01.309 / 00:56.021, 1Gb)
Generating Snapshots                                                                                 (00:11.590 / 01:07.612, 1Gb)

Signing Certificate: RSA key for Subject: OU=IG Publisher, L=Ann Arbor, CN=hl7.org, O=HL7, ST=Missouri, C=us from: OU=IG Publisher, L=Ann Arbor, CN=hl7.org, O=HL7, ST=Missouri, C=us
Fetch https://ehealth.sundhed.dk/fhir/package-list.json for version check                            (00:02.467 / 01:10.080, 1Gb)
Checking Language                                                                                    (00:00.196 / 01:10.277, 1Gb)
Load Dependency Info                                                                                 (00:00.017 / 01:10.295, 1Gb)
Load Info                                                                                            (00:00.003 / 01:10.298, 1Gb)
Load Paths                                                                                           (00:00.003 / 01:10.302, 1Gb)
Check R4 / R4B                                                                                       (00:00.002 / 01:10.304, 1Gb)
Assign Comparison Ids                                                                                (00:00.156 / 01:10.461, 1Gb)
Propagating status                                                                                   (00:00.001 / 01:10.462, 1Gb)
Generating Narratives                                                                                (00:00.000 / 01:10.463, 1Gb)
[33mThe resource type ValueSet cannot be treated as a CodeSystem
[0;39m[33mThe resource type ValueSet cannot be treated as a CodeSystem
[0;39m[33mThe resource type ValueSet cannot be treated as a CodeSystem
[0;39m[33mThe resource type ValueSet cannot be treated as a CodeSystem
[0;39m[33mThe resource type ValueSet cannot be treated as a CodeSystem
[0;39m[33mThe resource type ValueSet cannot be treated as a CodeSystem
[0;39m[33mThe resource type ValueSet cannot be treated as a CodeSystem
[0;39m[33mThe resource type ValueSet cannot be treated as a CodeSystem
[0;39m[33mThe resource type ValueSet cannot be treated as a CodeSystem
[0;39m[33mThe resource type ValueSet cannot be treated as a CodeSystem
[0;39m[33mThe resource type ValueSet cannot be treated as a CodeSystem
[0;39m[33mThe resource type ValueSet cannot be treated as a CodeSystem
[0;39m[33mThe resource type ValueSet cannot be treated as a CodeSystem
[0;39m[33mThe resource type ValueSet cannot be treated as a CodeSystem
[0;39m[33mThe resource type ValueSet cannot be treated as a CodeSystem
[0;39m[33mThe resource type ValueSet cannot be treated as a CodeSystem
[0;39m[33mThe resource type ValueSet cannot be treated as a CodeSystem
[0;39m[33mThe resource type ValueSet cannot be treated as a CodeSystem
[0;39m[33mThe resource type ValueSet cannot be treated as a CodeSystem
[0;39m[33mThe resource type ValueSet cannot be treated as a CodeSystem
[0;39m[33mThe resource type ValueSet cannot be treated as a CodeSystem
[0;39m[33mThe resource type ValueSet cannot be treated as a CodeSystem
[0;39m[33mThe resource type ValueSet cannot be treated as a CodeSystem
[0;39m[33mThe resource type ValueSet cannot be treated as a CodeSystem
[0;39m[33mThe resource type ValueSet cannot be treated as a CodeSystem
[0;39m[33mThe resource type ValueSet cannot be treated as a CodeSystem
[0;39m[33mThe resource type ValueSet cannot be treated as a CodeSystem
[0;39m[33mThe resource type ValueSet cannot be treated as a CodeSystem
[0;39m[33mThe resource type ValueSet cannot be treated as a CodeSystem
[0;39m[33mThe resource type ValueSet cannot be treated as a CodeSystem
[0;39m[33mThe resource type ValueSet cannot be treated as a CodeSystem
[0;39m[33mThe resource type ValueSet cannot be treated as a CodeSystem
[0;39m[33mThe resource type ValueSet cannot be treated as a CodeSystem
[0;39m[33mThe resource type ValueSet cannot be treated as a CodeSystem
[0;39m[33mThe resource type ValueSet cannot be treated as a CodeSystem
[0;39mValidating Conformance Resources                                                                     (00:15.535 / 01:25.999, 1Gb)
[33mThe resource type ValueSet cannot be treated as a CodeSystem
[0;39m[33mThe resource type ValueSet cannot be treated as a CodeSystem
[0;39mCheck profiles & code systems                                                                        (04:52.352 / 06:18.351, 1Gb)
Check realm rules                                                                                    (00:00.013 / 06:18.364, 1Gb)
Previous Version Comparison                                                                          (00:00.001 / 06:18.366, 1Gb)
Comparing previous version 9.0.1                                                                     (00:00.001 / 06:18.367, 1Gb)
.. loaded. Process                                                                                   (00:15.016 / 06:33.383, 2Gb)
finish previous version comparison                                                                   (00:00.002 / 06:33.385, 2Gb)
finish ipa version                                                                                   (00:04.578 / 06:37.964, 2Gb)
finish ips version                                                                                   (00:00.000 / 06:37.965, 2Gb)
comparisons done                                                                                     (00:00.000 / 06:37.966, 2Gb)
Checking for Bundles to sign                                                                         (00:00.059 / 06:38.025, 2Gb)
Validating Resources                                                                                 (00:00.001 / 06:38.026, 2Gb)
[33mGot error response with no Content-Type from https://terminologystandardsservice.ca/tx/fhir with status 401
[0;39m[33m
[0;39mProcessing Provenance Records                                                                        (00:37.420 / 07:15.447, 2Gb)
Generating Outputs in /tmp/ig-builds/dk.ehealth.sundhed.fhir.ig.core#10.0.0/output                   (00:00.001 / 07:15.449, 2Gb)
Generate Native Outputs                                                                              (00:00.342 / 07:15.792, 2Gb)
Run Template                                                                                         (00:36.039 / 07:51.831, 2Gb)
Generate HTML Outputs                                                                                (00:01.876 / 07:53.708, 2Gb)
[33mThe resource type ValueSet cannot be treated as a CodeSystem
[0;39m[33mThe resource type ValueSet cannot be treated as a CodeSystem
[0;39m[33mThe resource type ValueSet cannot be treated as a CodeSystem
[0;39m[33mThe resource type ValueSet cannot be treated as a CodeSystem
[0;39m[33mThe resource type ValueSet cannot be treated as a CodeSystem
[0;39m[33mThe resource type ValueSet cannot be treated as a CodeSystem
[0;39m[33mThe resource type ValueSet cannot be treated as a CodeSystem
[0;39m[33mThe resource type ValueSet cannot be treated as a CodeSystem
[0;39m[33mThe resource type ValueSet cannot be treated as a CodeSystem
[0;39m[33mThe resource type ValueSet cannot be treated as a CodeSystem
[0;39m[33mThe resource type ValueSet cannot be treated as a CodeSystem
[0;39m[33mThe resource type ValueSet cannot be treated as a CodeSystem
[0;39m[33mThe resource type ValueSet cannot be treated as a CodeSystem
[0;39m[33mThe resource type ValueSet cannot be treated as a CodeSystem
[0;39m[33mThe resource type ValueSet cannot be treated as a CodeSystem
[0;39m[33mThe resource type ValueSet cannot be treated as a CodeSystem
[0;39m[33mThe resource type ValueSet cannot be treated as a CodeSystem
[0;39m[33mThe resource type ValueSet cannot be treated as a CodeSystem
[0;39m[33mThe resource type ValueSet cannot be treated as a CodeSystem
[0;39m[33mThe resource type ValueSet cannot be treated as a CodeSystem
[0;39m[33mThe resource type ValueSet cannot be treated as a CodeSystem
[0;39m[33mThe resource type ValueSet cannot be treated as a CodeSystem
[0;39m[33mThe resource type ValueSet cannot be treated as a CodeSystem
[0;39m[33mThe resource type ValueSet cannot be treated as a CodeSystem
[0;39m[33mThe resource type ValueSet cannot be treated as a CodeSystem
[0;39m[33mThe resource type ValueSet cannot be treated as a CodeSystem
[0;39m[33mThe resource type ValueSet cannot be treated as a CodeSystem
[0;39m[33mThe resource type ValueSet cannot be treated as a CodeSystem
[0;39m[33mThe resource type ValueSet cannot be treated as a CodeSystem
[0;39m[33mThe resource type ValueSet cannot be treated as a CodeSystem
[0;39m[33mThe resource type ValueSet cannot be treated as a CodeSystem
[0;39m[33mThe resource type ValueSet cannot be treated as a CodeSystem
[0;39m[33mThe resource type ValueSet cannot be treated as a CodeSystem
[0;39m[33mThe resource type ValueSet cannot be treated as a CodeSystem
[0;39m[33mThe resource type ValueSet cannot be treated as a CodeSystem
[0;39m[33mThe resource type ValueSet cannot be treated as a CodeSystem
[0;39m[33mThe resource type ValueSet cannot be treated as a CodeSystem
[0;39m[33mThe resource type ValueSet cannot be treated as a CodeSystem
[0;39m[33mThe resource type ValueSet cannot be treated as a CodeSystem
[0;39m[33mThe resource type ValueSet cannot be treated as a CodeSystem
[0;39m[33mThe resource type ValueSet cannot be treated as a CodeSystem
[0;39m[33mThe resource type ValueSet cannot be treated as a CodeSystem
[0;39m[33mThe resource type ValueSet cannot be treated as a CodeSystem
[0;39m[33mThe resource type ValueSet cannot be treated as a CodeSystem
[0;39m[33mThe resource type ValueSet cannot be treated as a CodeSystem
[0;39m[33mThe resource type ValueSet cannot be treated as a CodeSystem
[0;39m[33mThe resource type ValueSet cannot be treated as a CodeSystem
[0;39m[33mThe resource type ValueSet cannot be treated as a CodeSystem
[0;39m[33mThe resource type ValueSet cannot be treated as a CodeSystem
[0;39m[33mThe resource type ValueSet cannot be treated as a CodeSystem
[0;39m[33mThe resource type ValueSet cannot be treated as a CodeSystem
[0;39m[33mThe resource type ValueSet cannot be treated as a CodeSystem
[0;39m[33mThe resource type ValueSet cannot be treated as a CodeSystem
[0;39m[33mThe resource type ValueSet cannot be treated as a CodeSystem
[0;39m[33mThe resource type ValueSet cannot be treated as a CodeSystem
[0;39m[33mThe resource type ValueSet cannot be treated as a CodeSystem
[0;39m[33mThe resource type ValueSet cannot be treated as a CodeSystem
[0;39m[33mThe resource type ValueSet cannot be treated as a CodeSystem
[0;39m[33mThe resource type ValueSet cannot be treated as a CodeSystem
[0;39m[33mThe resource type ValueSet cannot be treated as a CodeSystem
[0;39m[33mThe resource type ValueSet cannot be treated as a CodeSystem
[0;39m[33mThe resource type ValueSet cannot be treated as a CodeSystem
[0;39m[33mThe resource type ValueSet cannot be treated as a CodeSystem
[0;39m[33mThe resource type ValueSet cannot be treated as a CodeSystem
[0;39m[33mThe resource type ValueSet cannot be treated as a CodeSystem
[0;39m[33mThe resource type ValueSet cannot be treated as a CodeSystem
[0;39m[33mThe resource type ValueSet cannot be treated as a CodeSystem
[0;39m[33mThe resource type ValueSet cannot be treated as a CodeSystem
[0;39m[33mThe resource type ValueSet cannot be treated as a CodeSystem
[0;39m[33mThe resource type ValueSet cannot be treated as a CodeSystem
[0;39m[33mThe resource type ValueSet cannot be treated as a CodeSystem
[0;39m[33mThe resource type ValueSet cannot be treated as a CodeSystem
[0;39m[33mThe resource type ValueSet cannot be treated as a CodeSystem
[0;39m[33mThe resource type ValueSet cannot be treated as a CodeSystem
[0;39m[33mThe resource type ValueSet cannot be treated as a CodeSystem
[0;39m[33mThe resource type ValueSet cannot be treated as a CodeSystem
[0;39mGenerate Spreadsheets                                                                                (00:40.494 / 08:34.203, 2Gb)
Generate Summaries                                                                                   (00:08.526 / 08:42.729, 3Gb)
Generating Summary Outputs                                                                           (00:00.000 / 08:42.730, 3Gb)
[33mThe resource type ValueSet cannot be treated as a CodeSystem
[0;39m[33mThe resource type ValueSet cannot be treated as a CodeSystem
[0;39mTable of contents has a section with more than 222 entries.  Collapsing will not work reliably
DB Cumulative Time invested: 00:00:01.50
Sending Usage Stats to Server                                                                        (00:12.940 / 08:55.670, 2Gb)
## Memory (MB): Use = 2934, Free = 1063, Total = 3998, Max = 3998                                    (00:00.002 / 08:55.672, 2Gb)
Reclaiming memory...                                                                                 (00:00.000 / 08:55.673, 2Gb)
Generating combined package                                                                          (00:00.121 / 08:55.794, 2Gb)
Error generating combined package: /tmp/ig-builds/dk.ehealth.sundhed.fhir.ig.core#10.0.0/output/package.tgz (No such file or directory) (00:00.003 / 08:55.797, 2Gb)
## Memory (MB): Use = 1917, Free = 2080, Total = 3998, Max = 3998                                    (00:01.024 / 08:56.822, 1Gb)
Run jekyll: jekyll build --destination "/tmp/ig-builds/dk.ehealth.sundhed.fhir.ig.core#10.0.0/output" (in folder /tmp/ig-builds/dk.ehealth.sundhed.fhir.ig.core#10.0.0/temp/pages) (00:00.002 / 08:56.824, 1Gb)
Troubleshooting Note: usual cases for Jekyll to fail are:                                            (00:00.002 / 08:56.826, 1Gb)
* A failure to produce a fragment that is already logged in the output above                         (00:00.000 / 08:56.827, 1Gb)
* A reference to a manually edited file that hasn't been provided                                    (00:00.000 / 08:56.828, 1Gb)
Jekyll: Source: /tmp/ig-builds/dk.ehealth.sundhed.fhir.ig.core#10.0.0/temp/pages                     (00:00.362 / 08:57.190, 1Gb)
Jekyll: Generating...                                                                                (00:00.000 / 08:57.191, 1Gb)
Jekyll: done in 19.901 seconds.                                                                      (00:19.900 / 09:17.091, 1Gb)
[39m
[0;39m[39mInstalling dk.ehealth.sundhed.fhir.ig.core#10.0.0
[0;39m[39m done.
[0;39m[39m loaded @ /root/.fhir/packages/dk.ehealth.sundhed.fhir.ig.core#10.0.0
[0;39mChecking Output HTML                                                                                 (00:10.671 / 09:27.763, 3Gb)
Processed /tmp/ig-builds/dk.ehealth.sundhed.fhir.ig.core#10.0.0/output - % reduction = 98 (374355731 ==> 8648658)
found 9392 files                                                                                     (00:06.351 / 09:34.114, 2Gb)
........................................
[33mThe locale da is not supported. Messages will default to en-US.
[0;39m........................................
  ... 9392 html files, 0 pages invalid xhtml (0%)                                                    (01:26.575 / 11:00.690, 2Gb)
  ... 1446564 links, 1216 broken links (0%)                                                          (00:00.005 / 11:00.695, 2Gb)
Generate fragment-usage-analysis.csv                                                                 (00:00.003 / 11:00.699, 2Gb)
Build final .zip                                                                                     (00:00.013 / 11:00.712, 2Gb)
Final .zip built                                                                                     (00:13.335 / 11:14.048, 3Gb)
Built. Times: loading: 00:15.717, generate: 10:17.413, narrative generation: 00:15.533, realm-rules: 00:00.001, previous-version: 00:19.599, jekyll: 00:20.381, validation: 05:25.123 (#689), template: 00:01.823 (#3) (00:13.642 / 11:27.690, 3Gb)
Generating QA                                                                                        (00:00.001 / 11:27.692, 3Gb)
Internal error in location for message: 'Error @1, 2: Found / expecting a token name', loc = '/tmp/ig-builds/dk.ehealth.sundhed.fhir.ig.core#10.0.0/output/OperationDefinition--s-submit-measureme', err = 'Illegal HTML: illegal html element: the (" or "urn:uuid:.".)'
Internal error in location for message: 'Error @1, 2: Found / expecting a token name', loc = '/tmp/ig-builds/dk.ehealth.sundhed.fhir.ig.core#10.0.0/output/StructureDefinition-ehealth-access-cons', err = 'The html source has duplicate anchor Ids: root'
Internal error in location for message: 'Error @1, 2: Found / expecting a token name', loc = '/tmp/ig-builds/dk.ehealth.sundhed.fhir.ig.core#10.0.0/output/StructureDefinition-ehealth-access-prov', err = 'The html source has duplicate anchor Ids: root'
Internal error in location for message: 'Error @1, 2: Found / expecting a token name', loc = '/tmp/ig-builds/dk.ehealth.sundhed.fhir.ig.core#10.0.0/output/StructureDefinition-ehealth-actionguida', err = 'The html source has duplicate anchor Ids: root'
Internal error in location for message: 'Error @1, 2: Found / expecting a token name', loc = '/tmp/ig-builds/dk.ehealth.sundhed.fhir.ig.core#10.0.0/output/StructureDefinition-ehealth-activitydef', err = 'The html source has duplicate anchor Ids: root'
Internal error in location for message: 'Error @1, 2: Found / expecting a token name', loc = '/tmp/ig-builds/dk.ehealth.sundhed.fhir.ig.core#10.0.0/output/StructureDefinition-ehealth-appointment', err = 'The html source has duplicate anchor Ids: root'
Internal error in location for message: 'Error @1, 2: Found / expecting a token name', loc = '/tmp/ig-builds/dk.ehealth.sundhed.fhir.ig.core#10.0.0/output/StructureDefinition-ehealth-auditevent-', err = 'The html source has duplicate anchor Ids: root'
Internal error in location for message: 'Error @1, 2: Found / expecting a token name', loc = '/tmp/ig-builds/dk.ehealth.sundhed.fhir.ig.core#10.0.0/output/StructureDefinition-ehealth-carecommuni', err = 'The html source has duplicate anchor Ids: root'
Internal error in location for message: 'Error @1, 2: Found / expecting a token name', loc = '/tmp/ig-builds/dk.ehealth.sundhed.fhir.ig.core#10.0.0/output/StructureDefinition-ehealth-carecommuni', err = 'Illegal HTML: illegal html element: uuid ().)'
Internal error in location for message: 'Error @1, 2: Found / expecting a token name', loc = '/tmp/ig-builds/dk.ehealth.sundhed.fhir.ig.core#10.0.0/output/StructureDefinition-ehealth-careplan-ex', err = 'The html source has duplicate anchor Ids: root'
Internal error in location for message: 'Error @1, 2: Found / expecting a token name', loc = '/tmp/ig-builds/dk.ehealth.sundhed.fhir.ig.core#10.0.0/output/StructureDefinition-ehealth-careteam-ex', err = 'The html source has duplicate anchor Ids: root'
Internal error in location for message: 'Error @1, 2: Found / expecting a token name', loc = '/tmp/ig-builds/dk.ehealth.sundhed.fhir.ig.core#10.0.0/output/StructureDefinition-ehealth-clinicalimp', err = 'The html source has duplicate anchor Ids: root'
Internal error in location for message: 'Error @1, 2: Found / expecting a token name', loc = '/tmp/ig-builds/dk.ehealth.sundhed.fhir.ig.core#10.0.0/output/StructureDefinition-ehealth-communicati', err = 'The html source has duplicate anchor Ids: root'
Internal error in location for message: 'Error @1, 2: Found / expecting a token name', loc = '/tmp/ig-builds/dk.ehealth.sundhed.fhir.ig.core#10.0.0/output/StructureDefinition-ehealth-communicati', err = 'The html source has duplicate anchor Ids: root'
Internal error in location for message: 'Error @1, 2: Found / expecting a token name', loc = '/tmp/ig-builds/dk.ehealth.sundhed.fhir.ig.core#10.0.0/output/StructureDefinition-ehealth-composition', err = 'The html source has duplicate anchor Ids: root'
Internal error in location for message: 'Error @1, 2: Found / expecting a token name', loc = '/tmp/ig-builds/dk.ehealth.sundhed.fhir.ig.core#10.0.0/output/StructureDefinition-ehealth-condition-e', err = 'The html source has duplicate anchor Ids: root'
Internal error in location for message: 'Error @1, 2: Found / expecting a token name', loc = '/tmp/ig-builds/dk.ehealth.sundhed.fhir.ig.core#10.0.0/output/StructureDefinition-ehealth-consent-exa', err = 'The html source has duplicate anchor Ids: root'
Internal error in location for message: 'Error @1, 2: Found / expecting a token name', loc = '/tmp/ig-builds/dk.ehealth.sundhed.fhir.ig.core#10.0.0/output/StructureDefinition-ehealth-definedques', err = 'The html source has duplicate anchor Ids: root'
Internal error in location for message: 'Error @1, 2: Found / expecting a token name', loc = '/tmp/ig-builds/dk.ehealth.sundhed.fhir.ig.core#10.0.0/output/StructureDefinition-ehealth-device-exam', err = 'The html source has duplicate anchor Ids: root'
Internal error in location for message: 'Error @1, 2: Found / expecting a token name', loc = '/tmp/ig-builds/dk.ehealth.sundhed.fhir.ig.core#10.0.0/output/StructureDefinition-ehealth-devicemetri', err = 'The html source has duplicate anchor Ids: root'
Internal error in location for message: 'Error @1, 2: Found / expecting a token name', loc = '/tmp/ig-builds/dk.ehealth.sundhed.fhir.ig.core#10.0.0/output/StructureDefinition-ehealth-deviceusest', err = 'The html source has duplicate anchor Ids: root'
Internal error in location for message: 'Error @1, 2: Found / expecting a token name', loc = '/tmp/ig-builds/dk.ehealth.sundhed.fhir.ig.core#10.0.0/output/StructureDefinition-ehealth-documentref', err = 'The html source has duplicate anchor Ids: root'
Internal error in location for message: 'Error @1, 2: Found / expecting a token name', loc = '/tmp/ig-builds/dk.ehealth.sundhed.fhir.ig.core#10.0.0/output/StructureDefinition-ehealth-endpoint-ex', err = 'The html source has duplicate anchor Ids: root'
Internal error in location for message: 'Error @1, 2: Found / expecting a token name', loc = '/tmp/ig-builds/dk.ehealth.sundhed.fhir.ig.core#10.0.0/output/StructureDefinition-ehealth-episodeofca', err = 'The html source has duplicate anchor Ids: root'
Internal error in location for message: 'Error @1, 2: Found / expecting a token name', loc = '/tmp/ig-builds/dk.ehealth.sundhed.fhir.ig.core#10.0.0/output/StructureDefinition-ehealth-goal-exampl', err = 'The html source has duplicate anchor Ids: root'
Internal error in location for message: 'Error @1, 2: Found / expecting a token name', loc = '/tmp/ig-builds/dk.ehealth.sundhed.fhir.ig.core#10.0.0/output/StructureDefinition-ehealth-group-appoi', err = 'The html source has duplicate anchor Ids: root'
Internal error in location for message: 'Error @1, 2: Found / expecting a token name', loc = '/tmp/ig-builds/dk.ehealth.sundhed.fhir.ig.core#10.0.0/output/StructureDefinition-ehealth-group-video', err = 'The html source has duplicate anchor Ids: root'
Internal error in location for message: 'Error @1, 2: Found / expecting a token name', loc = '/tmp/ig-builds/dk.ehealth.sundhed.fhir.ig.core#10.0.0/output/StructureDefinition-ehealth-guidanceres', err = 'The html source has duplicate anchor Ids: root'
Internal error in location for message: 'Error @1, 2: Found / expecting a token name', loc = '/tmp/ig-builds/dk.ehealth.sundhed.fhir.ig.core#10.0.0/output/StructureDefinition-ehealth-library-exa', err = 'The html source has duplicate anchor Ids: root'
Internal error in location for message: 'Error @1, 2: Found / expecting a token name', loc = '/tmp/ig-builds/dk.ehealth.sundhed.fhir.ig.core#10.0.0/output/StructureDefinition-ehealth-material-co', err = 'The html source has duplicate anchor Ids: root'
Internal error in location for message: 'Error @1, 2: Found / expecting a token name', loc = '/tmp/ig-builds/dk.ehealth.sundhed.fhir.ig.core#10.0.0/output/StructureDefinition-ehealth-media-examp', err = 'The html source has duplicate anchor Ids: root'
Internal error in location for message: 'Error @1, 2: Found / expecting a token name', loc = '/tmp/ig-builds/dk.ehealth.sundhed.fhir.ig.core#10.0.0/output/StructureDefinition-ehealth-message-exa', err = 'The html source has duplicate anchor Ids: root'
Internal error in location for message: 'Error @1, 2: Found / expecting a token name', loc = '/tmp/ig-builds/dk.ehealth.sundhed.fhir.ig.core#10.0.0/output/StructureDefinition-ehealth-observation', err = 'The html source has duplicate anchor Ids: root'
Internal error in location for message: 'Error @1, 2: Found / expecting a token name', loc = '/tmp/ig-builds/dk.ehealth.sundhed.fhir.ig.core#10.0.0/output/StructureDefinition-ehealth-observation', err = 'The html source has duplicate anchor Ids: root'
Internal error in location for message: 'Error @1, 2: Found / expecting a token name', loc = '/tmp/ig-builds/dk.ehealth.sundhed.fhir.ig.core#10.0.0/output/StructureDefinition-ehealth-organizatio', err = 'The html source has duplicate anchor Ids: root'
Internal error in location for message: 'Error @1, 2: Found / expecting a token name', loc = '/tmp/ig-builds/dk.ehealth.sundhed.fhir.ig.core#10.0.0/output/StructureDefinition-ehealth-patient-exa', err = 'The html source has duplicate anchor Ids: root'
Internal error in location for message: 'Error @1, 2: Found / expecting a token name', loc = '/tmp/ig-builds/dk.ehealth.sundhed.fhir.ig.core#10.0.0/output/StructureDefinition-ehealth-plandefinit', err = 'The html source has duplicate anchor Ids: root'
Internal error in location for message: 'Error @1, 2: Found / expecting a token name', loc = '/tmp/ig-builds/dk.ehealth.sundhed.fhir.ig.core#10.0.0/output/StructureDefinition-ehealth-practitione', err = 'The html source has duplicate anchor Ids: root'
Internal error in location for message: 'Error @1, 2: Found / expecting a token name', loc = '/tmp/ig-builds/dk.ehealth.sundhed.fhir.ig.core#10.0.0/output/StructureDefinition-ehealth-practitione', err = 'The html source has duplicate anchor Ids: root'
Internal error in location for message: 'Error @1, 2: Found / expecting a token name', loc = '/tmp/ig-builds/dk.ehealth.sundhed.fhir.ig.core#10.0.0/output/StructureDefinition-ehealth-provenance-', err = 'The html source has duplicate anchor Ids: root'
Internal error in location for message: 'Error @1, 2: Found / expecting a token name', loc = '/tmp/ig-builds/dk.ehealth.sundhed.fhir.ig.core#10.0.0/output/StructureDefinition-ehealth-questionnai', err = 'The html source has duplicate anchor Ids: root'
Internal error in location for message: 'Error @1, 2: Found / expecting a token name', loc = '/tmp/ig-builds/dk.ehealth.sundhed.fhir.ig.core#10.0.0/output/StructureDefinition-ehealth-questionnai', err = 'The html source has duplicate anchor Ids: root'
Internal error in location for message: 'Error @1, 2: Found / expecting a token name', loc = '/tmp/ig-builds/dk.ehealth.sundhed.fhir.ig.core#10.0.0/output/StructureDefinition-ehealth-questionnai', err = 'The html source has duplicate anchor Ids: root'
Internal error in location for message: 'Error @1, 2: Found / expecting a token name', loc = '/tmp/ig-builds/dk.ehealth.sundhed.fhir.ig.core#10.0.0/output/StructureDefinition-ehealth-relatedpers', err = 'The html source has duplicate anchor Ids: root'
Internal error in location for message: 'Error @1, 2: Found / expecting a token name', loc = '/tmp/ig-builds/dk.ehealth.sundhed.fhir.ig.core#10.0.0/output/StructureDefinition-ehealth-servicerequ', err = 'The html source has duplicate anchor Ids: root'
Internal error in location for message: 'Error @1, 2: Found / expecting a token name', loc = '/tmp/ig-builds/dk.ehealth.sundhed.fhir.ig.core#10.0.0/output/StructureDefinition-ehealth-skrs-patien', err = 'The html source has duplicate anchor Ids: root'
Internal error in location for message: 'Error @1, 2: Found / expecting a token name', loc = '/tmp/ig-builds/dk.ehealth.sundhed.fhir.ig.core#10.0.0/output/StructureDefinition-ehealth-task-exampl', err = 'The html source has duplicate anchor Ids: root'
Internal error in location for message: 'Error @1, 2: Found / expecting a token name', loc = '/tmp/ig-builds/dk.ehealth.sundhed.fhir.ig.core#10.0.0/output/StructureDefinition-ehealth-transformat', err = 'The html source has duplicate anchor Ids: root'
Internal error in location for message: 'Error @1, 2: Found / expecting a token name', loc = '/tmp/ig-builds/dk.ehealth.sundhed.fhir.ig.core#10.0.0/output/StructureDefinition-ehealth-videoappoin', err = 'The html source has duplicate anchor Ids: root'
Internal error in location for message: 'Error @1, 2: Found / expecting a token name', loc = '/tmp/ig-builds/dk.ehealth.sundhed.fhir.ig.core#10.0.0/output/StructureDefinition-ehealth-view-exampl', err = 'The html source has duplicate anchor Ids: root'
Internal error in location for message: 'Error @1, 2: Found / expecting a token name', loc = '/tmp/ig-builds/dk.ehealth.sundhed.fhir.ig.core#10.0.0/output/error-messages.html', err = 'Illegal HTML: illegal html element: DocumentEntry.uniqueId (__)'
Internal error in location for message: 'Error @1, 2: Found / expecting a token name', loc = '/tmp/ig-builds/dk.ehealth.sundhed.fhir.ig.core#10.0.0/output/systematic-error-messages.html', err = 'Illegal HTML: illegal html element: DocumentEntry.uniqueId (__)'
Validation output in /tmp/ig-builds/dk.ehealth.sundhed.fhir.ig.core#10.0.0/output/qa.html
Errors: 2381, Warnings: 1930, Info: 1176, Broken Links: 1216 (00:01.841 / 11:29.533, 2Gb)
Finished @ 06.08.2026 13.29. Max Memory Used = 3Gb. Log file saved in /tmp/fhir-ig-publisher-tmp.log (00:00.062 / 11:29.596, 2Gb)
Prepare Build space in /tmp/ig-builds/dk.ehealth.sundhed.fhir.ig.core#10.0.0-milestone
Build IG at /__w/implementation-guide/implementation-guide/ig: final copy suitable for publication (in /tmp/ig-builds/dk.ehealth.sundhed.fhir.ig.core#10.0.0-milestone) (milestone build)
FHIR IG Publisher Version 2.3.0 (Git# d845ec9ba68a). Built 2026-07-31T16:10:46.817Z (5 days old)    
Detected Java version: 25.0.3 from /opt/java/openjdk on Linux/amd64 (64bit). 3998MB available       
dir = /__w/implementation-guide/implementation-guide, path = /opt/java/openjdk/bin:/usr/local/sbin:/usr/local/bin:/usr/sbin:/usr/bin:/sbin:/bin
Parameters: -publish http://ehealth.sundhed.dk/fhir/10.0.0 -no-exit -ig /tmp/ig-builds/dk.ehealth.sundhed.fhir.ig.core#10.0.0-milestone -milestone
Character encoding = UTF-8 / UTF-8                                                                  
Start Clock @ Thursday, August 6, 2026, 1:29:38 PM Coordinated Universal Time (2026-08-06T13:29:38Z)
                                                                                                    
Build FHIR IG from /tmp/ig-builds/dk.ehealth.sundhed.fhir.ig.core#10.0.0-milestone                   (00:00.003 / 00:00.003, 2Gb)
Build Formal Publication package, intended for http://ehealth.sundhed.dk/fhir/10.0.0                 (00:00.000 / 00:00.003, 2Gb)
No FHIR settings file at /root/.fhir/fhir-settings.json; using defaults (no API keys or npm path)    (00:00.000 / 00:00.004, 2Gb)
Package Cache: /root/.fhir/packages                                                                  (00:00.000 / 00:00.005, 2Gb)
Run Sushi on /tmp/ig-builds/dk.ehealth.sundhed.fhir.ig.core#10.0.0-milestone                         (00:00.001 / 00:00.006, 2Gb)
Sushi: info  Running SUSHI v3.20.0 (implements FHIR Shorthand specification v3.0.0)                  (00:00.624 / 00:00.631, 2Gb)
Sushi: info  Arguments:                                                                              (00:00.001 / 00:00.632, 2Gb)
Sushi: info    --require-latest                                                                      (00:00.001 / 00:00.633, 2Gb)
Sushi: info    --out /tmp/ig-builds/dk.ehealth.sundhed.fhir.ig.core#10.0.0-milestone                 (00:00.001 / 00:00.634, 2Gb)
Sushi: info    /tmp/ig-builds/dk.ehealth.sundhed.fhir.ig.core#10.0.0-milestone                       (00:00.000 / 00:00.635, 2Gb)
Sushi: info  Using configuration file: /tmp/ig-builds/dk.ehealth.sundhed.fhir.ig.core#10.0.0-milestone/sushi-config.yaml (00:00.467 / 00:01.102, 2Gb)
Sushi: info  Importing FSH text...                                                                   (00:00.089 / 00:01.192, 2Gb)
Sushi: info  Preprocessed 114 documents with 0 aliases.                                              (00:00.249 / 00:01.441, 2Gb)
Sushi: info  Imported 205 definitions and 24 instances.                                              (00:00.038 / 00:01.480, 2Gb)
Sushi: info  Loaded virtual package sushi-r5forR4#1.0.0 with 7 resources                             (00:00.117 / 00:01.597, 2Gb)
Sushi: info  Resolved hl7.fhir.uv.tools.r4#latest to concrete version 1.1.2                          (00:00.829 / 00:02.427, 2Gb)
Sushi: info  Loaded hl7.fhir.uv.tools.r4#1.1.2 with 119 resources                                    (00:00.048 / 00:02.475, 2Gb)
Sushi: info  Resolved hl7.terminology.r4#latest to concrete version 7.3.0                            (00:00.165 / 00:02.640, 2Gb)
Sushi: info  Loaded hl7.terminology.r4#7.3.0 with 4176 resources                                     (00:00.940 / 00:03.581, 2Gb)
Sushi: info  Loaded hl7.fhir.dk.core#3.6.0 with 73 resources                                         (00:00.024 / 00:03.605, 2Gb)
Sushi: info  Loaded hl7.fhir.uv.sdc#2.7.0 with 66 resources                                          (00:00.023 / 00:03.629, 2Gb)
Sushi: info  Loaded hl7.fhir.r4.core#4.0.1 with 4581 resources                                       (00:00.873 / 00:04.503, 2Gb)
Sushi: info  Resolved hl7.fhir.uv.extensions.r4#latest to concrete version 5.3.0                     (00:00.177 / 00:04.681, 2Gb)
Sushi: info  Loaded hl7.fhir.uv.extensions.r4#5.3.0 with 885 resources                               (00:00.225 / 00:04.906, 2Gb)
Sushi: info  Loaded virtual package sushi-local#LOCAL with 462 resources                             (00:00.107 / 00:05.013, 2Gb)
Sushi: info  Converting FSH to FHIR resources...                                                     (00:00.017 / 00:05.031, 2Gb)
Sushi: warn  The name "ehealth-access-consent" may not be suitable for machine processing applications such as code generation. Valid names start with an upper-case ASCII letter ('A'..'Z') followed by any combination of upper- or lower-case ASCII letters ('A'..'Z', and 'a'..'z'), numerals ('0'..'9') and '_', with a length limit of 255 characters. (00:00.163 / 00:05.194, 2Gb)
Sushi:   File: /tmp/ig-builds/dk.ehealth.sundhed.fhir.ig.core#10.0.0-milestone/input/fsh/ehealth-access-consent.fsh (00:00.001 / 00:05.195, 2Gb)
Sushi:   Line: 1 - 9                                                                                 (00:00.000 / 00:05.196, 2Gb)
Sushi: warn  The name "ehealth-access-provenance" may not be suitable for machine processing applications such as code generation. Valid names start with an upper-case ASCII letter ('A'..'Z') followed by any combination of upper- or lower-case ASCII letters ('A'..'Z', and 'a'..'z'), numerals ('0'..'9') and '_', with a length limit of 255 characters. (00:00.059 / 00:05.256, 2Gb)
Sushi:   File: /tmp/ig-builds/dk.ehealth.sundhed.fhir.ig.core#10.0.0-milestone/input/fsh/ehealth-access-provenance.fsh (00:00.004 / 00:05.260, 2Gb)
Sushi:   Line: 1 - 10                                                                                (00:00.000 / 00:05.261, 2Gb)
Sushi: warn  The name "ehealth-actionguidance" may not be suitable for machine processing applications such as code generation. Valid names start with an upper-case ASCII letter ('A'..'Z') followed by any combination of upper- or lower-case ASCII letters ('A'..'Z', and 'a'..'z'), numerals ('0'..'9') and '_', with a length limit of 255 characters. (00:00.066 / 00:05.328, 2Gb)
Sushi:   File: /tmp/ig-builds/dk.ehealth.sundhed.fhir.ig.core#10.0.0-milestone/input/fsh/ehealth-actionguidance.fsh (00:00.002 / 00:05.330, 2Gb)
Sushi:   Line: 1 - 17                                                                                (00:00.000 / 00:05.331, 2Gb)
Sushi: warn  The name "ehealth-recommendation" may not be suitable for machine processing applications such as code generation. Valid names start with an upper-case ASCII letter ('A'..'Z') followed by any combination of upper- or lower-case ASCII letters ('A'..'Z', and 'a'..'z'), numerals ('0'..'9') and '_', with a length limit of 255 characters. (00:00.006 / 00:05.337, 2Gb)
Sushi:   File: /tmp/ig-builds/dk.ehealth.sundhed.fhir.ig.core#10.0.0-milestone/input/fsh/ehealth-ext-recommendation.fsh (00:00.001 / 00:05.339, 2Gb)
Sushi:   Line: 1 - 7                                                                                 (00:00.000 / 00:05.340, 2Gb)
Sushi: warn  The name "ehealth-intendedAudience" may not be suitable for machine processing applications such as code generation. Valid names start with an upper-case ASCII letter ('A'..'Z') followed by any combination of upper- or lower-case ASCII letters ('A'..'Z', and 'a'..'z'), numerals ('0'..'9') and '_', with a length limit of 255 characters. (00:00.068 / 00:05.408, 2Gb)
Sushi:   File: /tmp/ig-builds/dk.ehealth.sundhed.fhir.ig.core#10.0.0-milestone/input/fsh/ehealth-ext-intendedAudience.fsh (00:00.001 / 00:05.410, 2Gb)
Sushi:   Line: 1 - 7                                                                                 (00:00.000 / 00:05.411, 2Gb)
Sushi: warn  The name "ehealth-modifier-role" may not be suitable for machine processing applications such as code generation. Valid names start with an upper-case ASCII letter ('A'..'Z') followed by any combination of upper- or lower-case ASCII letters ('A'..'Z', and 'a'..'z'), numerals ('0'..'9') and '_', with a length limit of 255 characters. (00:00.032 / 00:05.443, 2Gb)
Sushi:   File: /tmp/ig-builds/dk.ehealth.sundhed.fhir.ig.core#10.0.0-milestone/input/fsh/ehealth-ext-modifier-role.fsh (00:00.001 / 00:05.445, 2Gb)
Sushi:   Line: 1 - 13                                                                                (00:00.000 / 00:05.446, 2Gb)
Sushi: warn  The name "ehealth-basic-title" may not be suitable for machine processing applications such as code generation. Valid names start with an upper-case ASCII letter ('A'..'Z') followed by any combination of upper- or lower-case ASCII letters ('A'..'Z', and 'a'..'z'), numerals ('0'..'9') and '_', with a length limit of 255 characters. (00:00.082 / 00:05.528, 2Gb)
Sushi:   File: /tmp/ig-builds/dk.ehealth.sundhed.fhir.ig.core#10.0.0-milestone/input/fsh/ehealth-ext-actionguidance-view-title.fsh (00:00.001 / 00:05.529, 2Gb)
Sushi:   Line: 1 - 6                                                                                 (00:00.000 / 00:05.530, 2Gb)
Sushi: warn  The name "ehealth-version" may not be suitable for machine processing applications such as code generation. Valid names start with an upper-case ASCII letter ('A'..'Z') followed by any combination of upper- or lower-case ASCII letters ('A'..'Z', and 'a'..'z'), numerals ('0'..'9') and '_', with a length limit of 255 characters. (00:00.043 / 00:05.573, 2Gb)
Sushi:   File: /tmp/ig-builds/dk.ehealth.sundhed.fhir.ig.core#10.0.0-milestone/input/fsh/ehealth-ext-version.fsh (00:00.002 / 00:05.576, 2Gb)
Sushi:   Line: 1 - 6                                                                                 (00:00.000 / 00:05.576, 2Gb)
Sushi: warn  The name "ehealth-description" may not be suitable for machine processing applications such as code generation. Valid names start with an upper-case ASCII letter ('A'..'Z') followed by any combination of upper- or lower-case ASCII letters ('A'..'Z', and 'a'..'z'), numerals ('0'..'9') and '_', with a length limit of 255 characters. (00:00.047 / 00:05.624, 2Gb)
Sushi:   File: /tmp/ig-builds/dk.ehealth.sundhed.fhir.ig.core#10.0.0-milestone/input/fsh/ehealth-ext-actionguidance-view-description.fsh (00:00.002 / 00:05.626, 2Gb)
Sushi:   Line: 1 - 5                                                                                 (00:00.000 / 00:05.627, 2Gb)
Sushi: warn  The name "ehealth-purpose" may not be suitable for machine processing applications such as code generation. Valid names start with an upper-case ASCII letter ('A'..'Z') followed by any combination of upper- or lower-case ASCII letters ('A'..'Z', and 'a'..'z'), numerals ('0'..'9') and '_', with a length limit of 255 characters. (00:00.049 / 00:05.676, 2Gb)
Sushi:   File: /tmp/ig-builds/dk.ehealth.sundhed.fhir.ig.core#10.0.0-milestone/input/fsh/ehealth-ext-actionguidance-view-purpose.fsh (00:00.002 / 00:05.678, 2Gb)
Sushi:   Line: 1 - 5                                                                                 (00:00.000 / 00:05.679, 2Gb)
Sushi: warn  The name "ehealth-useContext" may not be suitable for machine processing applications such as code generation. Valid names start with an upper-case ASCII letter ('A'..'Z') followed by any combination of upper- or lower-case ASCII letters ('A'..'Z', and 'a'..'z'), numerals ('0'..'9') and '_', with a length limit of 255 characters. (00:00.045 / 00:05.724, 2Gb)
Sushi:   File: /tmp/ig-builds/dk.ehealth.sundhed.fhir.ig.core#10.0.0-milestone/input/fsh/ehealth-ext-usecontext.fsh (00:00.001 / 00:05.726, 2Gb)
Sushi:   Line: 1 - 5                                                                                 (00:00.000 / 00:05.727, 2Gb)
Sushi: warn  The name "ehealth-status" may not be suitable for machine processing applications such as code generation. Valid names start with an upper-case ASCII letter ('A'..'Z') followed by any combination of upper- or lower-case ASCII letters ('A'..'Z', and 'a'..'z'), numerals ('0'..'9') and '_', with a length limit of 255 characters. (00:00.081 / 00:05.808, 2Gb)
Sushi:   File: /tmp/ig-builds/dk.ehealth.sundhed.fhir.ig.core#10.0.0-milestone/input/fsh/ehealth-ext-actionguidance-view-status.fsh (00:00.001 / 00:05.810, 2Gb)
Sushi:   Line: 1 - 7                                                                                 (00:00.000 / 00:05.811, 2Gb)
Sushi: warn  The name "ehealth-content" may not be suitable for machine processing applications such as code generation. Valid names start with an upper-case ASCII letter ('A'..'Z') followed by any combination of upper- or lower-case ASCII letters ('A'..'Z', and 'a'..'z'), numerals ('0'..'9') and '_', with a length limit of 255 characters. (00:00.051 / 00:05.863, 2Gb)
Sushi:   File: /tmp/ig-builds/dk.ehealth.sundhed.fhir.ig.core#10.0.0-milestone/input/fsh/ehealth-ext-actionguidance-view-content.fsh (00:00.001 / 00:05.865, 2Gb)
Sushi:   Line: 1 - 7                                                                                 (00:00.000 / 00:05.866, 2Gb)
Sushi: warn  The name "ehealth-actionguidance-type" may not be suitable for machine processing applications such as code generation. Valid names start with an upper-case ASCII letter ('A'..'Z') followed by any combination of upper- or lower-case ASCII letters ('A'..'Z', and 'a'..'z'), numerals ('0'..'9') and '_', with a length limit of 255 characters. (00:00.025 / 00:05.891, 2Gb)
Sushi:   File: /tmp/ig-builds/dk.ehealth.sundhed.fhir.ig.core#10.0.0-milestone/input/fsh/ehealth-actionguidance.fsh (00:00.002 / 00:05.893, 2Gb)
Sushi:   Line: 20 - 26                                                                               (00:00.000 / 00:05.894, 2Gb)
Sushi: warn  The name "ehealth-actionguidance-for" may not be suitable for machine processing applications such as code generation. Valid names start with an upper-case ASCII letter ('A'..'Z') followed by any combination of upper- or lower-case ASCII letters ('A'..'Z', and 'a'..'z'), numerals ('0'..'9') and '_', with a length limit of 255 characters. (00:00.051 / 00:05.945, 2Gb)
Sushi:   File: /tmp/ig-builds/dk.ehealth.sundhed.fhir.ig.core#10.0.0-milestone/input/fsh/ehealth-actionguidance.fsh (00:00.001 / 00:05.947, 2Gb)
Sushi:   Line: 29 - 40                                                                               (00:00.000 / 00:05.948, 2Gb)
Sushi: warn  The name "ehealth-activitydefinition" may not be suitable for machine processing applications such as code generation. Valid names start with an upper-case ASCII letter ('A'..'Z') followed by any combination of upper- or lower-case ASCII letters ('A'..'Z', and 'a'..'z'), numerals ('0'..'9') and '_', with a length limit of 255 characters. (00:00.047 / 00:05.995, 2Gb)
Sushi:   File: /tmp/ig-builds/dk.ehealth.sundhed.fhir.ig.core#10.0.0-milestone/input/fsh/ehealth-activitydefinition.fsh (00:00.001 / 00:05.996, 2Gb)
Sushi:   Line: 1 - 24                                                                                (00:00.001 / 00:05.998, 2Gb)
Sushi: warn  The name "ehealth-reuseCriteria" may not be suitable for machine processing applications such as code generation. Valid names start with an upper-case ASCII letter ('A'..'Z') followed by any combination of upper- or lower-case ASCII letters ('A'..'Z', and 'a'..'z'), numerals ('0'..'9') and '_', with a length limit of 255 characters. (00:00.000 / 00:05.998, 2Gb)
Sushi:   File: /tmp/ig-builds/dk.ehealth.sundhed.fhir.ig.core#10.0.0-milestone/input/fsh/ehealth-ext-reuseCriteria.fsh (00:00.001 / 00:06.000, 2Gb)
Sushi:   Line: 1 - 20                                                                                (00:00.000 / 00:06.000, 2Gb)
Sushi: warn  The name "ehealth-referenceRange" may not be suitable for machine processing applications such as code generation. Valid names start with an upper-case ASCII letter ('A'..'Z') followed by any combination of upper- or lower-case ASCII letters ('A'..'Z', and 'a'..'z'), numerals ('0'..'9') and '_', with a length limit of 255 characters. (00:00.184 / 00:06.185, 2Gb)
Sushi:   File: /tmp/ig-builds/dk.ehealth.sundhed.fhir.ig.core#10.0.0-milestone/input/fsh/ehealth-ext-referenceRange.fsh (00:00.001 / 00:06.187, 2Gb)
Sushi:   Line: 1 - 15                                                                                (00:00.000 / 00:06.188, 2Gb)
Sushi: warn  The name "ehealth-quality" may not be suitable for machine processing applications such as code generation. Valid names start with an upper-case ASCII letter ('A'..'Z') followed by any combination of upper- or lower-case ASCII letters ('A'..'Z', and 'a'..'z'), numerals ('0'..'9') and '_', with a length limit of 255 characters. (00:00.272 / 00:06.460, 2Gb)
Sushi:   File: /tmp/ig-builds/dk.ehealth.sundhed.fhir.ig.core#10.0.0-milestone/input/fsh/ehealth-ext-quality.fsh (00:00.001 / 00:06.462, 2Gb)
Sushi:   Line: 1 - 13                                                                                (00:00.001 / 00:06.463, 2Gb)
Sushi: warn  The name "ehealth-sharingPolicy" may not be suitable for machine processing applications such as code generation. Valid names start with an upper-case ASCII letter ('A'..'Z') followed by any combination of upper- or lower-case ASCII letters ('A'..'Z', and 'a'..'z'), numerals ('0'..'9') and '_', with a length limit of 255 characters. (00:00.106 / 00:06.569, 2Gb)
Sushi:   File: /tmp/ig-builds/dk.ehealth.sundhed.fhir.ig.core#10.0.0-milestone/input/fsh/ehealth-ext-sharingPolicy.fsh (00:00.001 / 00:06.571, 2Gb)
Sushi:   Line: 1 - 7                                                                                 (00:00.001 / 00:06.572, 2Gb)
Sushi: warn  The name "ehealth-sharingApprovalPolicy" may not be suitable for machine processing applications such as code generation. Valid names start with an upper-case ASCII letter ('A'..'Z') followed by any combination of upper- or lower-case ASCII letters ('A'..'Z', and 'a'..'z'), numerals ('0'..'9') and '_', with a length limit of 255 characters. (00:00.045 / 00:06.618, 2Gb)
Sushi:   File: /tmp/ig-builds/dk.ehealth.sundhed.fhir.ig.core#10.0.0-milestone/input/fsh/ehealth-ext-sharingApprovalPolicy.fsh (00:00.002 / 00:06.620, 2Gb)
Sushi:   Line: 1 - 7                                                                                 (00:00.000 / 00:06.621, 2Gb)
Sushi: warn  The name "ehealth-employee-title" may not be suitable for machine processing applications such as code generation. Valid names start with an upper-case ASCII letter ('A'..'Z') followed by any combination of upper- or lower-case ASCII letters ('A'..'Z', and 'a'..'z'), numerals ('0'..'9') and '_', with a length limit of 255 characters. (00:00.047 / 00:06.668, 2Gb)
Sushi:   File: /tmp/ig-builds/dk.ehealth.sundhed.fhir.ig.core#10.0.0-milestone/input/fsh/ehealth-ext-employee-title.fsh (00:00.001 / 00:06.670, 2Gb)
Sushi:   Line: 1 - 5                                                                                 (00:00.000 / 00:06.671, 2Gb)
Sushi: warn  The name "ehealth-predecessor" may not be suitable for machine processing applications such as code generation. Valid names start with an upper-case ASCII letter ('A'..'Z') followed by any combination of upper- or lower-case ASCII letters ('A'..'Z', and 'a'..'z'), numerals ('0'..'9') and '_', with a length limit of 255 characters. (00:00.033 / 00:06.704, 2Gb)
Sushi:   File: /tmp/ig-builds/dk.ehealth.sundhed.fhir.ig.core#10.0.0-milestone/input/fsh/ehealth-ext-predecessor.fsh (00:00.002 / 00:06.706, 2Gb)
Sushi:   Line: 1 - 6                                                                                 (00:00.000 / 00:06.707, 2Gb)
Sushi: warn  The name "ehealth-base" may not be suitable for machine processing applications such as code generation. Valid names start with an upper-case ASCII letter ('A'..'Z') followed by any combination of upper- or lower-case ASCII letters ('A'..'Z', and 'a'..'z'), numerals ('0'..'9') and '_', with a length limit of 255 characters. (00:00.059 / 00:06.766, 2Gb)
Sushi:   File: /tmp/ig-builds/dk.ehealth.sundhed.fhir.ig.core#10.0.0-milestone/input/fsh/ehealth-ext-base.fsh (00:00.001 / 00:06.768, 2Gb)
Sushi:   Line: 1 - 6                                                                                 (00:00.000 / 00:06.769, 2Gb)
Sushi: warn  The name "ehealth-base-environment" may not be suitable for machine processing applications such as code generation. Valid names start with an upper-case ASCII letter ('A'..'Z') followed by any combination of upper- or lower-case ASCII letters ('A'..'Z', and 'a'..'z'), numerals ('0'..'9') and '_', with a length limit of 255 characters. (00:00.057 / 00:06.827, 2Gb)
Sushi:   File: /tmp/ig-builds/dk.ehealth.sundhed.fhir.ig.core#10.0.0-milestone/input/fsh/ehealth-ext-base-environment.fsh (00:00.002 / 00:06.829, 2Gb)
Sushi:   Line: 1 - 6                                                                                 (00:00.000 / 00:06.830, 2Gb)
Sushi: warn  The name "ehealth-appointment" may not be suitable for machine processing applications such as code generation. Valid names start with an upper-case ASCII letter ('A'..'Z') followed by any combination of upper- or lower-case ASCII letters ('A'..'Z', and 'a'..'z'), numerals ('0'..'9') and '_', with a length limit of 255 characters. (00:00.081 / 00:06.911, 2Gb)
Sushi:   File: /tmp/ig-builds/dk.ehealth.sundhed.fhir.ig.core#10.0.0-milestone/input/fsh/ehealth-appointment.fsh (00:00.001 / 00:06.913, 2Gb)
Sushi:   Line: 1 - 31                                                                                (00:00.000 / 00:06.914, 2Gb)
Sushi: warn  The name "ehealth-responsible" may not be suitable for machine processing applications such as code generation. Valid names start with an upper-case ASCII letter ('A'..'Z') followed by any combination of upper- or lower-case ASCII letters ('A'..'Z', and 'a'..'z'), numerals ('0'..'9') and '_', with a length limit of 255 characters. (00:00.001 / 00:06.915, 2Gb)
Sushi:   File: /tmp/ig-builds/dk.ehealth.sundhed.fhir.ig.core#10.0.0-milestone/input/fsh/ehealth-ext-responsible.fsh (00:00.001 / 00:06.917, 2Gb)
Sushi:   Line: 1 - 6                                                                                 (00:00.000 / 00:06.918, 2Gb)
Sushi: warn  The name "ehealth-group-id" may not be suitable for machine processing applications such as code generation. Valid names start with an upper-case ASCII letter ('A'..'Z') followed by any combination of upper- or lower-case ASCII letters ('A'..'Z', and 'a'..'z'), numerals ('0'..'9') and '_', with a length limit of 255 characters. (00:00.027 / 00:06.946, 2Gb)
Sushi:   File: /tmp/ig-builds/dk.ehealth.sundhed.fhir.ig.core#10.0.0-milestone/input/fsh/ehealth-ext-group-id.fsh (00:00.001 / 00:06.948, 2Gb)
Sushi:   Line: 1 - 5                                                                                 (00:00.000 / 00:06.949, 2Gb)
Sushi: warn  The name "ehealth-legalBasis" may not be suitable for machine processing applications such as code generation. Valid names start with an upper-case ASCII letter ('A'..'Z') followed by any combination of upper- or lower-case ASCII letters ('A'..'Z', and 'a'..'z'), numerals ('0'..'9') and '_', with a length limit of 255 characters. (00:00.033 / 00:06.982, 2Gb)
Sushi:   File: /tmp/ig-builds/dk.ehealth.sundhed.fhir.ig.core#10.0.0-milestone/input/fsh/ehealth-ext-legalBasis.fsh (00:00.001 / 00:06.984, 2Gb)
Sushi:   Line: 1 - 6                                                                                 (00:00.000 / 00:06.984, 2Gb)
Sushi: warn  The name "ehealth-releasableResource" may not be suitable for machine processing applications such as code generation. Valid names start with an upper-case ASCII letter ('A'..'Z') followed by any combination of upper- or lower-case ASCII letters ('A'..'Z', and 'a'..'z'), numerals ('0'..'9') and '_', with a length limit of 255 characters. (00:00.046 / 00:07.031, 2Gb)
Sushi:   File: /tmp/ig-builds/dk.ehealth.sundhed.fhir.ig.core#10.0.0-milestone/input/fsh/ehealth-ext-releasableResource.fsh (00:00.002 / 00:07.033, 2Gb)
Sushi:   Line: 1 - 5                                                                                 (00:00.000 / 00:07.034, 2Gb)
Sushi: warn  The name "ehealth-responsible-organization" may not be suitable for machine processing applications such as code generation. Valid names start with an upper-case ASCII letter ('A'..'Z') followed by any combination of upper- or lower-case ASCII letters ('A'..'Z', and 'a'..'z'), numerals ('0'..'9') and '_', with a length limit of 255 characters. (00:00.017 / 00:07.051, 2Gb)
Sushi:   File: /tmp/ig-builds/dk.ehealth.sundhed.fhir.ig.core#10.0.0-milestone/input/fsh/ehealth-ext-responsible-organization.fsh (00:00.002 / 00:07.053, 2Gb)
Sushi:   Line: 1 - 6                                                                                 (00:00.000 / 00:07.054, 2Gb)
Sushi: warn  The name "ehealth-performer" may not be suitable for machine processing applications such as code generation. Valid names start with an upper-case ASCII letter ('A'..'Z') followed by any combination of upper- or lower-case ASCII letters ('A'..'Z', and 'a'..'z'), numerals ('0'..'9') and '_', with a length limit of 255 characters. (00:00.025 / 00:07.080, 2Gb)
Sushi:   File: /tmp/ig-builds/dk.ehealth.sundhed.fhir.ig.core#10.0.0-milestone/input/fsh/ehealth-ext-performer.fsh (00:00.001 / 00:07.082, 2Gb)
Sushi:   Line: 1 - 6                                                                                 (00:00.001 / 00:07.083, 2Gb)
Sushi: warn  The name "ehealth-performing-organization" may not be suitable for machine processing applications such as code generation. Valid names start with an upper-case ASCII letter ('A'..'Z') followed by any combination of upper- or lower-case ASCII letters ('A'..'Z', and 'a'..'z'), numerals ('0'..'9') and '_', with a length limit of 255 characters. (00:00.029 / 00:07.113, 2Gb)
Sushi:   File: /tmp/ig-builds/dk.ehealth.sundhed.fhir.ig.core#10.0.0-milestone/input/fsh/ehealth-ext-performing-organization.fsh (00:00.002 / 00:07.115, 2Gb)
Sushi:   Line: 1 - 6                                                                                 (00:00.000 / 00:07.116, 2Gb)
Sushi: warn  The name "ehealth-ext-careteam" may not be suitable for machine processing applications such as code generation. Valid names start with an upper-case ASCII letter ('A'..'Z') followed by any combination of upper- or lower-case ASCII letters ('A'..'Z', and 'a'..'z'), numerals ('0'..'9') and '_', with a length limit of 255 characters. (00:00.038 / 00:07.154, 2Gb)
Sushi:   File: /tmp/ig-builds/dk.ehealth.sundhed.fhir.ig.core#10.0.0-milestone/input/fsh/ehealth-ext-careteam.fsh (00:00.001 / 00:07.156, 2Gb)
Sushi:   Line: 1 - 6                                                                                 (00:00.000 / 00:07.157, 2Gb)
Sushi: warn  The name "ehealth-auditevent" may not be suitable for machine processing applications such as code generation. Valid names start with an upper-case ASCII letter ('A'..'Z') followed by any combination of upper- or lower-case ASCII letters ('A'..'Z', and 'a'..'z'), numerals ('0'..'9') and '_', with a length limit of 255 characters. (00:00.077 / 00:07.234, 2Gb)
Sushi:   File: /tmp/ig-builds/dk.ehealth.sundhed.fhir.ig.core#10.0.0-milestone/input/fsh/ehealth-auditevent.fsh (00:00.001 / 00:07.236, 2Gb)
Sushi:   Line: 1 - 4                                                                                 (00:00.000 / 00:07.237, 2Gb)
Sushi: warn  The name "ehealth-carecommunication" may not be suitable for machine processing applications such as code generation. Valid names start with an upper-case ASCII letter ('A'..'Z') followed by any combination of upper- or lower-case ASCII letters ('A'..'Z', and 'a'..'z'), numerals ('0'..'9') and '_', with a length limit of 255 characters. (00:00.007 / 00:07.245, 2Gb)
Sushi:   File: /tmp/ig-builds/dk.ehealth.sundhed.fhir.ig.core#10.0.0-milestone/input/fsh/ehealth-carecommunication.fsh (00:00.001 / 00:07.247, 2Gb)
Sushi:   Line: 6 - 120                                                                               (00:00.000 / 00:07.247, 2Gb)
Sushi: warn  The name "ehealth-carecommunication-sender" may not be suitable for machine processing applications such as code generation. Valid names start with an upper-case ASCII letter ('A'..'Z') followed by any combination of upper- or lower-case ASCII letters ('A'..'Z', and 'a'..'z'), numerals ('0'..'9') and '_', with a length limit of 255 characters. (00:00.077 / 00:07.325, 2Gb)
Sushi:   File: /tmp/ig-builds/dk.ehealth.sundhed.fhir.ig.core#10.0.0-milestone/input/fsh/ehealth-carecommunication.fsh (00:00.002 / 00:07.327, 2Gb)
Sushi:   Line: 124 - 140                                                                             (00:00.000 / 00:07.328, 2Gb)
Sushi: warn  The name "ehealth-carecommunication-destination" may not be suitable for machine processing applications such as code generation. Valid names start with an upper-case ASCII letter ('A'..'Z') followed by any combination of upper- or lower-case ASCII letters ('A'..'Z', and 'a'..'z'), numerals ('0'..'9') and '_', with a length limit of 255 characters. (00:00.089 / 00:07.418, 2Gb)
Sushi:   File: /tmp/ig-builds/dk.ehealth.sundhed.fhir.ig.core#10.0.0-milestone/input/fsh/ehealth-carecommunication.fsh (00:00.002 / 00:07.420, 2Gb)
Sushi:   Line: 142 - 147                                                                             (00:00.000 / 00:07.421, 2Gb)
Sushi: warn  The name "ehealth-carecommunication-origin" may not be suitable for machine processing applications such as code generation. Valid names start with an upper-case ASCII letter ('A'..'Z') followed by any combination of upper- or lower-case ASCII letters ('A'..'Z', and 'a'..'z'), numerals ('0'..'9') and '_', with a length limit of 255 characters. (00:00.021 / 00:07.442, 2Gb)
Sushi:   File: /tmp/ig-builds/dk.ehealth.sundhed.fhir.ig.core#10.0.0-milestone/input/fsh/ehealth-carecommunication.fsh (00:00.002 / 00:07.444, 2Gb)
Sushi:   Line: 161 - 165                                                                             (00:00.000 / 00:07.445, 2Gb)
Sushi: warn  The name "ehealth-carecommunication-message-Type" may not be suitable for machine processing applications such as code generation. Valid names start with an upper-case ASCII letter ('A'..'Z') followed by any combination of upper- or lower-case ASCII letters ('A'..'Z', and 'a'..'z'), numerals ('0'..'9') and '_', with a length limit of 255 characters. (00:00.016 / 00:07.461, 2Gb)
Sushi:   File: /tmp/ig-builds/dk.ehealth.sundhed.fhir.ig.core#10.0.0-milestone/input/fsh/ehealth-carecommunication.fsh (00:00.001 / 00:07.463, 2Gb)
Sushi:   Line: 167 - 172                                                                             (00:00.000 / 00:07.464, 2Gb)
Sushi: warn  The name "ehealth-administrative-status" may not be suitable for machine processing applications such as code generation. Valid names start with an upper-case ASCII letter ('A'..'Z') followed by any combination of upper- or lower-case ASCII letters ('A'..'Z', and 'a'..'z'), numerals ('0'..'9') and '_', with a length limit of 255 characters. (00:00.063 / 00:07.527, 2Gb)
Sushi:   File: /tmp/ig-builds/dk.ehealth.sundhed.fhir.ig.core#10.0.0-milestone/input/fsh/ehealth-message.fsh (00:00.002 / 00:07.529, 2Gb)
Sushi:   Line: 67 - 73                                                                               (00:00.000 / 00:07.530, 2Gb)
Sushi: warn  The name "ehealth-carecommunication-datetime" may not be suitable for machine processing applications such as code generation. Valid names start with an upper-case ASCII letter ('A'..'Z') followed by any combination of upper- or lower-case ASCII letters ('A'..'Z', and 'a'..'z'), numerals ('0'..'9') and '_', with a length limit of 255 characters. (00:00.064 / 00:07.594, 2Gb)
Sushi:   File: /tmp/ig-builds/dk.ehealth.sundhed.fhir.ig.core#10.0.0-milestone/input/fsh/ehealth-carecommunication.fsh (00:00.002 / 00:07.596, 2Gb)
Sushi:   Line: 149 - 153                                                                             (00:00.000 / 00:07.597, 2Gb)
Sushi: warn  The name "ehealth-carecommunication-payload-identifier" may not be suitable for machine processing applications such as code generation. Valid names start with an upper-case ASCII letter ('A'..'Z') followed by any combination of upper- or lower-case ASCII letters ('A'..'Z', and 'a'..'z'), numerals ('0'..'9') and '_', with a length limit of 255 characters. (00:00.026 / 00:07.623, 2Gb)
Sushi:   File: /tmp/ig-builds/dk.ehealth.sundhed.fhir.ig.core#10.0.0-milestone/input/fsh/ehealth-carecommunication.fsh (00:00.001 / 00:07.625, 2Gb)
Sushi:   Line: 155 - 159                                                                             (00:00.000 / 00:07.626, 2Gb)
Sushi: warn  The name "ehealth-careplan" may not be suitable for machine processing applications such as code generation. Valid names start with an upper-case ASCII letter ('A'..'Z') followed by any combination of upper- or lower-case ASCII letters ('A'..'Z', and 'a'..'z'), numerals ('0'..'9') and '_', with a length limit of 255 characters. (00:00.153 / 00:07.780, 2Gb)
Sushi:   File: /tmp/ig-builds/dk.ehealth.sundhed.fhir.ig.core#10.0.0-milestone/input/fsh/ehealth-careplan.fsh (00:00.001 / 00:07.781, 2Gb)
Sushi:   Line: 1 - 56                                                                                (00:00.000 / 00:07.782, 2Gb)
Sushi: warn  The name "ehealth-careplan-statusHistory" may not be suitable for machine processing applications such as code generation. Valid names start with an upper-case ASCII letter ('A'..'Z') followed by any combination of upper- or lower-case ASCII letters ('A'..'Z', and 'a'..'z'), numerals ('0'..'9') and '_', with a length limit of 255 characters. (00:00.011 / 00:07.794, 2Gb)
Sushi:   File: /tmp/ig-builds/dk.ehealth.sundhed.fhir.ig.core#10.0.0-milestone/input/fsh/ehealth-careplan.fsh (00:00.001 / 00:07.796, 2Gb)
Sushi:   Line: 58 - 66                                                                               (00:00.001 / 00:07.797, 2Gb)
Sushi: warn  The name "ehealth-teamHistory" may not be suitable for machine processing applications such as code generation. Valid names start with an upper-case ASCII letter ('A'..'Z') followed by any combination of upper- or lower-case ASCII letters ('A'..'Z', and 'a'..'z'), numerals ('0'..'9') and '_', with a length limit of 255 characters. (00:00.088 / 00:07.886, 2Gb)
Sushi:   File: /tmp/ig-builds/dk.ehealth.sundhed.fhir.ig.core#10.0.0-milestone/input/fsh/ehealth-ext-teamHistory.fsh (00:00.002 / 00:07.888, 2Gb)
Sushi:   Line: 1 - 12                                                                                (00:00.001 / 00:07.889, 2Gb)
Sushi: warn  The name "ehealth-careplan-statusschedule" may not be suitable for machine processing applications such as code generation. Valid names start with an upper-case ASCII letter ('A'..'Z') followed by any combination of upper- or lower-case ASCII letters ('A'..'Z', and 'a'..'z'), numerals ('0'..'9') and '_', with a length limit of 255 characters. (00:00.077 / 00:07.966, 2Gb)
Sushi:   File: /tmp/ig-builds/dk.ehealth.sundhed.fhir.ig.core#10.0.0-milestone/input/fsh/ehealth-careplan.fsh (00:00.001 / 00:07.968, 2Gb)
Sushi:   Line: 68 - 77                                                                               (00:00.000 / 00:07.968, 2Gb)
Sushi: warn  The name "ehealth-teamschedule" may not be suitable for machine processing applications such as code generation. Valid names start with an upper-case ASCII letter ('A'..'Z') followed by any combination of upper- or lower-case ASCII letters ('A'..'Z', and 'a'..'z'), numerals ('0'..'9') and '_', with a length limit of 255 characters. (00:00.029 / 00:07.998, 2Gb)
Sushi:   File: /tmp/ig-builds/dk.ehealth.sundhed.fhir.ig.core#10.0.0-milestone/input/fsh/ehealth-ext-teamschedule.fsh (00:00.001 / 00:08.000, 2Gb)
Sushi:   Line: 1 - 15                                                                                (00:00.000 / 00:08.000, 2Gb)
Sushi: warn  The name "ehealth-participant" may not be suitable for machine processing applications such as code generation. Valid names start with an upper-case ASCII letter ('A'..'Z') followed by any combination of upper- or lower-case ASCII letters ('A'..'Z', and 'a'..'z'), numerals ('0'..'9') and '_', with a length limit of 255 characters. (00:00.206 / 00:08.207, 2Gb)
Sushi:   File: /tmp/ig-builds/dk.ehealth.sundhed.fhir.ig.core#10.0.0-milestone/input/fsh/ehealth-ext-participant.fsh (00:00.001 / 00:08.208, 2Gb)
Sushi:   Line: 1 - 21                                                                                (00:00.000 / 00:08.209, 2Gb)
Sushi: warn  The name "ehealth-careteam" may not be suitable for machine processing applications such as code generation. Valid names start with an upper-case ASCII letter ('A'..'Z') followed by any combination of upper- or lower-case ASCII letters ('A'..'Z', and 'a'..'z'), numerals ('0'..'9') and '_', with a length limit of 255 characters. (00:00.161 / 00:08.371, 2Gb)
Sushi:   File: /tmp/ig-builds/dk.ehealth.sundhed.fhir.ig.core#10.0.0-milestone/input/fsh/ehealth-careteam.fsh (00:00.001 / 00:08.373, 2Gb)
Sushi:   Line: 1 - 23                                                                                (00:00.000 / 00:08.373, 2Gb)
Sushi: warn  The name "ehealth-clinicalimpression" may not be suitable for machine processing applications such as code generation. Valid names start with an upper-case ASCII letter ('A'..'Z') followed by any combination of upper- or lower-case ASCII letters ('A'..'Z', and 'a'..'z'), numerals ('0'..'9') and '_', with a length limit of 255 characters. (00:00.074 / 00:08.448, 2Gb)
Sushi:   File: /tmp/ig-builds/dk.ehealth.sundhed.fhir.ig.core#10.0.0-milestone/input/fsh/ehealth-clinicalimpression.fsh (00:00.001 / 00:08.449, 2Gb)
Sushi:   Line: 1 - 35                                                                                (00:00.000 / 00:08.450, 2Gb)
Sushi: warn  The name "ehealth-clinicalimpression-assessor-organization" may not be suitable for machine processing applications such as code generation. Valid names start with an upper-case ASCII letter ('A'..'Z') followed by any combination of upper- or lower-case ASCII letters ('A'..'Z', and 'a'..'z'), numerals ('0'..'9') and '_', with a length limit of 255 characters. (00:00.000 / 00:08.451, 2Gb)
Sushi:   File: /tmp/ig-builds/dk.ehealth.sundhed.fhir.ig.core#10.0.0-milestone/input/fsh/ehealth-clinicalimpression.fsh (00:00.001 / 00:08.452, 2Gb)
Sushi:   Line: 37 - 43                                                                               (00:00.000 / 00:08.453, 2Gb)
Sushi: warn  The name "ehealth-clinicalimpression-assessor-other" may not be suitable for machine processing applications such as code generation. Valid names start with an upper-case ASCII letter ('A'..'Z') followed by any combination of upper- or lower-case ASCII letters ('A'..'Z', and 'a'..'z'), numerals ('0'..'9') and '_', with a length limit of 255 characters. (00:00.024 / 00:08.478, 2Gb)
Sushi:   File: /tmp/ig-builds/dk.ehealth.sundhed.fhir.ig.core#10.0.0-milestone/input/fsh/ehealth-clinicalimpression.fsh (00:00.001 / 00:08.480, 2Gb)
Sushi:   Line: 45 - 51                                                                               (00:00.000 / 00:08.480, 2Gb)
Sushi: warn  The name "ehealth-clinicalimpression-careplan" may not be suitable for machine processing applications such as code generation. Valid names start with an upper-case ASCII letter ('A'..'Z') followed by any combination of upper- or lower-case ASCII letters ('A'..'Z', and 'a'..'z'), numerals ('0'..'9') and '_', with a length limit of 255 characters. (00:00.027 / 00:08.507, 2Gb)
Sushi:   File: /tmp/ig-builds/dk.ehealth.sundhed.fhir.ig.core#10.0.0-milestone/input/fsh/ehealth-clinicalimpression.fsh (00:00.001 / 00:08.509, 2Gb)
Sushi:   Line: 53 - 59                                                                               (00:00.000 / 00:08.510, 2Gb)
Sushi: warn  The name "ehealth-clinicalimpression-decisionContext" may not be suitable for machine processing applications such as code generation. Valid names start with an upper-case ASCII letter ('A'..'Z') followed by any combination of upper- or lower-case ASCII letters ('A'..'Z', and 'a'..'z'), numerals ('0'..'9') and '_', with a length limit of 255 characters. (00:00.029 / 00:08.540, 2Gb)
Sushi:   File: /tmp/ig-builds/dk.ehealth.sundhed.fhir.ig.core#10.0.0-milestone/input/fsh/ehealth-clinicalimpression.fsh (00:00.001 / 00:08.541, 2Gb)
Sushi:   Line: 61 - 68                                                                               (00:00.000 / 00:08.542, 2Gb)
Sushi: warn  The name "ehealth-clinicalimpression-decision" may not be suitable for machine processing applications such as code generation. Valid names start with an upper-case ASCII letter ('A'..'Z') followed by any combination of upper- or lower-case ASCII letters ('A'..'Z', and 'a'..'z'), numerals ('0'..'9') and '_', with a length limit of 255 characters. (00:00.023 / 00:08.566, 2Gb)
Sushi:   File: /tmp/ig-builds/dk.ehealth.sundhed.fhir.ig.core#10.0.0-milestone/input/fsh/ehealth-clinicalimpression.fsh (00:00.001 / 00:08.567, 2Gb)
Sushi:   Line: 70 - 75                                                                               (00:00.000 / 00:08.568, 2Gb)
Sushi: warn  The name "ehealth-questionnaireresponse-finding-basis" may not be suitable for machine processing applications such as code generation. Valid names start with an upper-case ASCII letter ('A'..'Z') followed by any combination of upper- or lower-case ASCII letters ('A'..'Z', and 'a'..'z'), numerals ('0'..'9') and '_', with a length limit of 255 characters. (00:00.059 / 00:08.628, 2Gb)
Sushi:   File: /tmp/ig-builds/dk.ehealth.sundhed.fhir.ig.core#10.0.0-milestone/input/fsh/ehealth-clinicalimpression.fsh (00:00.001 / 00:08.629, 2Gb)
Sushi:   Line: 100 - 116                                                                             (00:00.000 / 00:08.630, 2Gb)
Sushi: warn  The name "ehealth-questionnaire-answerSignificance" may not be suitable for machine processing applications such as code generation. Valid names start with an upper-case ASCII letter ('A'..'Z') followed by any combination of upper- or lower-case ASCII letters ('A'..'Z', and 'a'..'z'), numerals ('0'..'9') and '_', with a length limit of 255 characters. (00:00.127 / 00:08.758, 2Gb)
Sushi:   File: /tmp/ig-builds/dk.ehealth.sundhed.fhir.ig.core#10.0.0-milestone/input/fsh/ehealth-ext-questionnaire-answerSignificance.fsh (00:00.001 / 00:08.759, 2Gb)
Sushi:   Line: 1 - 9                                                                                 (00:00.000 / 00:08.760, 2Gb)
Sushi: warn  The name "ehealth-answer-Condition" may not be suitable for machine processing applications such as code generation. Valid names start with an upper-case ASCII letter ('A'..'Z') followed by any combination of upper- or lower-case ASCII letters ('A'..'Z', and 'a'..'z'), numerals ('0'..'9') and '_', with a length limit of 255 characters. (00:00.006 / 00:08.767, 2Gb)
Sushi:   File: /tmp/ig-builds/dk.ehealth.sundhed.fhir.ig.core#10.0.0-milestone/input/fsh/ehealth-questionnaire.fsh (00:00.001 / 00:08.768, 2Gb)
Sushi:   Line: 98 - 107                                                                              (00:00.000 / 00:08.769, 2Gb)
Sushi: warn  The name "ehealth-clinicalimpression-viewInvestigationItem" may not be suitable for machine processing applications such as code generation. Valid names start with an upper-case ASCII letter ('A'..'Z') followed by any combination of upper- or lower-case ASCII letters ('A'..'Z', and 'a'..'z'), numerals ('0'..'9') and '_', with a length limit of 255 characters. (00:00.172 / 00:08.941, 2Gb)
Sushi:   File: /tmp/ig-builds/dk.ehealth.sundhed.fhir.ig.core#10.0.0-milestone/input/fsh/ehealth-clinicalimpression.fsh (00:00.001 / 00:08.943, 2Gb)
Sushi:   Line: 85 - 91                                                                               (00:00.000 / 00:08.944, 2Gb)
Sushi: warn  The name "ehealth-clinicalimpression-otherItem" may not be suitable for machine processing applications such as code generation. Valid names start with an upper-case ASCII letter ('A'..'Z') followed by any combination of upper- or lower-case ASCII letters ('A'..'Z', and 'a'..'z'), numerals ('0'..'9') and '_', with a length limit of 255 characters. (00:00.026 / 00:08.970, 2Gb)
Sushi:   File: /tmp/ig-builds/dk.ehealth.sundhed.fhir.ig.core#10.0.0-milestone/input/fsh/ehealth-clinicalimpression.fsh (00:00.001 / 00:08.972, 2Gb)
Sushi:   Line: 93 - 98                                                                               (00:00.000 / 00:08.973, 2Gb)
Sushi: warn  The name "ehealth-communication-request" may not be suitable for machine processing applications such as code generation. Valid names start with an upper-case ASCII letter ('A'..'Z') followed by any combination of upper- or lower-case ASCII letters ('A'..'Z', and 'a'..'z'), numerals ('0'..'9') and '_', with a length limit of 255 characters. (00:00.098 / 00:09.071, 2Gb)
Sushi:   File: /tmp/ig-builds/dk.ehealth.sundhed.fhir.ig.core#10.0.0-milestone/input/fsh/ehealth-communication-request.fsh (00:00.001 / 00:09.073, 2Gb)
Sushi:   Line: 1 - 15                                                                                (00:00.000 / 00:09.074, 2Gb)
Sushi: warn  The name "ehealth-communication" may not be suitable for machine processing applications such as code generation. Valid names start with an upper-case ASCII letter ('A'..'Z') followed by any combination of upper- or lower-case ASCII letters ('A'..'Z', and 'a'..'z'), numerals ('0'..'9') and '_', with a length limit of 255 characters. (00:00.035 / 00:09.110, 2Gb)
Sushi:   File: /tmp/ig-builds/dk.ehealth.sundhed.fhir.ig.core#10.0.0-milestone/input/fsh/ehealth-communication.fsh (00:00.001 / 00:09.111, 2Gb)
Sushi:   Line: 1 - 28                                                                                (00:00.000 / 00:09.112, 2Gb)
Sushi: warn  The name "ehealth-communication-recipientCareTeam" may not be suitable for machine processing applications such as code generation. Valid names start with an upper-case ASCII letter ('A'..'Z') followed by any combination of upper- or lower-case ASCII letters ('A'..'Z', and 'a'..'z'), numerals ('0'..'9') and '_', with a length limit of 255 characters. (00:00.010 / 00:09.123, 2Gb)
Sushi:   File: /tmp/ig-builds/dk.ehealth.sundhed.fhir.ig.core#10.0.0-milestone/input/fsh/ehealth-ext-communication-recipientCareTeam.fsh (00:00.001 / 00:09.124, 2Gb)
Sushi:   Line: 1 - 7                                                                                 (00:00.000 / 00:09.125, 2Gb)
Sushi: warn  The name "ehealth-communication-senderCareTeam" may not be suitable for machine processing applications such as code generation. Valid names start with an upper-case ASCII letter ('A'..'Z') followed by any combination of upper- or lower-case ASCII letters ('A'..'Z', and 'a'..'z'), numerals ('0'..'9') and '_', with a length limit of 255 characters. (00:00.025 / 00:09.150, 2Gb)
Sushi:   File: /tmp/ig-builds/dk.ehealth.sundhed.fhir.ig.core#10.0.0-milestone/input/fsh/ehealth-ext-communication-senderCareTeam.fsh (00:00.001 / 00:09.152, 2Gb)
Sushi:   Line: 1 - 7                                                                                 (00:00.000 / 00:09.153, 2Gb)
Sushi: warn  The name "ehealth-restriction-category" may not be suitable for machine processing applications such as code generation. Valid names start with an upper-case ASCII letter ('A'..'Z') followed by any combination of upper- or lower-case ASCII letters ('A'..'Z', and 'a'..'z'), numerals ('0'..'9') and '_', with a length limit of 255 characters. (00:00.027 / 00:09.181, 2Gb)
Sushi:   File: /tmp/ig-builds/dk.ehealth.sundhed.fhir.ig.core#10.0.0-milestone/input/fsh/ehealth-ext-restriction-category.fsh (00:00.001 / 00:09.182, 2Gb)
Sushi:   Line: 1 - 6                                                                                 (00:00.000 / 00:09.183, 2Gb)
Sushi: warn  The name "ehealth-composition" may not be suitable for machine processing applications such as code generation. Valid names start with an upper-case ASCII letter ('A'..'Z') followed by any combination of upper- or lower-case ASCII letters ('A'..'Z', and 'a'..'z'), numerals ('0'..'9') and '_', with a length limit of 255 characters. (00:00.141 / 00:09.324, 2Gb)
Sushi:   File: /tmp/ig-builds/dk.ehealth.sundhed.fhir.ig.core#10.0.0-milestone/input/fsh/ehealth-composition.fsh (00:00.001 / 00:09.326, 2Gb)
Sushi:   Line: 1 - 20                                                                                (00:00.000 / 00:09.326, 2Gb)
Sushi: warn  The name "ehealth-composition-authorOrganization" may not be suitable for machine processing applications such as code generation. Valid names start with an upper-case ASCII letter ('A'..'Z') followed by any combination of upper- or lower-case ASCII letters ('A'..'Z', and 'a'..'z'), numerals ('0'..'9') and '_', with a length limit of 255 characters. (00:00.000 / 00:09.327, 2Gb)
Sushi:   File: /tmp/ig-builds/dk.ehealth.sundhed.fhir.ig.core#10.0.0-milestone/input/fsh/ehealth-composition.fsh (00:00.001 / 00:09.329, 2Gb)
Sushi:   Line: 22 - 29                                                                               (00:00.000 / 00:09.329, 2Gb)
Sushi: warn  The name "ehealth-condition" may not be suitable for machine processing applications such as code generation. Valid names start with an upper-case ASCII letter ('A'..'Z') followed by any combination of upper- or lower-case ASCII letters ('A'..'Z', and 'a'..'z'), numerals ('0'..'9') and '_', with a length limit of 255 characters. (00:00.088 / 00:09.418, 2Gb)
Sushi:   File: /tmp/ig-builds/dk.ehealth.sundhed.fhir.ig.core#10.0.0-milestone/input/fsh/ehealth-condition.fsh (00:00.001 / 00:09.420, 2Gb)
Sushi:   Line: 1 - 17                                                                                (00:00.000 / 00:09.420, 2Gb)
Sushi: warn  The name "ehealth-code-qualification" may not be suitable for machine processing applications such as code generation. Valid names start with an upper-case ASCII letter ('A'..'Z') followed by any combination of upper- or lower-case ASCII letters ('A'..'Z', and 'a'..'z'), numerals ('0'..'9') and '_', with a length limit of 255 characters. (00:00.010 / 00:09.431, 2Gb)
Sushi:   File: /tmp/ig-builds/dk.ehealth.sundhed.fhir.ig.core#10.0.0-milestone/input/fsh/ehealth-condition.fsh (00:00.001 / 00:09.432, 2Gb)
Sushi:   Line: 19 - 24                                                                               (00:00.000 / 00:09.433, 2Gb)
Sushi: warn  The name "ehealth-consent" may not be suitable for machine processing applications such as code generation. Valid names start with an upper-case ASCII letter ('A'..'Z') followed by any combination of upper- or lower-case ASCII letters ('A'..'Z', and 'a'..'z'), numerals ('0'..'9') and '_', with a length limit of 255 characters. (00:00.125 / 00:09.558, 2Gb)
Sushi:   File: /tmp/ig-builds/dk.ehealth.sundhed.fhir.ig.core#10.0.0-milestone/input/fsh/ehealth-consent.fsh (00:00.001 / 00:09.560, 2Gb)
Sushi:   Line: 1 - 21                                                                                (00:00.000 / 00:09.561, 2Gb)
Sushi: warn  The name "ehealth-consent-affiliation" may not be suitable for machine processing applications such as code generation. Valid names start with an upper-case ASCII letter ('A'..'Z') followed by any combination of upper- or lower-case ASCII letters ('A'..'Z', and 'a'..'z'), numerals ('0'..'9') and '_', with a length limit of 255 characters. (00:00.001 / 00:09.562, 2Gb)
Sushi:   File: /tmp/ig-builds/dk.ehealth.sundhed.fhir.ig.core#10.0.0-milestone/input/fsh/ehealth-consent.fsh (00:00.001 / 00:09.564, 2Gb)
Sushi:   Line: 23 - 29                                                                               (00:00.000 / 00:09.564, 2Gb)
Sushi: warn  The name "ehealth-definedquestion" may not be suitable for machine processing applications such as code generation. Valid names start with an upper-case ASCII letter ('A'..'Z') followed by any combination of upper- or lower-case ASCII letters ('A'..'Z', and 'a'..'z'), numerals ('0'..'9') and '_', with a length limit of 255 characters. (00:00.095 / 00:09.660, 2Gb)
Sushi:   File: /tmp/ig-builds/dk.ehealth.sundhed.fhir.ig.core#10.0.0-milestone/input/fsh/ehealth-definedquestion.fsh (00:00.001 / 00:09.661, 2Gb)
Sushi:   Line: 1 - 3                                                                                 (00:00.000 / 00:09.662, 2Gb)
Sushi: warn  The name "ehealth-device" may not be suitable for machine processing applications such as code generation. Valid names start with an upper-case ASCII letter ('A'..'Z') followed by any combination of upper- or lower-case ASCII letters ('A'..'Z', and 'a'..'z'), numerals ('0'..'9') and '_', with a length limit of 255 characters. (00:00.007 / 00:09.670, 2Gb)
Sushi:   File: /tmp/ig-builds/dk.ehealth.sundhed.fhir.ig.core#10.0.0-milestone/input/fsh/ehealth-device.fsh (00:00.001 / 00:09.671, 2Gb)
Sushi:   Line: 1 - 14                                                                                (00:00.000 / 00:09.672, 2Gb)
Sushi: warn  The name "ehealth-device-privatelyOwned" may not be suitable for machine processing applications such as code generation. Valid names start with an upper-case ASCII letter ('A'..'Z') followed by any combination of upper- or lower-case ASCII letters ('A'..'Z', and 'a'..'z'), numerals ('0'..'9') and '_', with a length limit of 255 characters. (00:00.000 / 00:09.672, 2Gb)
Sushi:   File: /tmp/ig-builds/dk.ehealth.sundhed.fhir.ig.core#10.0.0-milestone/input/fsh/ehealth-device.fsh (00:00.001 / 00:09.674, 2Gb)
Sushi:   Line: 16 - 20                                                                               (00:00.000 / 00:09.675, 2Gb)
Sushi: warn  The name "ehealth-device-suppliers" may not be suitable for machine processing applications such as code generation. Valid names start with an upper-case ASCII letter ('A'..'Z') followed by any combination of upper- or lower-case ASCII letters ('A'..'Z', and 'a'..'z'), numerals ('0'..'9') and '_', with a length limit of 255 characters. (00:00.017 / 00:09.692, 2Gb)
Sushi:   File: /tmp/ig-builds/dk.ehealth.sundhed.fhir.ig.core#10.0.0-milestone/input/fsh/ehealth-device.fsh (00:00.001 / 00:09.693, 2Gb)
Sushi:   Line: 22 - 32                                                                               (00:00.000 / 00:09.694, 2Gb)
Sushi: warn  The name "ehealth-device-registrationToken" may not be suitable for machine processing applications such as code generation. Valid names start with an upper-case ASCII letter ('A'..'Z') followed by any combination of upper- or lower-case ASCII letters ('A'..'Z', and 'a'..'z'), numerals ('0'..'9') and '_', with a length limit of 255 characters. (00:00.067 / 00:09.761, 2Gb)
Sushi:   File: /tmp/ig-builds/dk.ehealth.sundhed.fhir.ig.core#10.0.0-milestone/input/fsh/ehealth-device.fsh (00:00.001 / 00:09.763, 2Gb)
Sushi:   Line: 34 - 38                                                                               (00:00.000 / 00:09.764, 2Gb)
Sushi: warn  The name "ehealth-device-platform" may not be suitable for machine processing applications such as code generation. Valid names start with an upper-case ASCII letter ('A'..'Z') followed by any combination of upper- or lower-case ASCII letters ('A'..'Z', and 'a'..'z'), numerals ('0'..'9') and '_', with a length limit of 255 characters. (00:00.033 / 00:09.798, 2Gb)
Sushi:   File: /tmp/ig-builds/dk.ehealth.sundhed.fhir.ig.core#10.0.0-milestone/input/fsh/ehealth-device.fsh (00:00.001 / 00:09.799, 2Gb)
Sushi:   Line: 40 - 45                                                                               (00:00.000 / 00:09.800, 2Gb)
Sushi: warn  The name "ehealth-devicemetric" may not be suitable for machine processing applications such as code generation. Valid names start with an upper-case ASCII letter ('A'..'Z') followed by any combination of upper- or lower-case ASCII letters ('A'..'Z', and 'a'..'z'), numerals ('0'..'9') and '_', with a length limit of 255 characters. (00:00.054 / 00:09.855, 2Gb)
Sushi:   File: /tmp/ig-builds/dk.ehealth.sundhed.fhir.ig.core#10.0.0-milestone/input/fsh/ehealth-devicemetric.fsh (00:00.001 / 00:09.857, 2Gb)
Sushi:   Line: 1 - 14                                                                                (00:00.000 / 00:09.857, 2Gb)
Sushi: warn  The name "ehealth-devicemetric-properties" may not be suitable for machine processing applications such as code generation. Valid names start with an upper-case ASCII letter ('A'..'Z') followed by any combination of upper- or lower-case ASCII letters ('A'..'Z', and 'a'..'z'), numerals ('0'..'9') and '_', with a length limit of 255 characters. (00:00.000 / 00:09.858, 2Gb)
Sushi:   File: /tmp/ig-builds/dk.ehealth.sundhed.fhir.ig.core#10.0.0-milestone/input/fsh/ehealth-devicemetric.fsh (00:00.001 / 00:09.859, 2Gb)
Sushi:   Line: 16 - 26                                                                               (00:00.000 / 00:09.860, 2Gb)
Sushi: warn  The name "ehealth-devicemetric-qualities" may not be suitable for machine processing applications such as code generation. Valid names start with an upper-case ASCII letter ('A'..'Z') followed by any combination of upper- or lower-case ASCII letters ('A'..'Z', and 'a'..'z'), numerals ('0'..'9') and '_', with a length limit of 255 characters. (00:00.265 / 00:10.126, 2Gb)
Sushi:   File: /tmp/ig-builds/dk.ehealth.sundhed.fhir.ig.core#10.0.0-milestone/input/fsh/ehealth-devicemetric.fsh (00:00.002 / 00:10.128, 2Gb)
Sushi:   Line: 28 - 38                                                                               (00:00.000 / 00:10.128, 2Gb)
Sushi: warn  The name "ehealth-devicemetric-qualityHistory" may not be suitable for machine processing applications such as code generation. Valid names start with an upper-case ASCII letter ('A'..'Z') followed by any combination of upper- or lower-case ASCII letters ('A'..'Z', and 'a'..'z'), numerals ('0'..'9') and '_', with a length limit of 255 characters. (00:00.104 / 00:10.233, 2Gb)
Sushi:   File: /tmp/ig-builds/dk.ehealth.sundhed.fhir.ig.core#10.0.0-milestone/input/fsh/ehealth-devicemetric.fsh (00:00.001 / 00:10.235, 2Gb)
Sushi:   Line: 40 - 53                                                                               (00:00.000 / 00:10.235, 2Gb)
Sushi: warn  The name "ehealth-devicemetric-templateQualities" may not be suitable for machine processing applications such as code generation. Valid names start with an upper-case ASCII letter ('A'..'Z') followed by any combination of upper- or lower-case ASCII letters ('A'..'Z', and 'a'..'z'), numerals ('0'..'9') and '_', with a length limit of 255 characters. (00:00.172 / 00:10.408, 2Gb)
Sushi:   File: /tmp/ig-builds/dk.ehealth.sundhed.fhir.ig.core#10.0.0-milestone/input/fsh/ehealth-devicemetric.fsh (00:00.001 / 00:10.409, 2Gb)
Sushi:   Line: 55 - 64                                                                               (00:00.000 / 00:10.410, 2Gb)
Sushi: warn  The name "ehealth-devicemetric-calibrationExpires" may not be suitable for machine processing applications such as code generation. Valid names start with an upper-case ASCII letter ('A'..'Z') followed by any combination of upper- or lower-case ASCII letters ('A'..'Z', and 'a'..'z'), numerals ('0'..'9') and '_', with a length limit of 255 characters. (00:00.112 / 00:10.523, 2Gb)
Sushi:   File: /tmp/ig-builds/dk.ehealth.sundhed.fhir.ig.core#10.0.0-milestone/input/fsh/ehealth-devicemetric.fsh (00:00.001 / 00:10.524, 2Gb)
Sushi:   Line: 66 - 70                                                                               (00:00.000 / 00:10.525, 2Gb)
Sushi: warn  The name "ehealth-deviceusestatement" may not be suitable for machine processing applications such as code generation. Valid names start with an upper-case ASCII letter ('A'..'Z') followed by any combination of upper- or lower-case ASCII letters ('A'..'Z', and 'a'..'z'), numerals ('0'..'9') and '_', with a length limit of 255 characters. (00:00.029 / 00:10.554, 2Gb)
Sushi:   File: /tmp/ig-builds/dk.ehealth.sundhed.fhir.ig.core#10.0.0-milestone/input/fsh/ehealth-deviceusestatement.fsh (00:00.001 / 00:10.556, 2Gb)
Sushi:   Line: 1 - 13                                                                                (00:00.000 / 00:10.557, 2Gb)
Sushi: warn  The name "ehealth-deviceusestatement-context" may not be suitable for machine processing applications such as code generation. Valid names start with an upper-case ASCII letter ('A'..'Z') followed by any combination of upper- or lower-case ASCII letters ('A'..'Z', and 'a'..'z'), numerals ('0'..'9') and '_', with a length limit of 255 characters. (00:00.000 / 00:10.557, 2Gb)
Sushi:   File: /tmp/ig-builds/dk.ehealth.sundhed.fhir.ig.core#10.0.0-milestone/input/fsh/ehealth-deviceusestatement.fsh (00:00.001 / 00:10.559, 2Gb)
Sushi:   Line: 15 - 21                                                                               (00:00.000 / 00:10.560, 2Gb)
Sushi: warn  The name "ehealth-documentreference" may not be suitable for machine processing applications such as code generation. Valid names start with an upper-case ASCII letter ('A'..'Z') followed by any combination of upper- or lower-case ASCII letters ('A'..'Z', and 'a'..'z'), numerals ('0'..'9') and '_', with a length limit of 255 characters. (00:00.076 / 00:10.637, 2Gb)
Sushi:   File: /tmp/ig-builds/dk.ehealth.sundhed.fhir.ig.core#10.0.0-milestone/input/fsh/ehealth-documentreference.fsh (00:00.001 / 00:10.638, 2Gb)
Sushi:   Line: 1 - 30                                                                                (00:00.000 / 00:10.639, 2Gb)
Sushi: warn  The name "ehealth-intendedOrganization" may not be suitable for machine processing applications such as code generation. Valid names start with an upper-case ASCII letter ('A'..'Z') followed by any combination of upper- or lower-case ASCII letters ('A'..'Z', and 'a'..'z'), numerals ('0'..'9') and '_', with a length limit of 255 characters. (00:00.072 / 00:10.712, 2Gb)
Sushi:   File: /tmp/ig-builds/dk.ehealth.sundhed.fhir.ig.core#10.0.0-milestone/input/fsh/ehealth-ext-intendedOrganization.fsh (00:00.001 / 00:10.713, 2Gb)
Sushi:   Line: 1 - 7                                                                                 (00:00.000 / 00:10.714, 2Gb)
Sushi: warn  The name "ehealth-artifact-date" may not be suitable for machine processing applications such as code generation. Valid names start with an upper-case ASCII letter ('A'..'Z') followed by any combination of upper- or lower-case ASCII letters ('A'..'Z', and 'a'..'z'), numerals ('0'..'9') and '_', with a length limit of 255 characters. (00:00.027 / 00:10.741, 2Gb)
Sushi:   File: /tmp/ig-builds/dk.ehealth.sundhed.fhir.ig.core#10.0.0-milestone/input/fsh/ehealth-ext-artifact-date.fsh (00:00.001 / 00:10.742, 2Gb)
Sushi:   Line: 1 - 6                                                                                 (00:00.000 / 00:10.743, 2Gb)
Sushi: warn  The name "ehealth-usage" may not be suitable for machine processing applications such as code generation. Valid names start with an upper-case ASCII letter ('A'..'Z') followed by any combination of upper- or lower-case ASCII letters ('A'..'Z', and 'a'..'z'), numerals ('0'..'9') and '_', with a length limit of 255 characters. (00:00.030 / 00:10.773, 2Gb)
Sushi:   File: /tmp/ig-builds/dk.ehealth.sundhed.fhir.ig.core#10.0.0-milestone/input/fsh/ehealth-ext-usage.fsh (00:00.001 / 00:10.775, 2Gb)
Sushi:   Line: 1 - 5                                                                                 (00:00.000 / 00:10.776, 2Gb)
Sushi: warn  The name "ehealth-endpoint" may not be suitable for machine processing applications such as code generation. Valid names start with an upper-case ASCII letter ('A'..'Z') followed by any combination of upper- or lower-case ASCII letters ('A'..'Z', and 'a'..'z'), numerals ('0'..'9') and '_', with a length limit of 255 characters. (00:00.049 / 00:10.825, 2Gb)
Sushi:   File: /tmp/ig-builds/dk.ehealth.sundhed.fhir.ig.core#10.0.0-milestone/input/fsh/ehealth-endpoint.fsh (00:00.001 / 00:10.826, 2Gb)
Sushi:   Line: 1 - 7                                                                                 (00:00.000 / 00:10.827, 2Gb)
Sushi: warn  The name "ehealth-episodeofcare" may not be suitable for machine processing applications such as code generation. Valid names start with an upper-case ASCII letter ('A'..'Z') followed by any combination of upper- or lower-case ASCII letters ('A'..'Z', and 'a'..'z'), numerals ('0'..'9') and '_', with a length limit of 255 characters. (00:00.006 / 00:10.833, 2Gb)
Sushi:   File: /tmp/ig-builds/dk.ehealth.sundhed.fhir.ig.core#10.0.0-milestone/input/fsh/ehealth-episodeofcare.fsh (00:00.001 / 00:10.835, 2Gb)
Sushi:   Line: 1 - 23                                                                                (00:00.000 / 00:10.835, 2Gb)
Sushi: warn  The name "ehealth-episodeofcare-caremanagerOrganization" may not be suitable for machine processing applications such as code generation. Valid names start with an upper-case ASCII letter ('A'..'Z') followed by any combination of upper- or lower-case ASCII letters ('A'..'Z', and 'a'..'z'), numerals ('0'..'9') and '_', with a length limit of 255 characters. (00:00.000 / 00:10.836, 2Gb)
Sushi:   File: /tmp/ig-builds/dk.ehealth.sundhed.fhir.ig.core#10.0.0-milestone/input/fsh/ehealth-episodeofcare.fsh (00:00.001 / 00:10.837, 2Gb)
Sushi:   Line: 25 - 31                                                                               (00:00.000 / 00:10.838, 2Gb)
Sushi: warn  The name "ehealth-episodeofcare-statusschedule" may not be suitable for machine processing applications such as code generation. Valid names start with an upper-case ASCII letter ('A'..'Z') followed by any combination of upper- or lower-case ASCII letters ('A'..'Z', and 'a'..'z'), numerals ('0'..'9') and '_', with a length limit of 255 characters. (00:00.025 / 00:10.864, 2Gb)
Sushi:   File: /tmp/ig-builds/dk.ehealth.sundhed.fhir.ig.core#10.0.0-milestone/input/fsh/ehealth-episodeofcare.fsh (00:00.001 / 00:10.865, 2Gb)
Sushi:   Line: 33 - 43                                                                               (00:00.000 / 00:10.866, 2Gb)
Sushi: warn  The name "ehealth-managing-organization" may not be suitable for machine processing applications such as code generation. Valid names start with an upper-case ASCII letter ('A'..'Z') followed by any combination of upper- or lower-case ASCII letters ('A'..'Z', and 'a'..'z'), numerals ('0'..'9') and '_', with a length limit of 255 characters. (00:00.045 / 00:10.912, 2Gb)
Sushi:   File: /tmp/ig-builds/dk.ehealth.sundhed.fhir.ig.core#10.0.0-milestone/input/fsh/ehealth-episodeofcare.fsh (00:00.002 / 00:10.914, 2Gb)
Sushi:   Line: 45 - 59                                                                               (00:00.000 / 00:10.914, 2Gb)
Sushi: warn  The name "ehealth-goal" may not be suitable for machine processing applications such as code generation. Valid names start with an upper-case ASCII letter ('A'..'Z') followed by any combination of upper- or lower-case ASCII letters ('A'..'Z', and 'a'..'z'), numerals ('0'..'9') and '_', with a length limit of 255 characters. (00:00.119 / 00:11.034, 2Gb)
Sushi:   File: /tmp/ig-builds/dk.ehealth.sundhed.fhir.ig.core#10.0.0-milestone/input/fsh/ehealth-goal.fsh (00:00.001 / 00:11.036, 2Gb)
Sushi:   Line: 1 - 13                                                                                (00:00.000 / 00:11.037, 2Gb)
Sushi: warn  The name "ehealth-group-appointment" may not be suitable for machine processing applications such as code generation. Valid names start with an upper-case ASCII letter ('A'..'Z') followed by any combination of upper- or lower-case ASCII letters ('A'..'Z', and 'a'..'z'), numerals ('0'..'9') and '_', with a length limit of 255 characters. (00:00.061 / 00:11.099, 2Gb)
Sushi:   File: /tmp/ig-builds/dk.ehealth.sundhed.fhir.ig.core#10.0.0-milestone/input/fsh/ehealth-group-appointment.fsh (00:00.001 / 00:11.101, 2Gb)
Sushi:   Line: 1 - 34                                                                                (00:00.000 / 00:11.101, 2Gb)
Sushi: warn  The name "ehealth-creator" may not be suitable for machine processing applications such as code generation. Valid names start with an upper-case ASCII letter ('A'..'Z') followed by any combination of upper- or lower-case ASCII letters ('A'..'Z', and 'a'..'z'), numerals ('0'..'9') and '_', with a length limit of 255 characters. (00:00.006 / 00:11.108, 2Gb)
Sushi:   File: /tmp/ig-builds/dk.ehealth.sundhed.fhir.ig.core#10.0.0-milestone/input/fsh/ehealth-ext-creator.fsh (00:00.001 / 00:11.110, 2Gb)
Sushi:   Line: 1 - 6                                                                                 (00:00.000 / 00:11.111, 2Gb)
Sushi: warn  The name "ehealth-registration-deadline" may not be suitable for machine processing applications such as code generation. Valid names start with an upper-case ASCII letter ('A'..'Z') followed by any combination of upper- or lower-case ASCII letters ('A'..'Z', and 'a'..'z'), numerals ('0'..'9') and '_', with a length limit of 255 characters. (00:00.025 / 00:11.136, 2Gb)
Sushi:   File: /tmp/ig-builds/dk.ehealth.sundhed.fhir.ig.core#10.0.0-milestone/input/fsh/ehealth-ext-registration-deadline.fsh (00:00.002 / 00:11.138, 2Gb)
Sushi:   Line: 1 - 5                                                                                 (00:00.000 / 00:11.139, 2Gb)
Sushi: warn  The name "ehealth-assigning-careteam" may not be suitable for machine processing applications such as code generation. Valid names start with an upper-case ASCII letter ('A'..'Z') followed by any combination of upper- or lower-case ASCII letters ('A'..'Z', and 'a'..'z'), numerals ('0'..'9') and '_', with a length limit of 255 characters. (00:00.087 / 00:11.226, 2Gb)
Sushi:   File: /tmp/ig-builds/dk.ehealth.sundhed.fhir.ig.core#10.0.0-milestone/input/fsh/ehealth-ext-assigning-careteam.fsh (00:00.001 / 00:11.228, 2Gb)
Sushi:   Line: 1 - 5                                                                                 (00:00.000 / 00:11.229, 2Gb)
Sushi: warn  The name "ehealth-group-videoappointment" may not be suitable for machine processing applications such as code generation. Valid names start with an upper-case ASCII letter ('A'..'Z') followed by any combination of upper- or lower-case ASCII letters ('A'..'Z', and 'a'..'z'), numerals ('0'..'9') and '_', with a length limit of 255 characters. (00:00.047 / 00:11.277, 2Gb)
Sushi:   File: /tmp/ig-builds/dk.ehealth.sundhed.fhir.ig.core#10.0.0-milestone/input/fsh/ehealth-group-videoappointment.fsh (00:00.001 / 00:11.279, 2Gb)
Sushi:   Line: 1 - 43                                                                                (00:00.000 / 00:11.280, 2Gb)
Sushi: warn  The name "ehealth-end-meeting-on-end-time" may not be suitable for machine processing applications such as code generation. Valid names start with an upper-case ASCII letter ('A'..'Z') followed by any combination of upper- or lower-case ASCII letters ('A'..'Z', and 'a'..'z'), numerals ('0'..'9') and '_', with a length limit of 255 characters. (00:00.000 / 00:11.281, 2Gb)
Sushi:   File: /tmp/ig-builds/dk.ehealth.sundhed.fhir.ig.core#10.0.0-milestone/input/fsh/ehealth-ext-end-meeting-on-end-time.fsh (00:00.001 / 00:11.282, 2Gb)
Sushi:   Line: 1 - 5                                                                                 (00:00.000 / 00:11.283, 2Gb)
Sushi: warn  The name "ehealth-max-participants" may not be suitable for machine processing applications such as code generation. Valid names start with an upper-case ASCII letter ('A'..'Z') followed by any combination of upper- or lower-case ASCII letters ('A'..'Z', and 'a'..'z'), numerals ('0'..'9') and '_', with a length limit of 255 characters. (00:00.019 / 00:11.302, 2Gb)
Sushi:   File: /tmp/ig-builds/dk.ehealth.sundhed.fhir.ig.core#10.0.0-milestone/input/fsh/ehealth-ext-max-participants.fsh (00:00.001 / 00:11.304, 2Gb)
Sushi:   Line: 1 - 5                                                                                 (00:00.000 / 00:11.304, 2Gb)
Sushi: warn  The name "ehealth-meeting-url" may not be suitable for machine processing applications such as code generation. Valid names start with an upper-case ASCII letter ('A'..'Z') followed by any combination of upper- or lower-case ASCII letters ('A'..'Z', and 'a'..'z'), numerals ('0'..'9') and '_', with a length limit of 255 characters. (00:00.028 / 00:11.333, 2Gb)
Sushi:   File: /tmp/ig-builds/dk.ehealth.sundhed.fhir.ig.core#10.0.0-milestone/input/fsh/ehealth-ext-meeting-url.fsh (00:00.001 / 00:11.335, 2Gb)
Sushi:   Line: 1 - 5                                                                                 (00:00.000 / 00:11.336, 2Gb)
Sushi: warn  The name "ehealth-vmr-uri" may not be suitable for machine processing applications such as code generation. Valid names start with an upper-case ASCII letter ('A'..'Z') followed by any combination of upper- or lower-case ASCII letters ('A'..'Z', and 'a'..'z'), numerals ('0'..'9') and '_', with a length limit of 255 characters. (00:00.038 / 00:11.374, 2Gb)
Sushi:   File: /tmp/ig-builds/dk.ehealth.sundhed.fhir.ig.core#10.0.0-milestone/input/fsh/ehealth-ext-vmr-uri.fsh (00:00.001 / 00:11.375, 2Gb)
Sushi:   Line: 1 - 5                                                                                 (00:00.000 / 00:11.376, 2Gb)
Sushi: warn  The name "ehealth-guest-pin-code" may not be suitable for machine processing applications such as code generation. Valid names start with an upper-case ASCII letter ('A'..'Z') followed by any combination of upper- or lower-case ASCII letters ('A'..'Z', and 'a'..'z'), numerals ('0'..'9') and '_', with a length limit of 255 characters. (00:00.039 / 00:11.415, 2Gb)
Sushi:   File: /tmp/ig-builds/dk.ehealth.sundhed.fhir.ig.core#10.0.0-milestone/input/fsh/ehealth-ext-guest-pin-code.fsh (00:00.001 / 00:11.417, 2Gb)
Sushi:   Line: 1 - 5                                                                                 (00:00.000 / 00:11.417, 2Gb)
Sushi: warn  The name "ehealth-host-pin-code" may not be suitable for machine processing applications such as code generation. Valid names start with an upper-case ASCII letter ('A'..'Z') followed by any combination of upper- or lower-case ASCII letters ('A'..'Z', and 'a'..'z'), numerals ('0'..'9') and '_', with a length limit of 255 characters. (00:00.032 / 00:11.450, 2Gb)
Sushi:   File: /tmp/ig-builds/dk.ehealth.sundhed.fhir.ig.core#10.0.0-milestone/input/fsh/ehealth-ext-host-pin-code.fsh (00:00.001 / 00:11.452, 2Gb)
Sushi:   Line: 1 - 5                                                                                 (00:00.000 / 00:11.452, 2Gb)
Sushi: warn  The name "ehealth-guidanceresponse" may not be suitable for machine processing applications such as code generation. Valid names start with an upper-case ASCII letter ('A'..'Z') followed by any combination of upper- or lower-case ASCII letters ('A'..'Z', and 'a'..'z'), numerals ('0'..'9') and '_', with a length limit of 255 characters. (00:00.110 / 00:11.563, 2Gb)
Sushi:   File: /tmp/ig-builds/dk.ehealth.sundhed.fhir.ig.core#10.0.0-milestone/input/fsh/ehealth-guidanceresponse.fsh (00:00.001 / 00:11.565, 2Gb)
Sushi:   Line: 1 - 15                                                                                (00:00.000 / 00:11.565, 2Gb)
Sushi: warn  The name "ehealth-guidanceresponse-episodeOfCare" may not be suitable for machine processing applications such as code generation. Valid names start with an upper-case ASCII letter ('A'..'Z') followed by any combination of upper- or lower-case ASCII letters ('A'..'Z', and 'a'..'z'), numerals ('0'..'9') and '_', with a length limit of 255 characters. (00:00.000 / 00:11.566, 2Gb)
Sushi:   File: /tmp/ig-builds/dk.ehealth.sundhed.fhir.ig.core#10.0.0-milestone/input/fsh/ehealth-guidanceresponse.fsh (00:00.001 / 00:11.567, 2Gb)
Sushi:   Line: 17 - 22                                                                               (00:00.000 / 00:11.568, 2Gb)
Sushi: warn  The name "ehealth-library" may not be suitable for machine processing applications such as code generation. Valid names start with an upper-case ASCII letter ('A'..'Z') followed by any combination of upper- or lower-case ASCII letters ('A'..'Z', and 'a'..'z'), numerals ('0'..'9') and '_', with a length limit of 255 characters. (00:00.088 / 00:11.656, 2Gb)
Sushi:   File: /tmp/ig-builds/dk.ehealth.sundhed.fhir.ig.core#10.0.0-milestone/input/fsh/ehealth-library.fsh (00:00.001 / 00:11.658, 2Gb)
Sushi:   Line: 1 - 12                                                                                (00:00.000 / 00:11.659, 2Gb)
Sushi: warn  The name "ehealth-revision" may not be suitable for machine processing applications such as code generation. Valid names start with an upper-case ASCII letter ('A'..'Z') followed by any combination of upper- or lower-case ASCII letters ('A'..'Z', and 'a'..'z'), numerals ('0'..'9') and '_', with a length limit of 255 characters. (00:00.001 / 00:11.660, 2Gb)
Sushi:   File: /tmp/ig-builds/dk.ehealth.sundhed.fhir.ig.core#10.0.0-milestone/input/fsh/ehealth-ext-revision.fsh (00:00.001 / 00:11.662, 2Gb)
Sushi:   Line: 1 - 6                                                                                 (00:00.000 / 00:11.662, 2Gb)
Sushi: warn  The name "ehealth-aggregation-mode" may not be suitable for machine processing applications such as code generation. Valid names start with an upper-case ASCII letter ('A'..'Z') followed by any combination of upper- or lower-case ASCII letters ('A'..'Z', and 'a'..'z'), numerals ('0'..'9') and '_', with a length limit of 255 characters. (00:00.034 / 00:11.697, 2Gb)
Sushi:   File: /tmp/ig-builds/dk.ehealth.sundhed.fhir.ig.core#10.0.0-milestone/input/fsh/ehealth-ext-aggregation-mode.fsh (00:00.001 / 00:11.698, 2Gb)
Sushi:   Line: 1 - 7                                                                                 (00:00.000 / 00:11.699, 2Gb)
Sushi: warn  The name "ehealth-material-communication" may not be suitable for machine processing applications such as code generation. Valid names start with an upper-case ASCII letter ('A'..'Z') followed by any combination of upper- or lower-case ASCII letters ('A'..'Z', and 'a'..'z'), numerals ('0'..'9') and '_', with a length limit of 255 characters. (00:00.054 / 00:11.754, 2Gb)
Sushi:   File: /tmp/ig-builds/dk.ehealth.sundhed.fhir.ig.core#10.0.0-milestone/input/fsh/ehealth-material-communication.fsh (00:00.001 / 00:11.756, 2Gb)
Sushi:   Line: 1 - 21                                                                                (00:00.000 / 00:11.756, 2Gb)
Sushi: warn  The name "ehealth-period" may not be suitable for machine processing applications such as code generation. Valid names start with an upper-case ASCII letter ('A'..'Z') followed by any combination of upper- or lower-case ASCII letters ('A'..'Z', and 'a'..'z'), numerals ('0'..'9') and '_', with a length limit of 255 characters. (00:00.035 / 00:11.792, 2Gb)
Sushi:   File: /tmp/ig-builds/dk.ehealth.sundhed.fhir.ig.core#10.0.0-milestone/input/fsh/ehealth-ext-period.fsh (00:00.001 / 00:11.794, 2Gb)
Sushi:   Line: 1 - 6                                                                                 (00:00.000 / 00:11.794, 2Gb)
Sushi: warn  The name "ehealth-media" may not be suitable for machine processing applications such as code generation. Valid names start with an upper-case ASCII letter ('A'..'Z') followed by any combination of upper- or lower-case ASCII letters ('A'..'Z', and 'a'..'z'), numerals ('0'..'9') and '_', with a length limit of 255 characters. (00:00.081 / 00:11.876, 2Gb)
Sushi:   File: /tmp/ig-builds/dk.ehealth.sundhed.fhir.ig.core#10.0.0-milestone/input/fsh/ehealth-media.fsh (00:00.001 / 00:11.877, 2Gb)
Sushi:   Line: 1 - 33                                                                                (00:00.000 / 00:11.878, 2Gb)
Sushi: warn  The name "ehealth-resolved-timing" may not be suitable for machine processing applications such as code generation. Valid names start with an upper-case ASCII letter ('A'..'Z') followed by any combination of upper- or lower-case ASCII letters ('A'..'Z', and 'a'..'z'), numerals ('0'..'9') and '_', with a length limit of 255 characters. (00:00.013 / 00:11.891, 2Gb)
Sushi:   File: /tmp/ig-builds/dk.ehealth.sundhed.fhir.ig.core#10.0.0-milestone/input/fsh/ehealth-ext-resolved-timing.fsh (00:00.001 / 00:11.892, 2Gb)
Sushi:   Line: 1 - 18                                                                                (00:00.000 / 00:11.893, 2Gb)
Sushi: warn  The name "ehealth-media-thumbnail" may not be suitable for machine processing applications such as code generation. Valid names start with an upper-case ASCII letter ('A'..'Z') followed by any combination of upper- or lower-case ASCII letters ('A'..'Z', and 'a'..'z'), numerals ('0'..'9') and '_', with a length limit of 255 characters. (00:00.092 / 00:11.986, 2Gb)
Sushi:   File: /tmp/ig-builds/dk.ehealth.sundhed.fhir.ig.core#10.0.0-milestone/input/fsh/ehealth-media.fsh (00:00.001 / 00:11.988, 2Gb)
Sushi:   Line: 55 - 76                                                                               (00:00.000 / 00:11.988, 2Gb)
Sushi: warn  The name "ehealth-media-usage-mode" may not be suitable for machine processing applications such as code generation. Valid names start with an upper-case ASCII letter ('A'..'Z') followed by any combination of upper- or lower-case ASCII letters ('A'..'Z', and 'a'..'z'), numerals ('0'..'9') and '_', with a length limit of 255 characters. (00:00.173 / 00:12.162, 2Gb)
Sushi:   File: /tmp/ig-builds/dk.ehealth.sundhed.fhir.ig.core#10.0.0-milestone/input/fsh/ehealth-media.fsh (00:00.001 / 00:12.164, 2Gb)
Sushi:   Line: 35 - 40                                                                               (00:00.000 / 00:12.165, 2Gb)
Sushi: warn  The name "ehealth-media-related-to" may not be suitable for machine processing applications such as code generation. Valid names start with an upper-case ASCII letter ('A'..'Z') followed by any combination of upper- or lower-case ASCII letters ('A'..'Z', and 'a'..'z'), numerals ('0'..'9') and '_', with a length limit of 255 characters. (00:00.015 / 00:12.180, 2Gb)
Sushi:   File: /tmp/ig-builds/dk.ehealth.sundhed.fhir.ig.core#10.0.0-milestone/input/fsh/ehealth-media.fsh (00:00.002 / 00:12.182, 2Gb)
Sushi:   Line: 42 - 47                                                                               (00:00.000 / 00:12.183, 2Gb)
Sushi: warn  The name "ehealth-media-series-id" may not be suitable for machine processing applications such as code generation. Valid names start with an upper-case ASCII letter ('A'..'Z') followed by any combination of upper- or lower-case ASCII letters ('A'..'Z', and 'a'..'z'), numerals ('0'..'9') and '_', with a length limit of 255 characters. (00:00.015 / 00:12.198, 2Gb)
Sushi:   File: /tmp/ig-builds/dk.ehealth.sundhed.fhir.ig.core#10.0.0-milestone/input/fsh/ehealth-media.fsh (00:00.001 / 00:12.200, 2Gb)
Sushi:   Line: 49 - 53                                                                               (00:00.000 / 00:12.200, 2Gb)
Sushi: warn  The name "ehealth-message" may not be suitable for machine processing applications such as code generation. Valid names start with an upper-case ASCII letter ('A'..'Z') followed by any combination of upper- or lower-case ASCII letters ('A'..'Z', and 'a'..'z'), numerals ('0'..'9') and '_', with a length limit of 255 characters. (00:00.109 / 00:12.310, 2Gb)
Sushi:   File: /tmp/ig-builds/dk.ehealth.sundhed.fhir.ig.core#10.0.0-milestone/input/fsh/ehealth-message.fsh (00:00.001 / 00:12.312, 2Gb)
Sushi:   Line: 1 - 59                                                                                (00:00.000 / 00:12.312, 2Gb)
Sushi: warn  The name "ehealth-thread-id" may not be suitable for machine processing applications such as code generation. Valid names start with an upper-case ASCII letter ('A'..'Z') followed by any combination of upper- or lower-case ASCII letters ('A'..'Z', and 'a'..'z'), numerals ('0'..'9') and '_', with a length limit of 255 characters. (00:00.010 / 00:12.323, 2Gb)
Sushi:   File: /tmp/ig-builds/dk.ehealth.sundhed.fhir.ig.core#10.0.0-milestone/input/fsh/ehealth-message.fsh (00:00.001 / 00:12.325, 2Gb)
Sushi:   Line: 61 - 65                                                                               (00:00.000 / 00:12.326, 2Gb)
Sushi: warn  The name "ehealth-title" may not be suitable for machine processing applications such as code generation. Valid names start with an upper-case ASCII letter ('A'..'Z') followed by any combination of upper- or lower-case ASCII letters ('A'..'Z', and 'a'..'z'), numerals ('0'..'9') and '_', with a length limit of 255 characters. (00:00.037 / 00:12.363, 2Gb)
Sushi:   File: /tmp/ig-builds/dk.ehealth.sundhed.fhir.ig.core#10.0.0-milestone/input/fsh/ehealth-message.fsh (00:00.001 / 00:12.365, 2Gb)
Sushi:   Line: 75 - 79                                                                               (00:00.000 / 00:12.366, 2Gb)
Sushi: warn  The name "ehealth-priority" may not be suitable for machine processing applications such as code generation. Valid names start with an upper-case ASCII letter ('A'..'Z') followed by any combination of upper- or lower-case ASCII letters ('A'..'Z', and 'a'..'z'), numerals ('0'..'9') and '_', with a length limit of 255 characters. (00:00.032 / 00:12.398, 2Gb)
Sushi:   File: /tmp/ig-builds/dk.ehealth.sundhed.fhir.ig.core#10.0.0-milestone/input/fsh/ehealth-message.fsh (00:00.001 / 00:12.400, 2Gb)
Sushi:   Line: 81 - 86                                                                               (00:00.000 / 00:12.401, 2Gb)
Sushi: warn  The name "ehealth-on-behalf-of" may not be suitable for machine processing applications such as code generation. Valid names start with an upper-case ASCII letter ('A'..'Z') followed by any combination of upper- or lower-case ASCII letters ('A'..'Z', and 'a'..'z'), numerals ('0'..'9') and '_', with a length limit of 255 characters. (00:00.026 / 00:12.428, 2Gb)
Sushi:   File: /tmp/ig-builds/dk.ehealth.sundhed.fhir.ig.core#10.0.0-milestone/input/fsh/ehealth-message.fsh (00:00.001 / 00:12.430, 2Gb)
Sushi:   Line: 88 - 94                                                                               (00:00.000 / 00:12.431, 2Gb)
Sushi: warn  The name "ehealth-message-author" may not be suitable for machine processing applications such as code generation. Valid names start with an upper-case ASCII letter ('A'..'Z') followed by any combination of upper- or lower-case ASCII letters ('A'..'Z', and 'a'..'z'), numerals ('0'..'9') and '_', with a length limit of 255 characters. (00:00.024 / 00:12.456, 2Gb)
Sushi:   File: /tmp/ig-builds/dk.ehealth.sundhed.fhir.ig.core#10.0.0-milestone/input/fsh/ehealth-ext-message-author.fsh (00:00.001 / 00:12.457, 2Gb)
Sushi:   Line: 1 - 7                                                                                 (00:00.000 / 00:12.458, 2Gb)
Sushi: warn  The name "ehealth-observation" may not be suitable for machine processing applications such as code generation. Valid names start with an upper-case ASCII letter ('A'..'Z') followed by any combination of upper- or lower-case ASCII letters ('A'..'Z', and 'a'..'z'), numerals ('0'..'9') and '_', with a length limit of 255 characters. (00:00.177 / 00:12.636, 2Gb)
Sushi:   File: /tmp/ig-builds/dk.ehealth.sundhed.fhir.ig.core#10.0.0-milestone/input/fsh/ehealth-observation.fsh (00:00.001 / 00:12.638, 2Gb)
Sushi:   Line: 1 - 27                                                                                (00:00.000 / 00:12.639, 2Gb)
Sushi: warn  The name "ehealth-observation-wound-dimensions" may not be suitable for machine processing applications such as code generation. Valid names start with an upper-case ASCII letter ('A'..'Z') followed by any combination of upper- or lower-case ASCII letters ('A'..'Z', and 'a'..'z'), numerals ('0'..'9') and '_', with a length limit of 255 characters. (00:00.105 / 00:12.745, 2Gb)
Sushi:   File: /tmp/ig-builds/dk.ehealth.sundhed.fhir.ig.core#10.0.0-milestone/input/fsh/ehealth-observation-wound-dimensions.fsh (00:00.001 / 00:12.746, 2Gb)
Sushi:   Line: 1 - 42                                                                                (00:00.000 / 00:12.747, 2Gb)
Sushi: warn  The name "ehealth-observation-method" may not be suitable for machine processing applications such as code generation. Valid names start with an upper-case ASCII letter ('A'..'Z') followed by any combination of upper- or lower-case ASCII letters ('A'..'Z', and 'a'..'z'), numerals ('0'..'9') and '_', with a length limit of 255 characters. (00:00.012 / 00:12.759, 2Gb)
Sushi:   File: /tmp/ig-builds/dk.ehealth.sundhed.fhir.ig.core#10.0.0-milestone/input/fsh/ehealth-observation-wound-dimensions.fsh (00:00.001 / 00:12.761, 2Gb)
Sushi:   Line: 44 - 49                                                                               (00:00.000 / 00:12.761, 2Gb)
Sushi: warn  The name "ehealth-organization" may not be suitable for machine processing applications such as code generation. Valid names start with an upper-case ASCII letter ('A'..'Z') followed by any combination of upper- or lower-case ASCII letters ('A'..'Z', and 'a'..'z'), numerals ('0'..'9') and '_', with a length limit of 255 characters. (00:00.171 / 00:12.933, 2Gb)
Sushi:   File: /tmp/ig-builds/dk.ehealth.sundhed.fhir.ig.core#10.0.0-milestone/input/fsh/ehealth-organization.fsh (00:00.001 / 00:12.934, 2Gb)
Sushi:   Line: 1 - 30                                                                                (00:00.000 / 00:12.935, 2Gb)
Sushi: warn  The name "ehealth-organization-cvrNumber" may not be suitable for machine processing applications such as code generation. Valid names start with an upper-case ASCII letter ('A'..'Z') followed by any combination of upper- or lower-case ASCII letters ('A'..'Z', and 'a'..'z'), numerals ('0'..'9') and '_', with a length limit of 255 characters. (00:00.000 / 00:12.935, 2Gb)
Sushi:   File: /tmp/ig-builds/dk.ehealth.sundhed.fhir.ig.core#10.0.0-milestone/input/fsh/ehealth-organization.fsh (00:00.001 / 00:12.937, 2Gb)
Sushi:   Line: 49 - 54                                                                               (00:00.000 / 00:12.938, 2Gb)
Sushi: warn  The name "ehealth-organization-regionCode" may not be suitable for machine processing applications such as code generation. Valid names start with an upper-case ASCII letter ('A'..'Z') followed by any combination of upper- or lower-case ASCII letters ('A'..'Z', and 'a'..'z'), numerals ('0'..'9') and '_', with a length limit of 255 characters. (00:00.032 / 00:12.970, 2Gb)
Sushi:   File: /tmp/ig-builds/dk.ehealth.sundhed.fhir.ig.core#10.0.0-milestone/input/fsh/ehealth-organization.fsh (00:00.001 / 00:12.972, 2Gb)
Sushi:   Line: 64 - 69                                                                               (00:00.000 / 00:12.972, 2Gb)
Sushi: warn  The name "ehealth-organization-municipalityCode" may not be suitable for machine processing applications such as code generation. Valid names start with an upper-case ASCII letter ('A'..'Z') followed by any combination of upper- or lower-case ASCII letters ('A'..'Z', and 'a'..'z'), numerals ('0'..'9') and '_', with a length limit of 255 characters. (00:00.031 / 00:13.004, 2Gb)
Sushi:   File: /tmp/ig-builds/dk.ehealth.sundhed.fhir.ig.core#10.0.0-milestone/input/fsh/ehealth-organization.fsh (00:00.001 / 00:13.006, 2Gb)
Sushi:   Line: 71 - 75                                                                               (00:00.000 / 00:13.006, 2Gb)
Sushi: warn  The name "ehealth-organization-source" may not be suitable for machine processing applications such as code generation. Valid names start with an upper-case ASCII letter ('A'..'Z') followed by any combination of upper- or lower-case ASCII letters ('A'..'Z', and 'a'..'z'), numerals ('0'..'9') and '_', with a length limit of 255 characters. (00:00.032 / 00:13.039, 2Gb)
Sushi:   File: /tmp/ig-builds/dk.ehealth.sundhed.fhir.ig.core#10.0.0-milestone/input/fsh/ehealth-organization.fsh (00:00.001 / 00:13.040, 2Gb)
Sushi:   Line: 84 - 90                                                                               (00:00.000 / 00:13.041, 2Gb)
Sushi: warn  The name "ehealth-organization-synchronizationStatus" may not be suitable for machine processing applications such as code generation. Valid names start with an upper-case ASCII letter ('A'..'Z') followed by any combination of upper- or lower-case ASCII letters ('A'..'Z', and 'a'..'z'), numerals ('0'..'9') and '_', with a length limit of 255 characters. (00:00.045 / 00:13.086, 2Gb)
Sushi:   File: /tmp/ig-builds/dk.ehealth.sundhed.fhir.ig.core#10.0.0-milestone/input/fsh/ehealth-organization.fsh (00:00.001 / 00:13.088, 2Gb)
Sushi:   Line: 108 - 114                                                                             (00:00.000 / 00:13.089, 2Gb)
Sushi: warn  The name "ehealth-organization-providerIdentifier" may not be suitable for machine processing applications such as code generation. Valid names start with an upper-case ASCII letter ('A'..'Z') followed by any combination of upper- or lower-case ASCII letters ('A'..'Z', and 'a'..'z'), numerals ('0'..'9') and '_', with a length limit of 255 characters. (00:00.048 / 00:13.137, 2Gb)
Sushi:   File: /tmp/ig-builds/dk.ehealth.sundhed.fhir.ig.core#10.0.0-milestone/input/fsh/ehealth-organization.fsh (00:00.001 / 00:13.139, 2Gb)
Sushi:   Line: 77 - 82                                                                               (00:00.000 / 00:13.139, 2Gb)
Sushi: warn  The name "ehealth-organization-specialty" may not be suitable for machine processing applications such as code generation. Valid names start with an upper-case ASCII letter ('A'..'Z') followed by any combination of upper- or lower-case ASCII letters ('A'..'Z', and 'a'..'z'), numerals ('0'..'9') and '_', with a length limit of 255 characters. (00:00.032 / 00:13.172, 2Gb)
Sushi:   File: /tmp/ig-builds/dk.ehealth.sundhed.fhir.ig.core#10.0.0-milestone/input/fsh/ehealth-organization.fsh (00:00.001 / 00:13.173, 2Gb)
Sushi:   Line: 116 - 131                                                                             (00:00.000 / 00:13.174, 2Gb)
Sushi: warn  The name "ehealth-organization-relatedTo" may not be suitable for machine processing applications such as code generation. Valid names start with an upper-case ASCII letter ('A'..'Z') followed by any combination of upper- or lower-case ASCII letters ('A'..'Z', and 'a'..'z'), numerals ('0'..'9') and '_', with a length limit of 255 characters. (00:00.075 / 00:13.250, 2Gb)
Sushi:   File: /tmp/ig-builds/dk.ehealth.sundhed.fhir.ig.core#10.0.0-milestone/input/fsh/ehealth-organization.fsh (00:00.001 / 00:13.251, 2Gb)
Sushi:   Line: 33 - 47                                                                               (00:00.000 / 00:13.252, 2Gb)
Sushi: warn  The name "ehealth-organization-telecomValue" may not be suitable for machine processing applications such as code generation. Valid names start with an upper-case ASCII letter ('A'..'Z') followed by any combination of upper- or lower-case ASCII letters ('A'..'Z', and 'a'..'z'), numerals ('0'..'9') and '_', with a length limit of 255 characters. (00:00.113 / 00:13.366, 2Gb)
Sushi:   File: /tmp/ig-builds/dk.ehealth.sundhed.fhir.ig.core#10.0.0-milestone/input/fsh/ehealth-organization.fsh (00:00.001 / 00:13.367, 2Gb)
Sushi:   Line: 56 - 61                                                                               (00:00.000 / 00:13.368, 2Gb)
Sushi: warn  The name "ehealth-organization-telecomSystem" may not be suitable for machine processing applications such as code generation. Valid names start with an upper-case ASCII letter ('A'..'Z') followed by any combination of upper- or lower-case ASCII letters ('A'..'Z', and 'a'..'z'), numerals ('0'..'9') and '_', with a length limit of 255 characters. (00:00.032 / 00:13.400, 2Gb)
Sushi:   File: /tmp/ig-builds/dk.ehealth.sundhed.fhir.ig.core#10.0.0-milestone/input/fsh/ehealth-organization.fsh (00:00.001 / 00:13.402, 2Gb)
Sushi:   Line: 92 - 98                                                                               (00:00.000 / 00:13.402, 2Gb)
Sushi: warn  The name "ehealth-organization-telecomCustodian" may not be suitable for machine processing applications such as code generation. Valid names start with an upper-case ASCII letter ('A'..'Z') followed by any combination of upper- or lower-case ASCII letters ('A'..'Z', and 'a'..'z'), numerals ('0'..'9') and '_', with a length limit of 255 characters. (00:00.045 / 00:13.448, 2Gb)
Sushi:   File: /tmp/ig-builds/dk.ehealth.sundhed.fhir.ig.core#10.0.0-milestone/input/fsh/ehealth-organization.fsh (00:00.001 / 00:13.450, 2Gb)
Sushi:   Line: 100 - 106                                                                             (00:00.000 / 00:13.450, 2Gb)
Sushi: warn  The name "ehealth-patient" may not be suitable for machine processing applications such as code generation. Valid names start with an upper-case ASCII letter ('A'..'Z') followed by any combination of upper- or lower-case ASCII letters ('A'..'Z', and 'a'..'z'), numerals ('0'..'9') and '_', with a length limit of 255 characters. (00:00.070 / 00:13.521, 2Gb)
Sushi:   File: /tmp/ig-builds/dk.ehealth.sundhed.fhir.ig.core#10.0.0-milestone/input/fsh/ehealth-patient.fsh (00:00.001 / 00:13.523, 2Gb)
Sushi:   Line: 1 - 52                                                                                (00:00.000 / 00:13.524, 2Gb)
Sushi: warn  The name "ehealth-itcompetencelevel" may not be suitable for machine processing applications such as code generation. Valid names start with an upper-case ASCII letter ('A'..'Z') followed by any combination of upper- or lower-case ASCII letters ('A'..'Z', and 'a'..'z'), numerals ('0'..'9') and '_', with a length limit of 255 characters. (00:00.000 / 00:13.524, 2Gb)
Sushi:   File: /tmp/ig-builds/dk.ehealth.sundhed.fhir.ig.core#10.0.0-milestone/input/fsh/ehealth-patient.fsh (00:00.001 / 00:13.526, 2Gb)
Sushi:   Line: 54 - 66                                                                               (00:00.000 / 00:13.526, 2Gb)
Sushi: warn  Extension ehealth-itcompetencelevel has a description field that should not be empty.   (00:00.000 / 00:13.527, 2Gb)
Sushi: warn  The name "patient-interpreterRequired" may not be suitable for machine processing applications such as code generation. Valid names start with an upper-case ASCII letter ('A'..'Z') followed by any combination of upper- or lower-case ASCII letters ('A'..'Z', and 'a'..'z'), numerals ('0'..'9') and '_', with a length limit of 255 characters. (00:00.102 / 00:13.629, 2Gb)
Sushi:   File: /tmp/ig-builds/dk.ehealth.sundhed.fhir.ig.core#10.0.0-milestone/input/fsh/ehealth-patient.fsh (00:00.001 / 00:13.631, 2Gb)
Sushi:   Line: 68 - 72                                                                               (00:00.000 / 00:13.631, 2Gb)
Sushi: warn  The name "ehealth-general-health-condition" may not be suitable for machine processing applications such as code generation. Valid names start with an upper-case ASCII letter ('A'..'Z') followed by any combination of upper- or lower-case ASCII letters ('A'..'Z', and 'a'..'z'), numerals ('0'..'9') and '_', with a length limit of 255 characters. (00:00.017 / 00:13.649, 2Gb)
Sushi:   File: /tmp/ig-builds/dk.ehealth.sundhed.fhir.ig.core#10.0.0-milestone/input/fsh/ehealth-patient.fsh (00:00.001 / 00:13.651, 2Gb)
Sushi:   Line: 74 - 83                                                                               (00:00.000 / 00:13.651, 2Gb)
Sushi: warn  The name "ehealth-nameandaddressprotection" may not be suitable for machine processing applications such as code generation. Valid names start with an upper-case ASCII letter ('A'..'Z') followed by any combination of upper- or lower-case ASCII letters ('A'..'Z', and 'a'..'z'), numerals ('0'..'9') and '_', with a length limit of 255 characters. (00:00.074 / 00:13.725, 2Gb)
Sushi:   File: /tmp/ig-builds/dk.ehealth.sundhed.fhir.ig.core#10.0.0-milestone/input/fsh/ehealth-ext-nameandaddressprotection.fsh (00:00.001 / 00:13.727, 2Gb)
Sushi:   Line: 1 - 6                                                                                 (00:00.000 / 00:13.728, 2Gb)
Sushi: warn  The name "ehealth-patient-contactnote" may not be suitable for machine processing applications such as code generation. Valid names start with an upper-case ASCII letter ('A'..'Z') followed by any combination of upper- or lower-case ASCII letters ('A'..'Z', and 'a'..'z'), numerals ('0'..'9') and '_', with a length limit of 255 characters. (00:00.087 / 00:13.816, 2Gb)
Sushi:   File: /tmp/ig-builds/dk.ehealth.sundhed.fhir.ig.core#10.0.0-milestone/input/fsh/ehealth-ext-patient-contactnote.fsh (00:00.001 / 00:13.817, 2Gb)
Sushi:   Line: 1 - 5                                                                                 (00:00.000 / 00:13.818, 2Gb)
Sushi: warn  At least one slice of Patient.generalPractitioner has a max greater than the overall element max. The max of the following slice(s) has been reduced to match the max of Patient.generalPractitioner: referencedSORUnit (00:00.040 / 00:13.859, 2Gb)
Sushi: warn  The name "ehealth-plandefinition" may not be suitable for machine processing applications such as code generation. Valid names start with an upper-case ASCII letter ('A'..'Z') followed by any combination of upper- or lower-case ASCII letters ('A'..'Z', and 'a'..'z'), numerals ('0'..'9') and '_', with a length limit of 255 characters. (00:00.068 / 00:13.927, 2Gb)
Sushi:   File: /tmp/ig-builds/dk.ehealth.sundhed.fhir.ig.core#10.0.0-milestone/input/fsh/ehealth-plandefinition.fsh (00:00.001 / 00:13.929, 2Gb)
Sushi:   Line: 1 - 20                                                                                (00:00.000 / 00:13.929, 2Gb)
Sushi: warn  The name "ehealth-overviewUsageMode" may not be suitable for machine processing applications such as code generation. Valid names start with an upper-case ASCII letter ('A'..'Z') followed by any combination of upper- or lower-case ASCII letters ('A'..'Z', and 'a'..'z'), numerals ('0'..'9') and '_', with a length limit of 255 characters. (00:00.015 / 00:13.945, 2Gb)
Sushi:   File: /tmp/ig-builds/dk.ehealth.sundhed.fhir.ig.core#10.0.0-milestone/input/fsh/ehealth-ext-overviewUsageMode.fsh (00:00.001 / 00:13.947, 2Gb)
Sushi:   Line: 1 - 7                                                                                 (00:00.000 / 00:13.948, 2Gb)
Sushi: warn  The name "ehealth-actionTrigger" may not be suitable for machine processing applications such as code generation. Valid names start with an upper-case ASCII letter ('A'..'Z') followed by any combination of upper- or lower-case ASCII letters ('A'..'Z', and 'a'..'z'), numerals ('0'..'9') and '_', with a length limit of 255 characters. (00:00.050 / 00:13.998, 2Gb)
Sushi:   File: /tmp/ig-builds/dk.ehealth.sundhed.fhir.ig.core#10.0.0-milestone/input/fsh/ehealth-plandefinition.fsh (00:00.001 / 00:14.000, 2Gb)
Sushi:   Line: 22 - 42                                                                               (00:00.000 / 00:14.001, 2Gb)
Sushi: warn  The name "ehealth-triggerCondition" may not be suitable for machine processing applications such as code generation. Valid names start with an upper-case ASCII letter ('A'..'Z') followed by any combination of upper- or lower-case ASCII letters ('A'..'Z', and 'a'..'z'), numerals ('0'..'9') and '_', with a length limit of 255 characters. (00:00.006 / 00:14.007, 2Gb)
Sushi:   File: /tmp/ig-builds/dk.ehealth.sundhed.fhir.ig.core#10.0.0-milestone/input/fsh/ehealth-ext-triggerCondition.fsh (00:00.001 / 00:14.009, 2Gb)
Sushi:   Line: 1 - 12                                                                                (00:00.000 / 00:14.009, 2Gb)
Sushi: warn  The name "ehealth-include-as-extra" may not be suitable for machine processing applications such as code generation. Valid names start with an upper-case ASCII letter ('A'..'Z') followed by any combination of upper- or lower-case ASCII letters ('A'..'Z', and 'a'..'z'), numerals ('0'..'9') and '_', with a length limit of 255 characters. (00:00.097 / 00:14.107, 2Gb)
Sushi:   File: /tmp/ig-builds/dk.ehealth.sundhed.fhir.ig.core#10.0.0-milestone/input/fsh/ehealth-ext-include-as-extra.fsh (00:00.001 / 00:14.109, 2Gb)
Sushi:   Line: 1 - 6                                                                                 (00:00.000 / 00:14.110, 2Gb)
Sushi: warn  The name "ehealth-aggregate-group-id" may not be suitable for machine processing applications such as code generation. Valid names start with an upper-case ASCII letter ('A'..'Z') followed by any combination of upper- or lower-case ASCII letters ('A'..'Z', and 'a'..'z'), numerals ('0'..'9') and '_', with a length limit of 255 characters. (00:00.017 / 00:14.127, 2Gb)
Sushi:   File: /tmp/ig-builds/dk.ehealth.sundhed.fhir.ig.core#10.0.0-milestone/input/fsh/ehealth-ext-aggregate-group-id.fsh (00:00.001 / 00:14.128, 2Gb)
Sushi:   Line: 1 - 5                                                                                 (00:00.000 / 00:14.129, 2Gb)
Sushi: warn  The name "ehealth-practitioner" may not be suitable for machine processing applications such as code generation. Valid names start with an upper-case ASCII letter ('A'..'Z') followed by any combination of upper- or lower-case ASCII letters ('A'..'Z', and 'a'..'z'), numerals ('0'..'9') and '_', with a length limit of 255 characters. (00:00.039 / 00:14.168, 2Gb)
Sushi:   File: /tmp/ig-builds/dk.ehealth.sundhed.fhir.ig.core#10.0.0-milestone/input/fsh/ehealth-practitioner.fsh (00:00.001 / 00:14.170, 2Gb)
Sushi:   Line: 1 - 13                                                                                (00:00.000 / 00:14.171, 2Gb)
Sushi: warn  The name "ehealth-provider-affiliation" may not be suitable for machine processing applications such as code generation. Valid names start with an upper-case ASCII letter ('A'..'Z') followed by any combination of upper- or lower-case ASCII letters ('A'..'Z', and 'a'..'z'), numerals ('0'..'9') and '_', with a length limit of 255 characters. (00:00.006 / 00:14.177, 2Gb)
Sushi:   File: /tmp/ig-builds/dk.ehealth.sundhed.fhir.ig.core#10.0.0-milestone/input/fsh/ehealth-practitioner.fsh (00:00.002 / 00:14.179, 2Gb)
Sushi:   Line: 15 - 28                                                                               (00:00.000 / 00:14.180, 2Gb)
Sushi: warn  The name "ehealth-practitionerrole" may not be suitable for machine processing applications such as code generation. Valid names start with an upper-case ASCII letter ('A'..'Z') followed by any combination of upper- or lower-case ASCII letters ('A'..'Z', and 'a'..'z'), numerals ('0'..'9') and '_', with a length limit of 255 characters. (00:00.065 / 00:14.245, 2Gb)
Sushi:   File: /tmp/ig-builds/dk.ehealth.sundhed.fhir.ig.core#10.0.0-milestone/input/fsh/ehealth-practitionerrole.fsh (00:00.001 / 00:14.247, 2Gb)
Sushi:   Line: 1 - 8                                                                                 (00:00.000 / 00:14.248, 2Gb)
Sushi: warn  The name "ehealth-provenance" may not be suitable for machine processing applications such as code generation. Valid names start with an upper-case ASCII letter ('A'..'Z') followed by any combination of upper- or lower-case ASCII letters ('A'..'Z', and 'a'..'z'), numerals ('0'..'9') and '_', with a length limit of 255 characters. (00:00.027 / 00:14.275, 2Gb)
Sushi:   File: /tmp/ig-builds/dk.ehealth.sundhed.fhir.ig.core#10.0.0-milestone/input/fsh/ehealth-provenance.fsh (00:00.001 / 00:14.277, 2Gb)
Sushi:   Line: 1 - 8                                                                                 (00:00.000 / 00:14.278, 2Gb)
Sushi: warn  The name "ehealth-provenance-dateTimeOfReusedEntity" may not be suitable for machine processing applications such as code generation. Valid names start with an upper-case ASCII letter ('A'..'Z') followed by any combination of upper- or lower-case ASCII letters ('A'..'Z', and 'a'..'z'), numerals ('0'..'9') and '_', with a length limit of 255 characters. (00:00.000 / 00:14.278, 2Gb)
Sushi:   File: /tmp/ig-builds/dk.ehealth.sundhed.fhir.ig.core#10.0.0-milestone/input/fsh/ehealth-provenance.fsh (00:00.002 / 00:14.280, 2Gb)
Sushi:   Line: 10 - 15                                                                               (00:00.000 / 00:14.281, 2Gb)
Sushi: warn  The name "ehealth-questionnaire" may not be suitable for machine processing applications such as code generation. Valid names start with an upper-case ASCII letter ('A'..'Z') followed by any combination of upper- or lower-case ASCII letters ('A'..'Z', and 'a'..'z'), numerals ('0'..'9') and '_', with a length limit of 255 characters. (00:00.099 / 00:14.380, 2Gb)
Sushi:   File: /tmp/ig-builds/dk.ehealth.sundhed.fhir.ig.core#10.0.0-milestone/input/fsh/ehealth-questionnaire.fsh (00:00.001 / 00:14.382, 2Gb)
Sushi:   Line: 1 - 39                                                                                (00:00.000 / 00:14.383, 2Gb)
Sushi: warn  The name "ehealth-questionnaire-recommendation" may not be suitable for machine processing applications such as code generation. Valid names start with an upper-case ASCII letter ('A'..'Z') followed by any combination of upper- or lower-case ASCII letters ('A'..'Z', and 'a'..'z'), numerals ('0'..'9') and '_', with a length limit of 255 characters. (00:00.000 / 00:14.384, 2Gb)
Sushi:   File: /tmp/ig-builds/dk.ehealth.sundhed.fhir.ig.core#10.0.0-milestone/input/fsh/ehealth-questionnaire.fsh (00:00.001 / 00:14.385, 2Gb)
Sushi:   Line: 48 - 54                                                                               (00:00.000 / 00:14.386, 2Gb)
Sushi: warn  The name "ehealth-questionnaire-intendedOrganization" may not be suitable for machine processing applications such as code generation. Valid names start with an upper-case ASCII letter ('A'..'Z') followed by any combination of upper- or lower-case ASCII letters ('A'..'Z', and 'a'..'z'), numerals ('0'..'9') and '_', with a length limit of 255 characters. (00:00.050 / 00:14.437, 2Gb)
Sushi:   File: /tmp/ig-builds/dk.ehealth.sundhed.fhir.ig.core#10.0.0-milestone/input/fsh/ehealth-questionnaire.fsh (00:00.002 / 00:14.439, 2Gb)
Sushi:   Line: 56 - 62                                                                               (00:00.000 / 00:14.440, 2Gb)
Sushi: warn  The name "ehealth-questionnaire-type" may not be suitable for machine processing applications such as code generation. Valid names start with an upper-case ASCII letter ('A'..'Z') followed by any combination of upper- or lower-case ASCII letters ('A'..'Z', and 'a'..'z'), numerals ('0'..'9') and '_', with a length limit of 255 characters. (00:00.027 / 00:14.467, 2Gb)
Sushi:   File: /tmp/ig-builds/dk.ehealth.sundhed.fhir.ig.core#10.0.0-milestone/input/fsh/ehealth-questionnaire.fsh (00:00.002 / 00:14.469, 2Gb)
Sushi:   Line: 64 - 70                                                                               (00:00.000 / 00:14.470, 2Gb)
Sushi: warn  The name "ehealth-questionnaire-sliderStepValueDecimal" may not be suitable for machine processing applications such as code generation. Valid names start with an upper-case ASCII letter ('A'..'Z') followed by any combination of upper- or lower-case ASCII letters ('A'..'Z', and 'a'..'z'), numerals ('0'..'9') and '_', with a length limit of 255 characters. (00:00.059 / 00:14.529, 2Gb)
Sushi:   File: /tmp/ig-builds/dk.ehealth.sundhed.fhir.ig.core#10.0.0-milestone/input/fsh/ehealth-questionnaire.fsh (00:00.002 / 00:14.531, 2Gb)
Sushi:   Line: 41 - 46                                                                               (00:00.000 / 00:14.532, 2Gb)
Sushi: warn  The name "ehealth-questionnaire-feedback" may not be suitable for machine processing applications such as code generation. Valid names start with an upper-case ASCII letter ('A'..'Z') followed by any combination of upper- or lower-case ASCII letters ('A'..'Z', and 'a'..'z'), numerals ('0'..'9') and '_', with a length limit of 255 characters. (00:00.024 / 00:14.557, 2Gb)
Sushi:   File: /tmp/ig-builds/dk.ehealth.sundhed.fhir.ig.core#10.0.0-milestone/input/fsh/ehealth-questionnaire.fsh (00:00.002 / 00:14.559, 2Gb)
Sushi:   Line: 72 - 85                                                                               (00:00.000 / 00:14.560, 2Gb)
Sushi: warn  The name "ehealth-questionnaire-image" may not be suitable for machine processing applications such as code generation. Valid names start with an upper-case ASCII letter ('A'..'Z') followed by any combination of upper- or lower-case ASCII letters ('A'..'Z', and 'a'..'z'), numerals ('0'..'9') and '_', with a length limit of 255 characters. (00:00.071 / 00:14.631, 2Gb)
Sushi:   File: /tmp/ig-builds/dk.ehealth.sundhed.fhir.ig.core#10.0.0-milestone/input/fsh/ehealth-questionnaire.fsh (00:00.002 / 00:14.633, 2Gb)
Sushi:   Line: 87 - 96                                                                               (00:00.000 / 00:14.634, 2Gb)
Sushi: warn  The name "ehealth-questionnaire-shortText" may not be suitable for machine processing applications such as code generation. Valid names start with an upper-case ASCII letter ('A'..'Z') followed by any combination of upper- or lower-case ASCII letters ('A'..'Z', and 'a'..'z'), numerals ('0'..'9') and '_', with a length limit of 255 characters. (00:00.046 / 00:14.681, 2Gb)
Sushi:   File: /tmp/ig-builds/dk.ehealth.sundhed.fhir.ig.core#10.0.0-milestone/input/fsh/ehealth-ext-questionnaire-shortText.fsh (00:00.002 / 00:14.683, 2Gb)
Sushi:   Line: 1 - 5                                                                                 (00:00.000 / 00:14.684, 2Gb)
Sushi: warn  The name "ehealth-questionnaire-helpText" may not be suitable for machine processing applications such as code generation. Valid names start with an upper-case ASCII letter ('A'..'Z') followed by any combination of upper- or lower-case ASCII letters ('A'..'Z', and 'a'..'z'), numerals ('0'..'9') and '_', with a length limit of 255 characters. (00:00.033 / 00:14.717, 2Gb)
Sushi:   File: /tmp/ig-builds/dk.ehealth.sundhed.fhir.ig.core#10.0.0-milestone/input/fsh/ehealth-questionnaire.fsh (00:00.001 / 00:14.718, 2Gb)
Sushi:   Line: 109 - 120                                                                             (00:00.000 / 00:14.719, 2Gb)
Sushi: warn  The name "ehealth-external-identifier" may not be suitable for machine processing applications such as code generation. Valid names start with an upper-case ASCII letter ('A'..'Z') followed by any combination of upper- or lower-case ASCII letters ('A'..'Z', and 'a'..'z'), numerals ('0'..'9') and '_', with a length limit of 255 characters. (00:00.059 / 00:14.779, 2Gb)
Sushi:   File: /tmp/ig-builds/dk.ehealth.sundhed.fhir.ig.core#10.0.0-milestone/input/fsh/ehealth-questionnaire.fsh (00:00.001 / 00:14.780, 2Gb)
Sushi:   Line: 128 - 132                                                                             (00:00.000 / 00:14.781, 2Gb)
Sushi: warn  The name "ehealth-questionnaire-item-is-copyright" may not be suitable for machine processing applications such as code generation. Valid names start with an upper-case ASCII letter ('A'..'Z') followed by any combination of upper- or lower-case ASCII letters ('A'..'Z', and 'a'..'z'), numerals ('0'..'9') and '_', with a length limit of 255 characters. (00:00.056 / 00:14.837, 2Gb)
Sushi:   File: /tmp/ig-builds/dk.ehealth.sundhed.fhir.ig.core#10.0.0-milestone/input/fsh/ehealth-questionnaire.fsh (00:00.001 / 00:14.839, 2Gb)
Sushi:   Line: 134 - 139                                                                             (00:00.000 / 00:14.840, 2Gb)
Sushi: warn  The name "ehealth-enableBehavior-conditionId" may not be suitable for machine processing applications such as code generation. Valid names start with an upper-case ASCII letter ('A'..'Z') followed by any combination of upper- or lower-case ASCII letters ('A'..'Z', and 'a'..'z'), numerals ('0'..'9') and '_', with a length limit of 255 characters. (00:00.051 / 00:14.892, 2Gb)
Sushi:   File: /tmp/ig-builds/dk.ehealth.sundhed.fhir.ig.core#10.0.0-milestone/input/fsh/ehealth-questionnaire.fsh (00:00.002 / 00:14.894, 2Gb)
Sushi:   Line: 122 - 126                                                                             (00:00.000 / 00:14.894, 2Gb)
Sushi: warn  The name "ehealth-questionnaire-advanced" may not be suitable for machine processing applications such as code generation. Valid names start with an upper-case ASCII letter ('A'..'Z') followed by any combination of upper- or lower-case ASCII letters ('A'..'Z', and 'a'..'z'), numerals ('0'..'9') and '_', with a length limit of 255 characters. (00:00.055 / 00:14.950, 2Gb)
Sushi:   File: /tmp/ig-builds/dk.ehealth.sundhed.fhir.ig.core#10.0.0-milestone/input/fsh/ehealth-questionnaire-advanced.fsh (00:00.001 / 00:14.952, 2Gb)
Sushi:   Line: 1 - 9                                                                                 (00:00.000 / 00:14.953, 2Gb)
Sushi: warn  The name "ehealth-questionnaireresponse" may not be suitable for machine processing applications such as code generation. Valid names start with an upper-case ASCII letter ('A'..'Z') followed by any combination of upper- or lower-case ASCII letters ('A'..'Z', and 'a'..'z'), numerals ('0'..'9') and '_', with a length limit of 255 characters. (00:00.012 / 00:14.965, 2Gb)
Sushi:   File: /tmp/ig-builds/dk.ehealth.sundhed.fhir.ig.core#10.0.0-milestone/input/fsh/ehealth-questionnaireresponse.fsh (00:00.001 / 00:14.967, 2Gb)
Sushi:   Line: 1 - 25                                                                                (00:00.000 / 00:14.968, 2Gb)
Sushi: warn  The name "ehealth-effectivePeriod" may not be suitable for machine processing applications such as code generation. Valid names start with an upper-case ASCII letter ('A'..'Z') followed by any combination of upper- or lower-case ASCII letters ('A'..'Z', and 'a'..'z'), numerals ('0'..'9') and '_', with a length limit of 255 characters. (00:00.018 / 00:14.986, 2Gb)
Sushi:   File: /tmp/ig-builds/dk.ehealth.sundhed.fhir.ig.core#10.0.0-milestone/input/fsh/ehealth-questionnaireresponse.fsh (00:00.001 / 00:14.987, 2Gb)
Sushi:   Line: 27 - 32                                                                               (00:00.000 / 00:14.988, 2Gb)
Sushi: warn  The name "ehealth-relatedperson" may not be suitable for machine processing applications such as code generation. Valid names start with an upper-case ASCII letter ('A'..'Z') followed by any combination of upper- or lower-case ASCII letters ('A'..'Z', and 'a'..'z'), numerals ('0'..'9') and '_', with a length limit of 255 characters. (00:00.134 / 00:15.123, 2Gb)
Sushi:   File: /tmp/ig-builds/dk.ehealth.sundhed.fhir.ig.core#10.0.0-milestone/input/fsh/ehealth-relatedperson.fsh (00:00.001 / 00:15.124, 2Gb)
Sushi:   Line: 1 - 26                                                                                (00:00.000 / 00:15.125, 2Gb)
Sushi: warn  The name "ehealth-telecom-purpose" may not be suitable for machine processing applications such as code generation. Valid names start with an upper-case ASCII letter ('A'..'Z') followed by any combination of upper- or lower-case ASCII letters ('A'..'Z', and 'a'..'z'), numerals ('0'..'9') and '_', with a length limit of 255 characters. (00:00.042 / 00:15.168, 2Gb)
Sushi:   File: /tmp/ig-builds/dk.ehealth.sundhed.fhir.ig.core#10.0.0-milestone/input/fsh/ehealth-ext-telecom-purpose.fsh (00:00.001 / 00:15.169, 2Gb)
Sushi:   Line: 1 - 11                                                                                (00:00.000 / 00:15.170, 2Gb)
Sushi: warn  The name "ehealth-servicerequest" may not be suitable for machine processing applications such as code generation. Valid names start with an upper-case ASCII letter ('A'..'Z') followed by any combination of upper- or lower-case ASCII letters ('A'..'Z', and 'a'..'z'), numerals ('0'..'9') and '_', with a length limit of 255 characters. (00:00.081 / 00:15.252, 2Gb)
Sushi:   File: /tmp/ig-builds/dk.ehealth.sundhed.fhir.ig.core#10.0.0-milestone/input/fsh/ehealth-servicerequest.fsh (00:00.001 / 00:15.253, 2Gb)
Sushi:   Line: 1 - 31                                                                                (00:00.000 / 00:15.254, 2Gb)
Sushi: warn  The name "ehealth-trigger-enablement-code" may not be suitable for machine processing applications such as code generation. Valid names start with an upper-case ASCII letter ('A'..'Z') followed by any combination of upper- or lower-case ASCII letters ('A'..'Z', and 'a'..'z'), numerals ('0'..'9') and '_', with a length limit of 255 characters. (00:00.018 / 00:15.273, 2Gb)
Sushi:   File: /tmp/ig-builds/dk.ehealth.sundhed.fhir.ig.core#10.0.0-milestone/input/fsh/ehealth-servicerequest.fsh (00:00.002 / 00:15.276, 2Gb)
Sushi:   Line: 33 - 39                                                                               (00:00.001 / 00:15.277, 2Gb)
Sushi: warn  The name "ehealth-servicerequest-statusHistory" may not be suitable for machine processing applications such as code generation. Valid names start with an upper-case ASCII letter ('A'..'Z') followed by any combination of upper- or lower-case ASCII letters ('A'..'Z', and 'a'..'z'), numerals ('0'..'9') and '_', with a length limit of 255 characters. (00:00.024 / 00:15.301, 2Gb)
Sushi:   File: /tmp/ig-builds/dk.ehealth.sundhed.fhir.ig.core#10.0.0-milestone/input/fsh/ehealth-servicerequest.fsh (00:00.002 / 00:15.303, 2Gb)
Sushi:   Line: 41 - 49                                                                               (00:00.000 / 00:15.304, 2Gb)
Sushi: warn  The name "ehealth-servicerequest-statusSchedule" may not be suitable for machine processing applications such as code generation. Valid names start with an upper-case ASCII letter ('A'..'Z') followed by any combination of upper- or lower-case ASCII letters ('A'..'Z', and 'a'..'z'), numerals ('0'..'9') and '_', with a length limit of 255 characters. (00:00.086 / 00:15.391, 2Gb)
Sushi:   File: /tmp/ig-builds/dk.ehealth.sundhed.fhir.ig.core#10.0.0-milestone/input/fsh/ehealth-servicerequest.fsh (00:00.002 / 00:15.393, 2Gb)
Sushi:   Line: 51 - 60                                                                               (00:00.000 / 00:15.394, 2Gb)
Sushi: warn  The name "ehealth-aggregate-id" may not be suitable for machine processing applications such as code generation. Valid names start with an upper-case ASCII letter ('A'..'Z') followed by any combination of upper- or lower-case ASCII letters ('A'..'Z', and 'a'..'z'), numerals ('0'..'9') and '_', with a length limit of 255 characters. (00:00.029 / 00:15.423, 2Gb)
Sushi:   File: /tmp/ig-builds/dk.ehealth.sundhed.fhir.ig.core#10.0.0-milestone/input/fsh/ehealth-servicerequest.fsh (00:00.001 / 00:15.425, 2Gb)
Sushi:   Line: 62 - 67                                                                               (00:00.000 / 00:15.426, 2Gb)
Sushi: warn  The name "ehealth-skrs-patient" may not be suitable for machine processing applications such as code generation. Valid names start with an upper-case ASCII letter ('A'..'Z') followed by any combination of upper- or lower-case ASCII letters ('A'..'Z', and 'a'..'z'), numerals ('0'..'9') and '_', with a length limit of 255 characters. (00:00.115 / 00:15.542, 2Gb)
Sushi:   File: /tmp/ig-builds/dk.ehealth.sundhed.fhir.ig.core#10.0.0-milestone/input/fsh/ehealth-skrs-patient.fsh (00:00.001 / 00:15.544, 2Gb)
Sushi:   Line: 1 - 28                                                                                (00:00.000 / 00:15.544, 2Gb)
Sushi: warn  The name "ehealth-task" may not be suitable for machine processing applications such as code generation. Valid names start with an upper-case ASCII letter ('A'..'Z') followed by any combination of upper- or lower-case ASCII letters ('A'..'Z', and 'a'..'z'), numerals ('0'..'9') and '_', with a length limit of 255 characters. (00:00.083 / 00:15.628, 2Gb)
Sushi:   File: /tmp/ig-builds/dk.ehealth.sundhed.fhir.ig.core#10.0.0-milestone/input/fsh/ehealth-task.fsh (00:00.001 / 00:15.630, 2Gb)
Sushi:   Line: 1 - 28                                                                                (00:00.000 / 00:15.631, 2Gb)
Sushi: warn  The name "ehealth-task-episodeOfCare" may not be suitable for machine processing applications such as code generation. Valid names start with an upper-case ASCII letter ('A'..'Z') followed by any combination of upper- or lower-case ASCII letters ('A'..'Z', and 'a'..'z'), numerals ('0'..'9') and '_', with a length limit of 255 characters. (00:00.001 / 00:15.632, 2Gb)
Sushi:   File: /tmp/ig-builds/dk.ehealth.sundhed.fhir.ig.core#10.0.0-milestone/input/fsh/ehealth-task.fsh (00:00.001 / 00:15.634, 2Gb)
Sushi:   Line: 46 - 49                                                                               (00:00.000 / 00:15.634, 2Gb)
Sushi: warn  The name "ehealth-task-category" may not be suitable for machine processing applications such as code generation. Valid names start with an upper-case ASCII letter ('A'..'Z') followed by any combination of upper- or lower-case ASCII letters ('A'..'Z', and 'a'..'z'), numerals ('0'..'9') and '_', with a length limit of 255 characters. (00:00.014 / 00:15.649, 2Gb)
Sushi:   File: /tmp/ig-builds/dk.ehealth.sundhed.fhir.ig.core#10.0.0-milestone/input/fsh/ehealth-task.fsh (00:00.001 / 00:15.651, 2Gb)
Sushi:   Line: 30 - 36                                                                               (00:00.000 / 00:15.652, 2Gb)
Sushi: warn  The name "ehealth-task-responsible" may not be suitable for machine processing applications such as code generation. Valid names start with an upper-case ASCII letter ('A'..'Z') followed by any combination of upper- or lower-case ASCII letters ('A'..'Z', and 'a'..'z'), numerals ('0'..'9') and '_', with a length limit of 255 characters. (00:00.046 / 00:15.698, 2Gb)
Sushi:   File: /tmp/ig-builds/dk.ehealth.sundhed.fhir.ig.core#10.0.0-milestone/input/fsh/ehealth-task.fsh (00:00.002 / 00:15.700, 2Gb)
Sushi:   Line: 38 - 44                                                                               (00:00.000 / 00:15.701, 2Gb)
Sushi: warn  The name "ehealth-reference-careplan" may not be suitable for machine processing applications such as code generation. Valid names start with an upper-case ASCII letter ('A'..'Z') followed by any combination of upper- or lower-case ASCII letters ('A'..'Z', and 'a'..'z'), numerals ('0'..'9') and '_', with a length limit of 255 characters. (00:00.034 / 00:15.735, 2Gb)
Sushi:   File: /tmp/ig-builds/dk.ehealth.sundhed.fhir.ig.core#10.0.0-milestone/input/fsh/ehealth-ext-reference-careplan.fsh (00:00.002 / 00:15.737, 2Gb)
Sushi:   Line: 1 - 6                                                                                 (00:00.000 / 00:15.738, 2Gb)
Sushi: warn  The name "ehealth-transformation-documentreference" may not be suitable for machine processing applications such as code generation. Valid names start with an upper-case ASCII letter ('A'..'Z') followed by any combination of upper- or lower-case ASCII letters ('A'..'Z', and 'a'..'z'), numerals ('0'..'9') and '_', with a length limit of 255 characters. (00:00.144 / 00:15.882, 2Gb)
Sushi:   File: /tmp/ig-builds/dk.ehealth.sundhed.fhir.ig.core#10.0.0-milestone/input/fsh/ehealth-transformation-documentreference.fsh (00:00.002 / 00:15.884, 2Gb)
Sushi:   Line: 1 - 22                                                                                (00:00.000 / 00:15.885, 2Gb)
Sushi: warn  The name "ehealth-manuallydeprecated-type" may not be suitable for machine processing applications such as code generation. Valid names start with an upper-case ASCII letter ('A'..'Z') followed by any combination of upper- or lower-case ASCII letters ('A'..'Z', and 'a'..'z'), numerals ('0'..'9') and '_', with a length limit of 255 characters. (00:00.064 / 00:15.950, 2Gb)
Sushi:   File: /tmp/ig-builds/dk.ehealth.sundhed.fhir.ig.core#10.0.0-milestone/input/fsh/ehealth-transformation-documentreference.fsh (00:00.002 / 00:15.952, 2Gb)
Sushi:   Line: 24 - 29                                                                               (00:00.000 / 00:15.953, 2Gb)
Sushi: warn  The name "ehealth-document-sharing-state" may not be suitable for machine processing applications such as code generation. Valid names start with an upper-case ASCII letter ('A'..'Z') followed by any combination of upper- or lower-case ASCII letters ('A'..'Z', and 'a'..'z'), numerals ('0'..'9') and '_', with a length limit of 255 characters. (00:00.018 / 00:15.971, 2Gb)
Sushi:   File: /tmp/ig-builds/dk.ehealth.sundhed.fhir.ig.core#10.0.0-milestone/input/fsh/ehealth-transformation-documentreference.fsh (00:00.002 / 00:15.973, 2Gb)
Sushi:   Line: 31 - 37                                                                               (00:00.000 / 00:15.974, 2Gb)
Sushi: warn  The name "ehealth-videoappointment" may not be suitable for machine processing applications such as code generation. Valid names start with an upper-case ASCII letter ('A'..'Z') followed by any combination of upper- or lower-case ASCII letters ('A'..'Z', and 'a'..'z'), numerals ('0'..'9') and '_', with a length limit of 255 characters. (00:00.064 / 00:16.039, 2Gb)
Sushi:   File: /tmp/ig-builds/dk.ehealth.sundhed.fhir.ig.core#10.0.0-milestone/input/fsh/ehealth-videoappointment.fsh (00:00.002 / 00:16.041, 2Gb)
Sushi:   Line: 1 - 45                                                                                (00:00.000 / 00:16.042, 2Gb)
Sushi: warn  The name "ehealth-view" may not be suitable for machine processing applications such as code generation. Valid names start with an upper-case ASCII letter ('A'..'Z') followed by any combination of upper- or lower-case ASCII letters ('A'..'Z', and 'a'..'z'), numerals ('0'..'9') and '_', with a length limit of 255 characters. (00:00.104 / 00:16.147, 2Gb)
Sushi:   File: /tmp/ig-builds/dk.ehealth.sundhed.fhir.ig.core#10.0.0-milestone/input/fsh/ehealth-view.fsh (00:00.001 / 00:16.149, 2Gb)
Sushi:   Line: 1 - 17                                                                                (00:00.000 / 00:16.149, 2Gb)
Sushi: warn  The name "ehealth-view-type" may not be suitable for machine processing applications such as code generation. Valid names start with an upper-case ASCII letter ('A'..'Z') followed by any combination of upper- or lower-case ASCII letters ('A'..'Z', and 'a'..'z'), numerals ('0'..'9') and '_', with a length limit of 255 characters. (00:00.013 / 00:16.163, 2Gb)
Sushi:   File: /tmp/ig-builds/dk.ehealth.sundhed.fhir.ig.core#10.0.0-milestone/input/fsh/ehealth-view.fsh (00:00.001 / 00:16.165, 2Gb)
Sushi:   Line: 20 - 26                                                                               (00:00.000 / 00:16.166, 2Gb)
Sushi: warn  The name "ehealth-view-for" may not be suitable for machine processing applications such as code generation. Valid names start with an upper-case ASCII letter ('A'..'Z') followed by any combination of upper- or lower-case ASCII letters ('A'..'Z', and 'a'..'z'), numerals ('0'..'9') and '_', with a length limit of 255 characters. (00:00.048 / 00:16.214, 2Gb)
Sushi:   File: /tmp/ig-builds/dk.ehealth.sundhed.fhir.ig.core#10.0.0-milestone/input/fsh/ehealth-view.fsh (00:00.001 / 00:16.216, 2Gb)
Sushi:   Line: 29 - 40                                                                               (00:00.000 / 00:16.217, 2Gb)
Sushi: warn  The name "ehealth-clinicalimpression-mediaInvestigationItem" may not be suitable for machine processing applications such as code generation. Valid names start with an upper-case ASCII letter ('A'..'Z') followed by any combination of upper- or lower-case ASCII letters ('A'..'Z', and 'a'..'z'), numerals ('0'..'9') and '_', with a length limit of 255 characters. (00:00.043 / 00:16.261, 2Gb)
Sushi:   File: /tmp/ig-builds/dk.ehealth.sundhed.fhir.ig.core#10.0.0-milestone/input/fsh/ehealth-clinicalimpression.fsh (00:00.002 / 00:16.263, 2Gb)
Sushi:   Line: 77 - 83                                                                               (00:00.000 / 00:16.264, 2Gb)
Sushi: info  Converted 194 FHIR StructureDefinitions.                                                (00:00.022 / 00:16.286, 2Gb)
Sushi: info  Converted 5 FHIR CodeSystems.                                                           (00:00.042 / 00:16.329, 2Gb)
Sushi: info  Converted 6 FHIR ValueSets.                                                             (00:00.177 / 00:16.506, 2Gb)
Sushi: info  Converted 24 FHIR instances.                                                            (00:01.719 / 00:18.225, 2Gb)
Sushi: info  Exporting FHIR resources as JSON...                                                     (00:00.000 / 00:18.226, 2Gb)
Sushi: info  Exported 226 FHIR resources as JSON.                                                    (00:00.292 / 00:18.519, 2Gb)
Sushi: info  Assembling Implementation Guide sources...                                              (00:00.005 / 00:18.524, 2Gb)
Sushi: info  Generated ImplementationGuide-dk.ehealth.sundhed.fhir.ig.core.json                      (00:00.091 / 00:18.615, 2Gb)
Sushi: info  Assembled Implementation Guide sources; ready for IG Publisher.                         (00:00.000 / 00:18.616, 2Gb)
Sushi: ========================= SUSHI RESULTS ===========================                           (00:00.000 / 00:18.617, 2Gb)
Sushi: |  -------------------------------------------------------------  |                           (00:00.000 / 00:18.618, 2Gb)
Sushi: | |    Profiles   |  Extensions  |   Logicals   |   Resources   | |                           (00:00.000 / 00:18.618, 2Gb)
Sushi: | |-------------------------------------------------------------| |                           (00:00.000 / 00:18.619, 2Gb)
Sushi: | |      48       |     146      |      0       |       0       | |                           (00:00.000 / 00:18.619, 2Gb)
Sushi: |  -------------------------------------------------------------  |                           (00:00.000 / 00:18.620, 2Gb)
Sushi: |  -------------------------------------------------------------  |                           (00:00.000 / 00:18.621, 2Gb)
Sushi: | |      ValueSets     |    CodeSystems    |     Instances      | |                           (00:00.000 / 00:18.621, 2Gb)
Sushi: | |-------------------------------------------------------------| |                           (00:00.000 / 00:18.622, 2Gb)
Sushi: | |         6          |         5         |         24         | |                           (00:00.000 / 00:18.622, 2Gb)
Sushi: |  -------------------------------------------------------------  |                           (00:00.000 / 00:18.623, 2Gb)
Sushi: |                                                                 |                           (00:00.000 / 00:18.624, 2Gb)
Sushi: ===================================================================                           (00:00.000 / 00:18.624, 2Gb)
Sushi: | Whale, whale, what happened here?      0 Errors    196 Warnings |                           (00:00.000 / 00:18.625, 2Gb)
Sushi: ===================================================================                           (00:00.000 / 00:18.625, 2Gb)
Root directory: /tmp/ig-builds/dk.ehealth.sundhed.fhir.ig.core#10.0.0-milestone                      (00:00.035 / 00:18.660, 2Gb)
Unable to load IG as an r5 IG - try R4 (property code is a class com.google.gson.JsonPrimitive looking for an object) (00:00.054 / 00:18.715, 2Gb)
Load Template from #ig-template                                                                      (00:00.096 / 00:18.811, 2Gb)
 Load Template from fhir.base.template#current                                                       (00:00.002 / 00:18.813, 2Gb)
[33mThis content depends on fhir.base.template which is no longer considered secure to use
[0;39m[33mSee Security notification at https://www.fhir.org/guides/security-notices/2026-03-npm-dependencies.html
[0;39mScanning directory: /tmp/ig-builds/dk.ehealth.sundhed.fhir.ig.core#10.0.0-milestone/template
======================================================================
Terminology Cache is at /tmp/ig-builds/dk.ehealth.sundhed.fhir.ig.core#10.0.0-milestone/input-cache/txcache. 30 files in cache (00:07.819 / 00:26.633, 2Gb)
Core Package hl7.fhir.r4.core#4.0.1                                                                  (00:00.000 / 00:26.634, 2Gb)
Running Terminology Log: /tmp/ohfu-fhir-ig-10634925548470957687.html
Connect to Terminology Server at https://tx.fhir.org                                                 (00:03.061 / 00:29.696, 2Gb)
[39mLoad Package hl7.fhir.pubpack#0.2.5
[0;39m[39mLoad Package hl7.fhir.xver-extensions#0.1.0
[0;39m[39mLoad Package hl7.terminology.r4#7.3.0
[0;39m[39mLoad Package hl7.fhir.uv.extensions.r4#5.3.0
[0;39m[39mLoad Package hl7.fhir.uv.extensions.r4#5.2.0
[0;39m[39mLoad Package hl7.terminology.r4#7.1.0
[0;39m[39mLoad Package hl7.terminology.r4#6.5.0
[0;39m[39mLoad Package hl7.fhir.uv.extensions.r4#5.3.0-ballot-tc1
[0;39m[39mLoad Package hl7.terminology.r4#6.0.2
[0;39m[39mLoad Package hl7.fhir.uv.extensions.r4#5.1.0
[0;39m[39mLoad Package hl7.fhir.uv.pocd#0.3.0
[0;39m[39mLoad Package hl7.fhir.uv.phd#1.1.0
[0;39m[39mLoad Package hl7.terminology.r4#6.2.0
[0;39m[39mLoad Package hl7.fhir.uv.smart-app-launch#2.0.0
[0;39m[39mLoad Package hl7.fhir.uv.ipa#1.1.0
[0;39m[39mLoad Package ihe.iti.balp#1.1.4
[0;39m[39mLoad Package hl7.terminology.r4#6.3.0
[0;39m[39mLoad Package ihe.formatcode.fhir#1.4.0
[0;39m[39mLoad Package ihe.iti.mhd#4.2.3
[0;39m[39mLoad Package hl7.fhir.dk.core#3.6.0
[0;39m[39mLoad Package hl7.fhir.uv.sdc#2.7.0
[0;39m[39mLoad Package hl7.fhir.uv.tools.r4#1.1.2
[0;39mLoad R5 Specials
Initialization complete                                                                              (00:20.129 / 00:49.825, 698Mb)
Load IG                                                                                              (00:00.001 / 00:49.827, 698Mb)
Load Content                                                                                         (00:00.006 / 00:49.833, 698Mb)
Using da_DK as the default narrative language. (inferred from ImplementationGuide.jurisdiction=DK)   (00:00.147 / 00:49.981, 740Mb)
Process Loaded Resources                                                                             (00:01.611 / 00:51.592, 932Mb)
Generating Snapshots                                                                                 (00:09.330 / 01:00.922, 1Gb)

Signing Certificate: RSA key for Subject: OU=IG Publisher, L=Ann Arbor, CN=hl7.org, O=HL7, ST=Missouri, C=us from: OU=IG Publisher, L=Ann Arbor, CN=hl7.org, O=HL7, ST=Missouri, C=us
Fetch https://ehealth.sundhed.dk/fhir/package-list.json for version check                            (00:01.701 / 01:02.624, 1Gb)
Checking Language                                                                                    (00:00.141 / 01:02.766, 1Gb)
Load Dependency Info                                                                                 (00:00.012 / 01:02.778, 1Gb)
Load Info                                                                                            (00:00.002 / 01:02.781, 1Gb)
Load Paths                                                                                           (00:00.001 / 01:02.783, 1Gb)
Check R4 / R4B                                                                                       (00:00.001 / 01:02.784, 1Gb)
Assign Comparison Ids                                                                                (00:00.137 / 01:02.922, 1Gb)
Propagating status                                                                                   (00:00.001 / 01:02.923, 1Gb)
Generating Narratives                                                                                (00:00.000 / 01:02.924, 1Gb)
[33mThe resource type ValueSet cannot be treated as a CodeSystem
[0;39m[33mThe resource type ValueSet cannot be treated as a CodeSystem
[0;39m[33mThe resource type ValueSet cannot be treated as a CodeSystem
[0;39m[33mThe resource type ValueSet cannot be treated as a CodeSystem
[0;39m[33mThe resource type ValueSet cannot be treated as a CodeSystem
[0;39m[33mThe resource type ValueSet cannot be treated as a CodeSystem
[0;39m[33mThe resource type ValueSet cannot be treated as a CodeSystem
[0;39m[33mThe resource type ValueSet cannot be treated as a CodeSystem
[0;39m[33mThe resource type ValueSet cannot be treated as a CodeSystem
[0;39m[33mThe resource type ValueSet cannot be treated as a CodeSystem
[0;39m[33mThe resource type ValueSet cannot be treated as a CodeSystem
[0;39m[33mThe resource type ValueSet cannot be treated as a CodeSystem
[0;39m[33mThe resource type ValueSet cannot be treated as a CodeSystem
[0;39m[33mThe resource type ValueSet cannot be treated as a CodeSystem
[0;39m[33mThe resource type ValueSet cannot be treated as a CodeSystem
[0;39m[33mThe resource type ValueSet cannot be treated as a CodeSystem
[0;39m[33mThe resource type ValueSet cannot be treated as a CodeSystem
[0;39m[33mThe resource type ValueSet cannot be treated as a CodeSystem
[0;39m[33mThe resource type ValueSet cannot be treated as a CodeSystem
[0;39m[33mThe resource type ValueSet cannot be treated as a CodeSystem
[0;39m[33mThe resource type ValueSet cannot be treated as a CodeSystem
[0;39m[33mThe resource type ValueSet cannot be treated as a CodeSystem
[0;39m[33mThe resource type ValueSet cannot be treated as a CodeSystem
[0;39m[33mThe resource type ValueSet cannot be treated as a CodeSystem
[0;39m[33mThe resource type ValueSet cannot be treated as a CodeSystem
[0;39m[33mThe resource type ValueSet cannot be treated as a CodeSystem
[0;39m[33mThe resource type ValueSet cannot be treated as a CodeSystem
[0;39m[33mThe resource type ValueSet cannot be treated as a CodeSystem
[0;39m[33mThe resource type ValueSet cannot be treated as a CodeSystem
[0;39m[33mThe resource type ValueSet cannot be treated as a CodeSystem
[0;39m[33mThe resource type ValueSet cannot be treated as a CodeSystem
[0;39m[33mThe resource type ValueSet cannot be treated as a CodeSystem
[0;39m[33mThe resource type ValueSet cannot be treated as a CodeSystem
[0;39m[33mThe resource type ValueSet cannot be treated as a CodeSystem
[0;39m[33mThe resource type ValueSet cannot be treated as a CodeSystem
[0;39mValidating Conformance Resources                                                                     (00:05.044 / 01:07.968, 2Gb)
[33mThe resource type ValueSet cannot be treated as a CodeSystem
[0;39m[33mThe resource type ValueSet cannot be treated as a CodeSystem
[0;39mCheck profiles & code systems                                                                        (00:50.679 / 01:58.648, 2Gb)
Check realm rules                                                                                    (00:00.016 / 01:58.664, 2Gb)
Previous Version Comparison                                                                          (00:00.001 / 01:58.666, 2Gb)
Comparing previous version 9.0.1                                                                     (00:00.001 / 01:58.667, 2Gb)
.. loaded. Process                                                                                   (00:14.509 / 02:13.176, 2Gb)
finish previous version comparison                                                                   (00:00.001 / 02:13.178, 2Gb)
finish ipa version                                                                                   (00:03.997 / 02:17.176, 2Gb)
finish ips version                                                                                   (00:00.001 / 02:17.177, 2Gb)
comparisons done                                                                                     (00:00.001 / 02:17.178, 2Gb)
Checking for Bundles to sign                                                                         (00:00.111 / 02:17.290, 2Gb)
Validating Resources                                                                                 (00:00.001 / 02:17.292, 2Gb)
[33mGot error response with no Content-Type from https://terminologystandardsservice.ca/tx/fhir with status 401
[0;39m[33m
[0;39mProcessing Provenance Records                                                                        (00:29.043 / 02:46.336, 2Gb)
Generating Outputs in /tmp/ig-builds/dk.ehealth.sundhed.fhir.ig.core#10.0.0-milestone/output         (00:00.001 / 02:46.338, 2Gb)
Generate Native Outputs                                                                              (00:00.282 / 02:46.620, 2Gb)
Run Template                                                                                         (00:34.713 / 03:21.333, 2Gb)
Generate HTML Outputs                                                                                (00:01.956 / 03:23.289, 2Gb)
[33mThe resource type ValueSet cannot be treated as a CodeSystem
[0;39m[33mThe resource type ValueSet cannot be treated as a CodeSystem
[0;39m[33mThe resource type ValueSet cannot be treated as a CodeSystem
[0;39m[33mThe resource type ValueSet cannot be treated as a CodeSystem
[0;39m[33mThe resource type ValueSet cannot be treated as a CodeSystem
[0;39m[33mThe resource type ValueSet cannot be treated as a CodeSystem
[0;39m[33mThe resource type ValueSet cannot be treated as a CodeSystem
[0;39m[33mThe resource type ValueSet cannot be treated as a CodeSystem
[0;39m[33mThe resource type ValueSet cannot be treated as a CodeSystem
[0;39m[33mThe resource type ValueSet cannot be treated as a CodeSystem
[0;39m[33mThe resource type ValueSet cannot be treated as a CodeSystem
[0;39m[33mThe resource type ValueSet cannot be treated as a CodeSystem
[0;39m[33mThe resource type ValueSet cannot be treated as a CodeSystem
[0;39m[33mThe resource type ValueSet cannot be treated as a CodeSystem
[0;39m[33mThe resource type ValueSet cannot be treated as a CodeSystem
[0;39m[33mThe resource type ValueSet cannot be treated as a CodeSystem
[0;39m[33mThe resource type ValueSet cannot be treated as a CodeSystem
[0;39m[33mThe resource type ValueSet cannot be treated as a CodeSystem
[0;39m[33mThe resource type ValueSet cannot be treated as a CodeSystem
[0;39m[33mThe resource type ValueSet cannot be treated as a CodeSystem
[0;39m[33mThe resource type ValueSet cannot be treated as a CodeSystem
[0;39m[33mThe resource type ValueSet cannot be treated as a CodeSystem
[0;39m[33mThe resource type ValueSet cannot be treated as a CodeSystem
[0;39m[33mThe resource type ValueSet cannot be treated as a CodeSystem
[0;39m[33mThe resource type ValueSet cannot be treated as a CodeSystem
[0;39m[33mThe resource type ValueSet cannot be treated as a CodeSystem
[0;39m[33mThe resource type ValueSet cannot be treated as a CodeSystem
[0;39m[33mThe resource type ValueSet cannot be treated as a CodeSystem
[0;39m[33mThe resource type ValueSet cannot be treated as a CodeSystem
[0;39m[33mThe resource type ValueSet cannot be treated as a CodeSystem
[0;39m[33mThe resource type ValueSet cannot be treated as a CodeSystem
[0;39m[33mThe resource type ValueSet cannot be treated as a CodeSystem
[0;39m[33mThe resource type ValueSet cannot be treated as a CodeSystem
[0;39m[33mThe resource type ValueSet cannot be treated as a CodeSystem
[0;39m[33mThe resource type ValueSet cannot be treated as a CodeSystem
[0;39m[33mThe resource type ValueSet cannot be treated as a CodeSystem
[0;39m[33mThe resource type ValueSet cannot be treated as a CodeSystem
[0;39m[33mThe resource type ValueSet cannot be treated as a CodeSystem
[0;39m[33mThe resource type ValueSet cannot be treated as a CodeSystem
[0;39m[33mThe resource type ValueSet cannot be treated as a CodeSystem
[0;39m[33mThe resource type ValueSet cannot be treated as a CodeSystem
[0;39m[33mThe resource type ValueSet cannot be treated as a CodeSystem
[0;39m[33mThe resource type ValueSet cannot be treated as a CodeSystem
[0;39m[33mThe resource type ValueSet cannot be treated as a CodeSystem
[0;39m[33mThe resource type ValueSet cannot be treated as a CodeSystem
[0;39m[33mThe resource type ValueSet cannot be treated as a CodeSystem
[0;39m[33mThe resource type ValueSet cannot be treated as a CodeSystem
[0;39m[33mThe resource type ValueSet cannot be treated as a CodeSystem
[0;39m[33mThe resource type ValueSet cannot be treated as a CodeSystem
[0;39m[33mThe resource type ValueSet cannot be treated as a CodeSystem
[0;39m[33mThe resource type ValueSet cannot be treated as a CodeSystem
[0;39m[33mThe resource type ValueSet cannot be treated as a CodeSystem
[0;39m[33mThe resource type ValueSet cannot be treated as a CodeSystem
[0;39m[33mThe resource type ValueSet cannot be treated as a CodeSystem
[0;39m[33mThe resource type ValueSet cannot be treated as a CodeSystem
[0;39m[33mThe resource type ValueSet cannot be treated as a CodeSystem
[0;39m[33mThe resource type ValueSet cannot be treated as a CodeSystem
[0;39m[33mThe resource type ValueSet cannot be treated as a CodeSystem
[0;39m[33mThe resource type ValueSet cannot be treated as a CodeSystem
[0;39m[33mThe resource type ValueSet cannot be treated as a CodeSystem
[0;39m[33mThe resource type ValueSet cannot be treated as a CodeSystem
[0;39m[33mThe resource type ValueSet cannot be treated as a CodeSystem
[0;39m[33mThe resource type ValueSet cannot be treated as a CodeSystem
[0;39m[33mThe resource type ValueSet cannot be treated as a CodeSystem
[0;39m[33mThe resource type ValueSet cannot be treated as a CodeSystem
[0;39m[33mThe resource type ValueSet cannot be treated as a CodeSystem
[0;39m[33mThe resource type ValueSet cannot be treated as a CodeSystem
[0;39m[33mThe resource type ValueSet cannot be treated as a CodeSystem
[0;39m[33mThe resource type ValueSet cannot be treated as a CodeSystem
[0;39m[33mThe resource type ValueSet cannot be treated as a CodeSystem
[0;39m[33mThe resource type ValueSet cannot be treated as a CodeSystem
[0;39m[33mThe resource type ValueSet cannot be treated as a CodeSystem
[0;39m[33mThe resource type ValueSet cannot be treated as a CodeSystem
[0;39m[33mThe resource type ValueSet cannot be treated as a CodeSystem
[0;39m[33mThe resource type ValueSet cannot be treated as a CodeSystem
[0;39m[33mThe resource type ValueSet cannot be treated as a CodeSystem
[0;39mGenerate Spreadsheets                                                                                (00:30.458 / 03:53.748, 2Gb)
Generate Summaries                                                                                   (00:08.437 / 04:02.185, 2Gb)
Generating Summary Outputs                                                                           (00:00.000 / 04:02.186, 2Gb)
[33mThe resource type ValueSet cannot be treated as a CodeSystem
[0;39m[33mThe resource type ValueSet cannot be treated as a CodeSystem
[0;39mTable of contents has a section with more than 222 entries.  Collapsing will not work reliably
DB Cumulative Time invested: 00:00:01.35
Sending Usage Stats to Server                                                                        (00:09.859 / 04:12.046, 3Gb)
## Memory (MB): Use = 3166, Free = 533, Total = 3700, Max = 3998                                     (00:00.001 / 04:12.047, 3Gb)
Reclaiming memory...                                                                                 (00:00.000 / 04:12.048, 3Gb)
Generating combined package                                                                          (00:00.159 / 04:12.208, 3Gb)
Error generating combined package: /tmp/ig-builds/dk.ehealth.sundhed.fhir.ig.core#10.0.0-milestone/output/package.tgz (No such file or directory) (00:00.000 / 04:12.209, 3Gb)
## Memory (MB): Use = 1872, Free = 1827, Total = 3700, Max = 3998                                    (00:01.068 / 04:13.278, 1Gb)
Run jekyll: jekyll build --destination "/tmp/ig-builds/dk.ehealth.sundhed.fhir.ig.core#10.0.0-milestone/output" (in folder /tmp/ig-builds/dk.ehealth.sundhed.fhir.ig.core#10.0.0-milestone/temp/pages) (00:00.001 / 04:13.279, 1Gb)
Troubleshooting Note: usual cases for Jekyll to fail are:                                            (00:00.001 / 04:13.280, 1Gb)
* A failure to produce a fragment that is already logged in the output above                         (00:00.000 / 04:13.281, 1Gb)
* A reference to a manually edited file that hasn't been provided                                    (00:00.000 / 04:13.282, 1Gb)
Jekyll: Source: /tmp/ig-builds/dk.ehealth.sundhed.fhir.ig.core#10.0.0-milestone/temp/pages           (00:00.419 / 04:13.701, 1Gb)
Jekyll: Generating...                                                                                (00:00.001 / 04:13.703, 1Gb)
Jekyll: done in 20.265 seconds.                                                                      (00:20.264 / 04:33.967, 1Gb)
[39m
[0;39m[39mInstalling dk.ehealth.sundhed.fhir.ig.core#10.0.0
[0;39m[39m loaded @ /root/.fhir/packages/dk.ehealth.sundhed.fhir.ig.core#10.0.0
[0;39mChecking Output HTML                                                                                 (00:09.903 / 04:43.870, 1Gb)
Processed /tmp/ig-builds/dk.ehealth.sundhed.fhir.ig.core#10.0.0-milestone/output - % reduction = 98 (374355731 ==> 8648658)
found 9392 files                                                                                     (00:06.060 / 04:49.931, 2Gb)
........................................
........................................
  ... 9392 html files, 0 pages invalid xhtml (0%)                                                    (01:25.646 / 06:15.577, 2Gb)
  ... 1446564 links, 1216 broken links (0%)                                                          (00:00.001 / 06:15.578, 2Gb)
Generate fragment-usage-analysis.csv                                                                 (00:00.001 / 06:15.579, 2Gb)
Build final .zip                                                                                     (00:00.012 / 06:15.591, 2Gb)
Final .zip built                                                                                     (00:13.382 / 06:28.974, 3Gb)
Built. Times: loading: 00:12.933, generate: 05:39.817, narrative generation: 00:05.042, realm-rules: 00:00.001, previous-version: 00:18.513, jekyll: 00:20.816, validation: 01:14.832 (#689), template: 00:01.961 (#3) (00:13.608 / 06:42.583, 3Gb)
Generating QA                                                                                        (00:00.001 / 06:42.584, 3Gb)
Internal error in location for message: 'Error @1, 2: Found / expecting a token name', loc = '/tmp/ig-builds/dk.ehealth.sundhed.fhir.ig.core#10.0.0-milestone/output/OperationDefinition--s-submit', err = 'Illegal HTML: illegal html element: the (" or "urn:uuid:.".)'
Internal error in location for message: 'Error @1, 2: Found / expecting a token name', loc = '/tmp/ig-builds/dk.ehealth.sundhed.fhir.ig.core#10.0.0-milestone/output/StructureDefinition-ehealth-a', err = 'The html source has duplicate anchor Ids: root'
Internal error in location for message: 'Error @1, 2: Found / expecting a token name', loc = '/tmp/ig-builds/dk.ehealth.sundhed.fhir.ig.core#10.0.0-milestone/output/StructureDefinition-ehealth-a', err = 'The html source has duplicate anchor Ids: root'
Internal error in location for message: 'Error @1, 2: Found / expecting a token name', loc = '/tmp/ig-builds/dk.ehealth.sundhed.fhir.ig.core#10.0.0-milestone/output/StructureDefinition-ehealth-a', err = 'The html source has duplicate anchor Ids: root'
Internal error in location for message: 'Error @1, 2: Found / expecting a token name', loc = '/tmp/ig-builds/dk.ehealth.sundhed.fhir.ig.core#10.0.0-milestone/output/StructureDefinition-ehealth-a', err = 'The html source has duplicate anchor Ids: root'
Internal error in location for message: 'Error @1, 2: Found / expecting a token name', loc = '/tmp/ig-builds/dk.ehealth.sundhed.fhir.ig.core#10.0.0-milestone/output/StructureDefinition-ehealth-a', err = 'The html source has duplicate anchor Ids: root'
Internal error in location for message: 'Error @1, 2: Found / expecting a token name', loc = '/tmp/ig-builds/dk.ehealth.sundhed.fhir.ig.core#10.0.0-milestone/output/StructureDefinition-ehealth-a', err = 'The html source has duplicate anchor Ids: root'
Internal error in location for message: 'Error @1, 2: Found / expecting a token name', loc = '/tmp/ig-builds/dk.ehealth.sundhed.fhir.ig.core#10.0.0-milestone/output/StructureDefinition-ehealth-c', err = 'The html source has duplicate anchor Ids: root'
Internal error in location for message: 'Error @1, 2: Found / expecting a token name', loc = '/tmp/ig-builds/dk.ehealth.sundhed.fhir.ig.core#10.0.0-milestone/output/StructureDefinition-ehealth-c', err = 'Illegal HTML: illegal html element: uuid ().)'
Internal error in location for message: 'Error @1, 2: Found / expecting a token name', loc = '/tmp/ig-builds/dk.ehealth.sundhed.fhir.ig.core#10.0.0-milestone/output/StructureDefinition-ehealth-c', err = 'The html source has duplicate anchor Ids: root'
Internal error in location for message: 'Error @1, 2: Found / expecting a token name', loc = '/tmp/ig-builds/dk.ehealth.sundhed.fhir.ig.core#10.0.0-milestone/output/StructureDefinition-ehealth-c', err = 'The html source has duplicate anchor Ids: root'
Internal error in location for message: 'Error @1, 2: Found / expecting a token name', loc = '/tmp/ig-builds/dk.ehealth.sundhed.fhir.ig.core#10.0.0-milestone/output/StructureDefinition-ehealth-c', err = 'The html source has duplicate anchor Ids: root'
Internal error in location for message: 'Error @1, 2: Found / expecting a token name', loc = '/tmp/ig-builds/dk.ehealth.sundhed.fhir.ig.core#10.0.0-milestone/output/StructureDefinition-ehealth-c', err = 'The html source has duplicate anchor Ids: root'
Internal error in location for message: 'Error @1, 2: Found / expecting a token name', loc = '/tmp/ig-builds/dk.ehealth.sundhed.fhir.ig.core#10.0.0-milestone/output/StructureDefinition-ehealth-c', err = 'The html source has duplicate anchor Ids: root'
Internal error in location for message: 'Error @1, 2: Found / expecting a token name', loc = '/tmp/ig-builds/dk.ehealth.sundhed.fhir.ig.core#10.0.0-milestone/output/StructureDefinition-ehealth-c', err = 'The html source has duplicate anchor Ids: root'
Internal error in location for message: 'Error @1, 2: Found / expecting a token name', loc = '/tmp/ig-builds/dk.ehealth.sundhed.fhir.ig.core#10.0.0-milestone/output/StructureDefinition-ehealth-c', err = 'The html source has duplicate anchor Ids: root'
Internal error in location for message: 'Error @1, 2: Found / expecting a token name', loc = '/tmp/ig-builds/dk.ehealth.sundhed.fhir.ig.core#10.0.0-milestone/output/StructureDefinition-ehealth-c', err = 'The html source has duplicate anchor Ids: root'
Internal error in location for message: 'Error @1, 2: Found / expecting a token name', loc = '/tmp/ig-builds/dk.ehealth.sundhed.fhir.ig.core#10.0.0-milestone/output/StructureDefinition-ehealth-d', err = 'The html source has duplicate anchor Ids: root'
Internal error in location for message: 'Error @1, 2: Found / expecting a token name', loc = '/tmp/ig-builds/dk.ehealth.sundhed.fhir.ig.core#10.0.0-milestone/output/StructureDefinition-ehealth-d', err = 'The html source has duplicate anchor Ids: root'
Internal error in location for message: 'Error @1, 2: Found / expecting a token name', loc = '/tmp/ig-builds/dk.ehealth.sundhed.fhir.ig.core#10.0.0-milestone/output/StructureDefinition-ehealth-d', err = 'The html source has duplicate anchor Ids: root'
Internal error in location for message: 'Error @1, 2: Found / expecting a token name', loc = '/tmp/ig-builds/dk.ehealth.sundhed.fhir.ig.core#10.0.0-milestone/output/StructureDefinition-ehealth-d', err = 'The html source has duplicate anchor Ids: root'
Internal error in location for message: 'Error @1, 2: Found / expecting a token name', loc = '/tmp/ig-builds/dk.ehealth.sundhed.fhir.ig.core#10.0.0-milestone/output/StructureDefinition-ehealth-d', err = 'The html source has duplicate anchor Ids: root'
Internal error in location for message: 'Error @1, 2: Found / expecting a token name', loc = '/tmp/ig-builds/dk.ehealth.sundhed.fhir.ig.core#10.0.0-milestone/output/StructureDefinition-ehealth-e', err = 'The html source has duplicate anchor Ids: root'
Internal error in location for message: 'Error @1, 2: Found / expecting a token name', loc = '/tmp/ig-builds/dk.ehealth.sundhed.fhir.ig.core#10.0.0-milestone/output/StructureDefinition-ehealth-e', err = 'The html source has duplicate anchor Ids: root'
Internal error in location for message: 'Error @1, 2: Found / expecting a token name', loc = '/tmp/ig-builds/dk.ehealth.sundhed.fhir.ig.core#10.0.0-milestone/output/StructureDefinition-ehealth-g', err = 'The html source has duplicate anchor Ids: root'
Internal error in location for message: 'Error @1, 2: Found / expecting a token name', loc = '/tmp/ig-builds/dk.ehealth.sundhed.fhir.ig.core#10.0.0-milestone/output/StructureDefinition-ehealth-g', err = 'The html source has duplicate anchor Ids: root'
Internal error in location for message: 'Error @1, 2: Found / expecting a token name', loc = '/tmp/ig-builds/dk.ehealth.sundhed.fhir.ig.core#10.0.0-milestone/output/StructureDefinition-ehealth-g', err = 'The html source has duplicate anchor Ids: root'
Internal error in location for message: 'Error @1, 2: Found / expecting a token name', loc = '/tmp/ig-builds/dk.ehealth.sundhed.fhir.ig.core#10.0.0-milestone/output/StructureDefinition-ehealth-g', err = 'The html source has duplicate anchor Ids: root'
Internal error in location for message: 'Error @1, 2: Found / expecting a token name', loc = '/tmp/ig-builds/dk.ehealth.sundhed.fhir.ig.core#10.0.0-milestone/output/StructureDefinition-ehealth-l', err = 'The html source has duplicate anchor Ids: root'
Internal error in location for message: 'Error @1, 2: Found / expecting a token name', loc = '/tmp/ig-builds/dk.ehealth.sundhed.fhir.ig.core#10.0.0-milestone/output/StructureDefinition-ehealth-m', err = 'The html source has duplicate anchor Ids: root'
Internal error in location for message: 'Error @1, 2: Found / expecting a token name', loc = '/tmp/ig-builds/dk.ehealth.sundhed.fhir.ig.core#10.0.0-milestone/output/StructureDefinition-ehealth-m', err = 'The html source has duplicate anchor Ids: root'
Internal error in location for message: 'Error @1, 2: Found / expecting a token name', loc = '/tmp/ig-builds/dk.ehealth.sundhed.fhir.ig.core#10.0.0-milestone/output/StructureDefinition-ehealth-m', err = 'The html source has duplicate anchor Ids: root'
Internal error in location for message: 'Error @1, 2: Found / expecting a token name', loc = '/tmp/ig-builds/dk.ehealth.sundhed.fhir.ig.core#10.0.0-milestone/output/StructureDefinition-ehealth-o', err = 'The html source has duplicate anchor Ids: root'
Internal error in location for message: 'Error @1, 2: Found / expecting a token name', loc = '/tmp/ig-builds/dk.ehealth.sundhed.fhir.ig.core#10.0.0-milestone/output/StructureDefinition-ehealth-o', err = 'The html source has duplicate anchor Ids: root'
Internal error in location for message: 'Error @1, 2: Found / expecting a token name', loc = '/tmp/ig-builds/dk.ehealth.sundhed.fhir.ig.core#10.0.0-milestone/output/StructureDefinition-ehealth-o', err = 'The html source has duplicate anchor Ids: root'
Internal error in location for message: 'Error @1, 2: Found / expecting a token name', loc = '/tmp/ig-builds/dk.ehealth.sundhed.fhir.ig.core#10.0.0-milestone/output/StructureDefinition-ehealth-p', err = 'The html source has duplicate anchor Ids: root'
Internal error in location for message: 'Error @1, 2: Found / expecting a token name', loc = '/tmp/ig-builds/dk.ehealth.sundhed.fhir.ig.core#10.0.0-milestone/output/StructureDefinition-ehealth-p', err = 'The html source has duplicate anchor Ids: root'
Internal error in location for message: 'Error @1, 2: Found / expecting a token name', loc = '/tmp/ig-builds/dk.ehealth.sundhed.fhir.ig.core#10.0.0-milestone/output/StructureDefinition-ehealth-p', err = 'The html source has duplicate anchor Ids: root'
Internal error in location for message: 'Error @1, 2: Found / expecting a token name', loc = '/tmp/ig-builds/dk.ehealth.sundhed.fhir.ig.core#10.0.0-milestone/output/StructureDefinition-ehealth-p', err = 'The html source has duplicate anchor Ids: root'
Internal error in location for message: 'Error @1, 2: Found / expecting a token name', loc = '/tmp/ig-builds/dk.ehealth.sundhed.fhir.ig.core#10.0.0-milestone/output/StructureDefinition-ehealth-p', err = 'The html source has duplicate anchor Ids: root'
Internal error in location for message: 'Error @1, 2: Found / expecting a token name', loc = '/tmp/ig-builds/dk.ehealth.sundhed.fhir.ig.core#10.0.0-milestone/output/StructureDefinition-ehealth-q', err = 'The html source has duplicate anchor Ids: root'
Internal error in location for message: 'Error @1, 2: Found / expecting a token name', loc = '/tmp/ig-builds/dk.ehealth.sundhed.fhir.ig.core#10.0.0-milestone/output/StructureDefinition-ehealth-q', err = 'The html source has duplicate anchor Ids: root'
Internal error in location for message: 'Error @1, 2: Found / expecting a token name', loc = '/tmp/ig-builds/dk.ehealth.sundhed.fhir.ig.core#10.0.0-milestone/output/StructureDefinition-ehealth-q', err = 'The html source has duplicate anchor Ids: root'
Internal error in location for message: 'Error @1, 2: Found / expecting a token name', loc = '/tmp/ig-builds/dk.ehealth.sundhed.fhir.ig.core#10.0.0-milestone/output/StructureDefinition-ehealth-r', err = 'The html source has duplicate anchor Ids: root'
Internal error in location for message: 'Error @1, 2: Found / expecting a token name', loc = '/tmp/ig-builds/dk.ehealth.sundhed.fhir.ig.core#10.0.0-milestone/output/StructureDefinition-ehealth-s', err = 'The html source has duplicate anchor Ids: root'
Internal error in location for message: 'Error @1, 2: Found / expecting a token name', loc = '/tmp/ig-builds/dk.ehealth.sundhed.fhir.ig.core#10.0.0-milestone/output/StructureDefinition-ehealth-s', err = 'The html source has duplicate anchor Ids: root'
Internal error in location for message: 'Error @1, 2: Found / expecting a token name', loc = '/tmp/ig-builds/dk.ehealth.sundhed.fhir.ig.core#10.0.0-milestone/output/StructureDefinition-ehealth-t', err = 'The html source has duplicate anchor Ids: root'
Internal error in location for message: 'Error @1, 2: Found / expecting a token name', loc = '/tmp/ig-builds/dk.ehealth.sundhed.fhir.ig.core#10.0.0-milestone/output/StructureDefinition-ehealth-t', err = 'The html source has duplicate anchor Ids: root'
Internal error in location for message: 'Error @1, 2: Found / expecting a token name', loc = '/tmp/ig-builds/dk.ehealth.sundhed.fhir.ig.core#10.0.0-milestone/output/StructureDefinition-ehealth-v', err = 'The html source has duplicate anchor Ids: root'
Internal error in location for message: 'Error @1, 2: Found / expecting a token name', loc = '/tmp/ig-builds/dk.ehealth.sundhed.fhir.ig.core#10.0.0-milestone/output/StructureDefinition-ehealth-v', err = 'The html source has duplicate anchor Ids: root'
Internal error in location for message: 'Error @1, 2: Found / expecting a token name', loc = '/tmp/ig-builds/dk.ehealth.sundhed.fhir.ig.core#10.0.0-milestone/output/error-messages.html', err = 'Illegal HTML: illegal html element: DocumentEntry.uniqueId (__)'
Internal error in location for message: 'Error @1, 2: Found / expecting a token name', loc = '/tmp/ig-builds/dk.ehealth.sundhed.fhir.ig.core#10.0.0-milestone/output/systematic-error-messages.htm', err = 'Illegal HTML: illegal html element: DocumentEntry.uniqueId (__)'
Validation output in /tmp/ig-builds/dk.ehealth.sundhed.fhir.ig.core#10.0.0-milestone/output/qa.html
Errors: 2381, Warnings: 1930, Info: 1176, Broken Links: 1216 (00:01.691 / 06:44.276, 2Gb)
Finished @ 06.08.2026 13.36. Max Memory Used = 3Gb. Log file saved in /tmp/fhir-ig-publisher-tmp.log (00:00.138 / 06:44.415, 2Gb)
Keep a copy of the build directory at /tmp/web-root/run-20260806/ig-build-zips/dk.ehealth.sundhed.fhir.ig.core#10.0.0.zip

ok. All checks passed. Publish v10.0.0 to /tmp/web-root/run-20260806/fhir/10.0.0
Copy the IG to /tmp/web-root/run-20260806/fhir/10.0.0
Update /tmp/web-root/run-20260806/fhir/package-list.json
Publish Box Statement: This page is part of the FUT Infrastructure (v10.0.0: Release) based on <a data-no-external="true" href="http://hl7.org/fhir/R4">FHIR (HL7® FHIR® Standard) R4</a>. This is the current published version in its permanent home (it will always be available at this URL).  For a full list of available versions, see the <a data-no-external="true" href="http://ehealth.sundhed.dk/fhir/history.html">Directory of published versions</a>
  .. 4648 files checked, 4648 updated
  .. 689 redirections (689 created/updated)
This is a milestone release - publish v10.0.0 to /tmp/web-root/run-20260806/fhir
Update publish box for version 9.0.1 @ http://ehealth.sundhed.dk/fhir/9.0.1
Publish Box Statement: This page is part of the FUT Infrastructure (v9.0.1: Release) based on <a data-no-external="true" href="http://hl7.org/fhir/R4">FHIR (HL7® FHIR® Standard) R4</a>. The current version which supersedes this version is <a data-no-external="true" href="http://ehealth.sundhed.dk/fhir{{fn}}">10.0.0</a>.  For a full list of available versions, see the <a data-no-external="true" href="http://ehealth.sundhed.dk/fhir/history.html">Directory of published versions</a>
  .. 4350 files checked, 4350 updated
Building download for /tmp/web-root/run-20260806/fhir/9.0.1 url = http://ehealth.sundhed.dk/fhir/9.0.1, canonical = http://ehealth.sundhed.dk/fhir
  ................................................................................
  ................................................................................
  ................................................................................
  ................................................................................
  ................................................................................
  ................................................................................
  ................................................................................
  ...................
 ..Finished
Update publish box for version 9.0.0 @ http://ehealth.sundhed.dk/fhir/9.0.0
Publish Box Statement: This page is part of the FUT Infrastructure (v9.0.0: Release) based on <a data-no-external="true" href="http://hl7.org/fhir/R4">FHIR (HL7® FHIR® Standard) R4</a>. The current version which supersedes this version is <a data-no-external="true" href="http://ehealth.sundhed.dk/fhir{{fn}}">10.0.0</a>.  For a full list of available versions, see the <a data-no-external="true" href="http://ehealth.sundhed.dk/fhir/history.html">Directory of published versions</a>
  .. 4356 files checked, 4356 updated
Building download for /tmp/web-root/run-20260806/fhir/9.0.0 url = http://ehealth.sundhed.dk/fhir/9.0.0, canonical = http://ehealth.sundhed.dk/fhir
  ................................................................................
  ................................................................................
  ................................................................................
  ................................................................................
  ................................................................................
  ................................................................................
  ................................................................................
  ..............
 ..Finished
Update publish box for version 8.0.1 @ http://ehealth.sundhed.dk/fhir/8.0.1
Publish Box Statement: This page is part of the FUT Infrastructure (v8.0.1: Release) based on <a data-no-external="true" href="http://hl7.org/fhir/R4">FHIR (HL7® FHIR® Standard) R4</a>. The current version which supersedes this version is <a data-no-external="true" href="http://ehealth.sundhed.dk/fhir{{fn}}">10.0.0</a>.  For a full list of available versions, see the <a data-no-external="true" href="http://ehealth.sundhed.dk/fhir/history.html">Directory of published versions</a>
  .. 4190 files checked, 4190 updated
Building download for /tmp/web-root/run-20260806/fhir/8.0.1 url = http://ehealth.sundhed.dk/fhir/8.0.1, canonical = http://ehealth.sundhed.dk/fhir
  ................................................................................
  ................................................................................
  ................................................................................
  ................................................................................
  ................................................................................
  ................................................................................
  ..........................................................................
 ..Finished
Update publish box for version 8.0.0 @ http://ehealth.sundhed.dk/fhir/8.0.0
Publish Box Statement: This page is part of the FUT Infrastructure (v8.0.0: Release) based on <a data-no-external="true" href="http://hl7.org/fhir/R4">FHIR (HL7® FHIR® Standard) R4</a>. The current version which supersedes this version is <a data-no-external="true" href="http://ehealth.sundhed.dk/fhir{{fn}}">10.0.0</a>.  For a full list of available versions, see the <a data-no-external="true" href="http://ehealth.sundhed.dk/fhir/history.html">Directory of published versions</a>
  .. 4190 files checked, 4190 updated
Building download for /tmp/web-root/run-20260806/fhir/8.0.0 url = http://ehealth.sundhed.dk/fhir/8.0.0, canonical = http://ehealth.sundhed.dk/fhir
  ................................................................................
  ................................................................................
  ................................................................................
  ................................................................................
  ................................................................................
  ................................................................................
  ......................................................................
 ..Finished
Update publish box for version 7.0.8 @ http://ehealth.sundhed.dk/fhir/7.0.8
Publish Box Statement: This page is part of the FUT Infrastructure (v7.0.8: Release) based on <a data-no-external="true" href="http://hl7.org/fhir/R4">FHIR (HL7® FHIR® Standard) R4</a>. The current version which supersedes this version is <a data-no-external="true" href="http://ehealth.sundhed.dk/fhir{{fn}}">10.0.0</a>.  For a full list of available versions, see the <a data-no-external="true" href="http://ehealth.sundhed.dk/fhir/history.html">Directory of published versions</a>
  .. 3954 files checked, 3954 updated
Building download for /tmp/web-root/run-20260806/fhir/7.0.8 url = http://ehealth.sundhed.dk/fhir/7.0.8, canonical = http://ehealth.sundhed.dk/fhir
  ................................................................................
  ................................................................................
  ................................................................................
  ................................................................................
  ................................................................................
  ................................................................................
  ...........................................
 ..Finished
Update publish box for version 6.0.2 @ http://ehealth.sundhed.dk/fhir/6.0.2
Publish Box Statement: This page is part of the FUT Infrastructure (v6.0.2: Release) based on <a data-no-external="true" href="http://hl7.org/fhir/R4">FHIR (HL7® FHIR® Standard) R4</a>. The current version which supersedes this version is <a data-no-external="true" href="http://ehealth.sundhed.dk/fhir{{fn}}">10.0.0</a>.  For a full list of available versions, see the <a data-no-external="true" href="http://ehealth.sundhed.dk/fhir/history.html">Directory of published versions</a>
  .. 3948 files checked, 3948 updated
Building download for /tmp/web-root/run-20260806/fhir/6.0.2 url = http://ehealth.sundhed.dk/fhir/6.0.2, canonical = http://ehealth.sundhed.dk/fhir
  ................................................................................
  ................................................................................
  ................................................................................
  ................................................................................
  ................................................................................
  ................................................................................
  ..........................................
 ..Finished
Update publish box for version 6.0.1 @ http://ehealth.sundhed.dk/fhir/6.0.1
Publish Box Statement: This page is part of the FUT Infrastructure (v6.0.1: Release) based on <a data-no-external="true" href="http://hl7.org/fhir/R4">FHIR (HL7® FHIR® Standard) R4</a>. The current version which supersedes this version is <a data-no-external="true" href="http://ehealth.sundhed.dk/fhir{{fn}}">10.0.0</a>.  For a full list of available versions, see the <a data-no-external="true" href="http://ehealth.sundhed.dk/fhir/history.html">Directory of published versions</a>
  .. 3947 files checked, 3947 updated
Building download for /tmp/web-root/run-20260806/fhir/6.0.1 url = http://ehealth.sundhed.dk/fhir/6.0.1, canonical = http://ehealth.sundhed.dk/fhir
  ................................................................................
  ................................................................................
  ................................................................................
  ................................................................................
  ................................................................................
  ................................................................................
  ...................................................
 ..Finished
Update publish box for version 6.0.0 @ http://ehealth.sundhed.dk/fhir/6.0.0
Publish Box Statement: This page is part of the FUT Infrastructure (v6.0.0: Release) based on <a data-no-external="true" href="http://hl7.org/fhir/R4">FHIR (HL7® FHIR® Standard) R4</a>. The current version which supersedes this version is <a data-no-external="true" href="http://ehealth.sundhed.dk/fhir{{fn}}">10.0.0</a>.  For a full list of available versions, see the <a data-no-external="true" href="http://ehealth.sundhed.dk/fhir/history.html">Directory of published versions</a>
  .. 3944 files checked, 3944 updated
Building download for /tmp/web-root/run-20260806/fhir/6.0.0 url = http://ehealth.sundhed.dk/fhir/6.0.0, canonical = http://ehealth.sundhed.dk/fhir
  ................................................................................
  ................................................................................
  ................................................................................
  ................................................................................
  ................................................................................
  ................................................................................
  ..............................................................
 ..Finished
Update publish box for version 5.0.1 @ http://ehealth.sundhed.dk/fhir/5.0.1
Publish Box Statement: This page is part of the FUT Infrastructure (v5.0.1: Release) based on <a data-no-external="true" href="http://hl7.org/fhir/R4">FHIR (HL7® FHIR® Standard) R4</a>. The current version which supersedes this version is <a data-no-external="true" href="http://ehealth.sundhed.dk/fhir{{fn}}">10.0.0</a>.  For a full list of available versions, see the <a data-no-external="true" href="http://ehealth.sundhed.dk/fhir/history.html">Directory of published versions</a>
  .. 3853 files checked, 3853 updated
Building download for /tmp/web-root/run-20260806/fhir/5.0.1 url = http://ehealth.sundhed.dk/fhir/5.0.1, canonical = http://ehealth.sundhed.dk/fhir
  ................................................................................
  ................................................................................
  ................................................................................
  ................................................................................
  ................................................................................
  ................................................................................
  .............................
 ..Finished
Update publish box for version 5.0.0 @ http://ehealth.sundhed.dk/fhir/5.0.0
Publish Box Statement: This page is part of the FUT Infrastructure (v5.0.0: Release) based on <a data-no-external="true" href="http://hl7.org/fhir/R4">FHIR (HL7® FHIR® Standard) R4</a>. The current version which supersedes this version is <a data-no-external="true" href="http://ehealth.sundhed.dk/fhir{{fn}}">10.0.0</a>.  For a full list of available versions, see the <a data-no-external="true" href="http://ehealth.sundhed.dk/fhir/history.html">Directory of published versions</a>
  .. 3853 files checked, 3853 updated
Building download for /tmp/web-root/run-20260806/fhir/5.0.0 url = http://ehealth.sundhed.dk/fhir/5.0.0, canonical = http://ehealth.sundhed.dk/fhir
  ................................................................................
  ................................................................................
  ................................................................................
  ................................................................................
  ................................................................................
  ................................................................................
  .............................
 ..Finished
Update publish box for version 4.0.1 @ http://ehealth.sundhed.dk/fhir/4.0.1
Publish Box Statement: This page is part of the FUT Infrastructure (v4.0.1: Release) based on <a data-no-external="true" href="http://hl7.org/fhir/R4">FHIR (HL7® FHIR® Standard) R4</a>. The current version which supersedes this version is <a data-no-external="true" href="http://ehealth.sundhed.dk/fhir{{fn}}">10.0.0</a>.  For a full list of available versions, see the <a data-no-external="true" href="http://ehealth.sundhed.dk/fhir/history.html">Directory of published versions</a>
  .. 3853 files checked, 3853 updated
Building download for /tmp/web-root/run-20260806/fhir/4.0.1 url = http://ehealth.sundhed.dk/fhir/4.0.1, canonical = http://ehealth.sundhed.dk/fhir
  ................................................................................
  ................................................................................
  ................................................................................
  ................................................................................
  ................................................................................
  ................................................................................
  .............................
 ..Finished
Update publish box for version 4.0.0 @ http://ehealth.sundhed.dk/fhir/4.0.0
Publish Box Statement: This page is part of the FUT Infrastructure (v4.0.0: Release) based on <a data-no-external="true" href="http://hl7.org/fhir/R4">FHIR (HL7® FHIR® Standard) R4</a>. The current version which supersedes this version is <a data-no-external="true" href="http://ehealth.sundhed.dk/fhir{{fn}}">10.0.0</a>.  For a full list of available versions, see the <a data-no-external="true" href="http://ehealth.sundhed.dk/fhir/history.html">Directory of published versions</a>
  .. 3853 files checked, 3853 updated
Building download for /tmp/web-root/run-20260806/fhir/4.0.0 url = http://ehealth.sundhed.dk/fhir/4.0.0, canonical = http://ehealth.sundhed.dk/fhir
  ................................................................................
  ................................................................................
  ................................................................................
  ................................................................................
  ................................................................................
  ................................................................................
  ............................
 ..Finished
Update publish box for version 3.5.1 @ http://ehealth.sundhed.dk/fhir/3.5.1
Publish Box Statement: This page is part of the FUT Infrastructure (v3.5.1: Release) based on <a data-no-external="true" href="http://hl7.org/fhir/R4">FHIR (HL7® FHIR® Standard) R4</a>. The current version which supersedes this version is <a data-no-external="true" href="http://ehealth.sundhed.dk/fhir{{fn}}">10.0.0</a>.  For a full list of available versions, see the <a data-no-external="true" href="http://ehealth.sundhed.dk/fhir/history.html">Directory of published versions</a>
  .. 3795 files checked, 3795 updated
Building download for /tmp/web-root/run-20260806/fhir/3.5.1 url = http://ehealth.sundhed.dk/fhir/3.5.1, canonical = http://ehealth.sundhed.dk/fhir
  ................................................................................
  ................................................................................
  ................................................................................
  ................................................................................
  ................................................................................
  ................................................................................
  ............................
 ..Finished
Update publish box for version 3.5.0 @ http://ehealth.sundhed.dk/fhir/3.5.0
Publish Box Statement: This page is part of the FUT Infrastructure (v3.5.0: Release) based on <a data-no-external="true" href="http://hl7.org/fhir/R4">FHIR (HL7® FHIR® Standard) R4</a>. The current version which supersedes this version is <a data-no-external="true" href="http://ehealth.sundhed.dk/fhir{{fn}}">10.0.0</a>.  For a full list of available versions, see the <a data-no-external="true" href="http://ehealth.sundhed.dk/fhir/history.html">Directory of published versions</a>
  .. 3795 files checked, 3795 updated
Building download for /tmp/web-root/run-20260806/fhir/3.5.0 url = http://ehealth.sundhed.dk/fhir/3.5.0, canonical = http://ehealth.sundhed.dk/fhir
  ................................................................................
  ................................................................................
  ................................................................................
  ................................................................................
  ................................................................................
  ................................................................................
  ...........................
 ..Finished
Update publish box for version 3.4.1 @ http://ehealth.sundhed.dk/fhir/3.4.1
Publish Box Statement: This page is part of the FUT Infrastructure (v3.4.1: Release) based on <a data-no-external="true" href="http://hl7.org/fhir/R4">FHIR (HL7® FHIR® Standard) R4</a>. The current version which supersedes this version is <a data-no-external="true" href="http://ehealth.sundhed.dk/fhir{{fn}}">10.0.0</a>.  For a full list of available versions, see the <a data-no-external="true" href="http://ehealth.sundhed.dk/fhir/history.html">Directory of published versions</a>
  .. 3788 files checked, 3788 updated
Building download for /tmp/web-root/run-20260806/fhir/3.4.1 url = http://ehealth.sundhed.dk/fhir/3.4.1, canonical = http://ehealth.sundhed.dk/fhir
  ................................................................................
  ................................................................................
  ................................................................................
  ................................................................................
  ................................................................................
  ................................................................................
  ...........................
 ..Finished
Update publish box for version 3.4.0 @ http://ehealth.sundhed.dk/fhir/3.4.0
Publish Box Statement: This page is part of the FUT Infrastructure (v3.4.0: Release) based on <a data-no-external="true" href="http://hl7.org/fhir/R4">FHIR (HL7® FHIR® Standard) R4</a>. The current version which supersedes this version is <a data-no-external="true" href="http://ehealth.sundhed.dk/fhir{{fn}}">10.0.0</a>.  For a full list of available versions, see the <a data-no-external="true" href="http://ehealth.sundhed.dk/fhir/history.html">Directory of published versions</a>
  .. 3782 files checked, 3782 updated
Building download for /tmp/web-root/run-20260806/fhir/3.4.0 url = http://ehealth.sundhed.dk/fhir/3.4.0, canonical = http://ehealth.sundhed.dk/fhir
  ................................................................................
  ................................................................................
  ................................................................................
  ................................................................................
  ................................................................................
  ................................................................................
  .....................
 ..Finished
Update publish box for version 3.3.0 @ http://ehealth.sundhed.dk/fhir/3.3.0
Publish Box Statement: This page is part of the FUT Infrastructure (v3.3.0: Release) based on <a data-no-external="true" href="http://hl7.org/fhir/R4">FHIR (HL7® FHIR® Standard) R4</a>. The current version which supersedes this version is <a data-no-external="true" href="http://ehealth.sundhed.dk/fhir{{fn}}">10.0.0</a>.  For a full list of available versions, see the <a data-no-external="true" href="http://ehealth.sundhed.dk/fhir/history.html">Directory of published versions</a>
  .. 3585 files checked, 3585 updated
Building download for /tmp/web-root/run-20260806/fhir/3.3.0 url = http://ehealth.sundhed.dk/fhir/3.3.0, canonical = http://ehealth.sundhed.dk/fhir
  ................................................................................
  ................................................................................
  ................................................................................
  ................................................................................
  ................................................................................
  ................................
 ..Finished
Update publish box for version 3.2.0 @ http://ehealth.sundhed.dk/fhir/3.2.0
Publish Box Statement: This page is part of the FUT Infrastructure (v3.2.0: Release) based on <a data-no-external="true" href="http://hl7.org/fhir/R4">FHIR (HL7® FHIR® Standard) R4</a>. The current version which supersedes this version is <a data-no-external="true" href="http://ehealth.sundhed.dk/fhir{{fn}}">10.0.0</a>.  For a full list of available versions, see the <a data-no-external="true" href="http://ehealth.sundhed.dk/fhir/history.html">Directory of published versions</a>
  .. 3543 files checked, 3543 updated
Building download for /tmp/web-root/run-20260806/fhir/3.2.0 url = http://ehealth.sundhed.dk/fhir/3.2.0, canonical = http://ehealth.sundhed.dk/fhir
  ................................................................................
  ................................................................................
  ................................................................................
  ................................................................................
  ................................................................................
  ...........................
 ..Finished
Update publish box for version 3.1.0 @ http://ehealth.sundhed.dk/fhir/3.1.0
Publish Box Statement: This page is part of the FUT Infrastructure (v3.1.0: Release) based on <a data-no-external="true" href="http://hl7.org/fhir/R4">FHIR (HL7® FHIR® Standard) R4</a>. The current version which supersedes this version is <a data-no-external="true" href="http://ehealth.sundhed.dk/fhir{{fn}}">10.0.0</a>.  For a full list of available versions, see the <a data-no-external="true" href="http://ehealth.sundhed.dk/fhir/history.html">Directory of published versions</a>
  .. 3429 files checked, 3429 updated
Building download for /tmp/web-root/run-20260806/fhir/3.1.0 url = http://ehealth.sundhed.dk/fhir/3.1.0, canonical = http://ehealth.sundhed.dk/fhir
  ................................................................................
  ................................................................................
  ................................................................................
  ................................................................................
  ........................
 ..Finished
Publish Box Statement: This page is part of the FUT Infrastructure (v10.0.0: Release) based on <a data-no-external="true" href="http://hl7.org/fhir/R4">FHIR (HL7® FHIR® Standard) R4</a>. This is the current published version.  For a full list of available versions, see the <a data-no-external="true" href="http://ehealth.sundhed.dk/fhir/history.html">Directory of published versions</a>
  .. 4648 files checked, 4648 updated
  .. 689 redirections (689 created/updated)
Check for Files to delete
  ... 0 files
Copy to new IG /tmp/web-root/run-20260806/fhir
Error in package-list.json:path to build.fhir.org should not use https://
dk.ehealth.sundhed.fhir.ig.core (http://ehealth.sundhed.dk/fhir): FUT Infrastructure @ http://build.fhir.org/ig/fut-infrastructure/implementation-guide
  edition: Releases 10.0.0/4.0.1 @ http://ehealth.sundhed.dk/fhir/10.0.0
Build is complete. Copy from /tmp/web-root/run-20260806
Update history page at /tmp/web-root/run-20260806/fhir from /__w/implementation-guide/implementation-guide/history and web/templates
